session_id,participant_id,total_clicks,session_duration_s,final_score,total_rewards,overall_reward_rate,overall_switch_rate,total_switches,mean_run_length,median_run_length,mean_ici_s,median_ici_s,choice_prop_a,choice_entropy,proportion_optimal,mean_regret,cumulative_regret,win_stay_rate,lose_shift_rate,phase1_clicks,phase1_choice_prop_a,phase1_reward_rate,phase1_switch_rate,phase1_mean_run_length,phase1_mean_ici_s,phase1_proportion_optimal,phase2_clicks,phase2_choice_prop_a,phase2_reward_rate,phase2_switch_rate,phase2_mean_run_length,phase2_mean_ici_s,phase2_proportion_optimal,phase3_clicks,phase3_choice_prop_a,phase3_reward_rate,phase3_switch_rate,phase3_mean_run_length,phase3_mean_ici_s,phase3_proportion_optimal,phase4_clicks,phase4_choice_prop_a,phase4_reward_rate,phase4_switch_rate,phase4_mean_run_length,phase4_mean_ici_s,phase4_proportion_optimal,adaptation_lag_phase2_s,adaptation_lag_phase3_s,adaptation_lag_phase4_s
S001,P001,1054,359.921,4390,439,0.41650853889943074,0.11859582542694497,125,6.166034155597723,5.0,0.3404962049335864,0.33,0.530360531309298,0.9973387206808634,0.476280834914611,0.19598662239089185,206.56990000000002,0.9544419134396356,0.17100977198697068,266,0.4924812030075188,0.5601503759398496,0.13157894736842105,5.7481203007518795,0.3332443609022556,0.48120300751879697,260,0.6538461538461539,0.47692307692307695,0.11153846153846154,6.3076923076923075,0.34630769230769226,0.5807692307692308,263,0.43346007604562736,0.5133079847908745,0.10266159695817491,7.1216730038022815,0.34282509505703423,0.532319391634981,265,0.5433962264150943,0.1169811320754717,0.12830188679245283,5.49811320754717,0.3397622641509434,0.3132075471698113,4.024,6.144,
S002,P002,583,359.303,5170,517,0.8867924528301887,0.10806174957118353,63,21.156089193825043,13.0,0.6144922813036021,0.534,0.5385934819897084,0.9956980583124986,0.3704974271012007,0.08171457975986278,47.6396,0.9400386847195358,0.49230769230769234,125,0.728,0.888,0.088,11.48,0.6989039999999999,0.336,164,0.9207317073170732,0.9695121951219512,0.042682926829268296,23.359756097560975,0.555359756097561,0.5853658536585366,172,0.0755813953488372,0.9302325581395349,0.01744186046511628,38.76744186046512,0.5238953488372093,0.0872093023255814,122,0.48360655737704916,0.7131147540983607,0.3442622950819672,3.278688524590164,0.7352213114754098,0.5163934426229508,8.034,11.224,
S003,P003,812,359.03,5800,580,0.7142857142857143,0.29310344827586204,238,3.9273399014778323,2.5,0.4397179802955666,0.383,0.5,1.0,0.5504926108374384,0.113743842364532,92.35999999999999,0.7927461139896373,0.5086206896551724,220,0.4954545454545455,0.8863636363636364,0.33181818181818185,2.5954545454545452,0.3997409090909091,0.5136363636363637,230,0.691304347826087,0.7478260869565218,0.23043478260869565,4.1521739130434785,0.39081739130434784,0.5695652173913044,226,0.3053097345132743,0.7300884955752213,0.20353982300884957,6.030973451327434,0.39802212389380526,0.5575221238938053,136,0.5073529411764706,0.35294117647058826,0.4852941176470588,2.2058823529411766,0.656375,0.5661764705882353,10.863,6.896,
S004,P004,1107,359.511,4120,412,0.3721770551038844,0.27822944896115626,308,4.407407407407407,3.0,0.32371364046973805,0.297,0.4832881662149955,0.9991940026021565,0.4878048780487805,0.1431720867208672,158.4915,0.7330097087378641,0.28530259365994237,268,0.458955223880597,0.4925373134328358,0.5261194029850746,2.6828358208955225,0.33088432835820897,0.4701492537313433,255,0.6313725490196078,0.5450980392156862,0.3411764705882353,3.756862745098039,0.3532235294117647,0.6313725490196078,286,0.3706293706293706,0.3706293706293706,0.0979020979020979,6.7027972027972025,0.3147097902097902,0.5559440559440559,298,0.4865771812080537,0.1174496644295302,0.174496644295302,4.3120805369127515,0.3006543624161074,0.31543624161073824,4.456,17.757,
S005,P005,971,359.971,5220,522,0.537590113285273,0.3223480947476828,313,5.06076210092688,3.0,0.3689979402677652,0.363,0.4984552008238929,0.9999931142811856,0.5005149330587023,0.164845623069001,160.06509999999997,0.6264367816091954,0.26339285714285715,222,0.4864864864864865,0.8603603603603603,0.5180180180180181,2.5225225225225225,0.39627477477477485,0.6261261261261262,232,0.6508620689655172,0.6422413793103449,0.4482758620689655,3.9956896551724137,0.3890560344827586,0.5948275862068966,255,0.36470588235294116,0.5686274509803921,0.2,7.203921568627451,0.35278039215686274,0.5333333333333333,262,0.5038167938931297,0.14122137404580154,0.16412213740458015,6.068702290076335,0.34390839694656494,0.2786259541984733,0.124,16.562,
S006,P006,292,359.413,2640,264,0.9041095890410958,0.11301369863013698,33,7.534246575342466,6.0,1.2255376712328767,0.717,0.5924657534246576,0.9751875821170082,0.4589041095890411,0.08502945205479452,24.8286,0.9315589353612167,0.5357142857142857,120,0.7333333333333333,0.95,0.10833333333333334,9.508333333333333,0.7366916666666667,0.4583333333333333,11,0.9090909090909091,0.9090909090909091,0.09090909090909091,5.2727272727272725,1.4076363636363636,0.9090909090909091,83,0.43373493975903615,0.9156626506024096,0.10843373493975904,6.409638554216867,1.9807831325301204,0.46987951807228917,78,0.5,0.8205128205128205,0.1282051282051282,6.012820512820513,1.1482692307692308,0.38461538461538464,0.698,55.301,
S007,P007,1176,359.898,3610,361,0.30697278911564624,0.11224489795918367,132,6.773809523809524,6.0,0.3049668367346939,0.248,0.5399659863945578,0.9953863036764091,0.4370748299319728,0.16686802721088437,196.23680000000002,0.889196675900277,0.11302211302211303,237,0.540084388185654,0.540084388185654,0.1940928270042194,4.962025316455696,0.37422784810126575,0.5232067510548524,301,0.6179401993355482,0.33222591362126247,0.10631229235880399,6.5083056478405314,0.29896013289036544,0.5083056478405316,322,0.43478260869565216,0.2981366459627329,0.09006211180124224,7.192546583850931,0.27906521739130435,0.5,316,0.5727848101265823,0.11708860759493671,0.07911392405063292,7.958860759493671,0.28513607594936713,0.24050632911392406,5.041,7.07,
S008,P008,976,359.778,5000,500,0.5122950819672131,0.22848360655737704,223,4.411885245901639,3.0,0.3672438524590164,0.344,0.49385245901639346,0.9998909518398613,0.5225409836065574,0.16891116803278688,164.8573,0.82,0.28,254,0.42913385826771655,0.6692913385826772,0.2440944881889764,5.1141732283464565,0.34864173228346457,0.48031496062992124,242,0.6528925619834711,0.628099173553719,0.1652892561983471,4.75206611570248,0.3715702479338844,0.5950413223140496,245,0.3877551020408163,0.6122448979591837,0.1836734693877551,4.742857142857143,0.3673632653061225,0.5877551020408164,235,0.5106382978723404,0.11914893617021277,0.32340425531914896,2.9574468085106385,0.3827702127659574,0.425531914893617,1.269,16.196,
S009,P009,1034,359.942,4770,477,0.46131528046421666,0.28239845261121854,292,3.876208897485493,3.0,0.3469709864603482,0.2845,0.4787234042553192,0.998693408098057,0.511605415860735,0.13117620889748546,135.63619999999997,0.8155136268343816,0.3669064748201439,229,0.4410480349344978,0.7379912663755459,0.2183406113537118,4.414847161572053,0.3863930131004366,0.4366812227074236,245,0.6775510204081633,0.5795918367346938,0.2530612244897959,3.6979591836734693,0.3608816326530612,0.6448979591836734,278,0.35251798561151076,0.5071942446043165,0.23381294964028776,5.33453237410072,0.3298165467625899,0.5359712230215827,282,0.46099290780141844,0.08865248226950355,0.4078014184397163,2.1560283687943262,0.3197836879432624,0.4326241134751773,4.174,3.031,
S010,P010,873,359.989,4710,471,0.5395189003436426,0.10882016036655212,95,6.981672394043528,5.0,0.4103344788087056,0.353,0.5097365406643757,0.9997264470834905,0.45933562428407787,0.2173056128293242,189.70780000000002,0.9574468085106383,0.1865671641791045,230,0.5130434782608696,0.5826086956521739,0.09130434782608696,6.782608695652174,0.3814869565217391,0.4391304347826087,212,0.6037735849056604,0.6226415094339622,0.09905660377358491,7.665094339622642,0.4262924528301887,0.5235849056603774,205,0.33658536585365856,0.7609756097560976,0.12195121951219512,5.517073170731707,0.4377609756097561,0.5609756097560976,226,0.5752212389380531,0.2168141592920354,0.12389380530973451,7.871681415929204,0.3998451327433628,0.3274336283185841,6.548,8.911,
S011,P011,1015,359.984,4310,431,0.4246305418719212,0.09064039408866995,92,7.473891625615764,6.0,0.353879802955665,0.337,0.4916256157635468,0.9997976372334331,0.45123152709359604,0.21668226600985221,219.9325,0.974477958236659,0.13893653516295026,255,0.5019607843137255,0.49411764705882355,0.06666666666666667,8.729411764705882,0.34938823529411767,0.42745098039215684,253,0.6403162055335968,0.5691699604743083,0.08300395256916997,7.865612648221344,0.3559288537549407,0.549407114624506,248,0.375,0.5362903225806451,0.07661290322580645,8.528225806451612,0.3618306451612904,0.5161290322580645,259,0.44787644787644787,0.10810810810810811,0.13513513513513514,4.845559845559846,0.3486872586872587,0.3166023166023166,3.508,6.944,
S012,P012,1017,359.78,4440,444,0.4365781710914454,0.11504424778761062,117,7.409046214355949,6.0,0.3526735496558505,0.249,0.46804326450344147,0.9970513351604614,0.408062930186824,0.23711691248770894,241.1479,0.9009009009009009,0.12762237762237763,204,0.5,0.7598039215686274,0.22549019607843138,4.102941176470588,0.43436764705882347,0.4803921568627451,272,0.5036764705882353,0.4117647058823529,0.06985294117647059,11.316176470588236,0.3296764705882353,0.39338235294117646,277,0.4007220216606498,0.5018050541516246,0.09025270758122744,7.4296028880866425,0.32693862815884484,0.48736462093862815,264,0.4772727272727273,0.14393939393939395,0.10227272727272728,5.916666666666667,0.34024242424242424,0.2840909090909091,0.035,7.224,
S013,P013,850,359.877,4450,445,0.5235294117647059,0.24705882352941178,210,8.792941176470588,5.0,0.4214717647058823,0.3355,0.46352941176470586,0.9961587212310236,0.4470588235294118,0.16424411764705885,139.60750000000002,0.6831460674157304,0.1707920792079208,225,0.4622222222222222,0.7777777777777778,0.5022222222222222,4.6755555555555555,0.3913733333333334,0.6177777777777778,269,0.5762081784386617,0.4684014869888476,0.20074349442379183,6.724907063197026,0.32960594795539033,0.5204460966542751,103,0.1650485436893204,0.9514563106796117,0.06796116504854369,25.97087378640777,0.8894368932038833,0.2621359223300971,253,0.466403162055336,0.18181818181818182,0.1422924901185771,7.660079051383399,0.35539920948616605,0.2924901185770751,7.09,13.89,
S014,P014,986,359.823,4420,442,0.4482758620689655,0.10344827586206896,102,6.9574036511156185,5.0,0.3640943204868154,0.3375,0.5040567951318459,0.9999525129214223,0.44929006085192696,0.22869797160243407,225.4962,0.9570135746606335,0.15285451197053407,236,0.4915254237288136,0.6652542372881356,0.11864406779661017,5.588983050847458,0.3769618644067797,0.4576271186440678,235,0.6212765957446809,0.5787234042553191,0.11063829787234042,6.527659574468085,0.3828680851063829,0.5531914893617021,270,0.4148148148148148,0.42592592592592593,0.07037037037037037,9.725925925925926,0.33344814814814816,0.45925925925925926,245,0.5020408163265306,0.13877551020408163,0.11836734693877551,5.636734693877551,0.367465306122449,0.3306122448979592,8.267,3.91,
S015,P015,1098,359.879,4030,403,0.3670309653916211,0.42349726775956287,465,2.6939890710382515,2.0,0.32724499089253195,0.339,0.49271402550091076,0.999846822421679,0.5491803278688525,0.15192622950819673,166.815,0.652605459057072,0.46829971181556196,295,0.5016949152542373,0.3389830508474576,0.6610169491525424,1.5016949152542374,0.3028237288135593,0.6067796610169491,278,0.5719424460431655,0.5287769784172662,0.38489208633093525,3.014388489208633,0.32394604316546766,0.5611510791366906,272,0.375,0.4742647058823529,0.25,4.158088235294118,0.33015808823529413,0.5992647058823529,253,0.5217391304347826,0.1067193675889328,0.37549407114624506,2.158102766798419,0.35621343873517786,0.4150197628458498,24.711,14.278,
S016,P016,1153,360.026,3330,333,0.2888117953165655,0.24024284475281873,277,3.432784041630529,3.0,0.3112810060711188,0.285,0.49696444058976585,0.9999734120608191,0.5091066782307025,0.0889137033824805,102.51750000000001,0.8858858858858859,0.29181929181929184,253,0.47035573122529645,0.5691699604743083,0.23715415019762845,3.4150197628458496,0.35073517786561265,0.5375494071146245,292,0.6472602739726028,0.3150684931506849,0.2191780821917808,3.7945205479452055,0.3085239726027397,0.6198630136986302,308,0.37662337662337664,0.25,0.21753246753246752,3.844155844155844,0.2917662337662338,0.5454545454545454,300,0.49666666666666665,0.06666666666666667,0.2866666666666667,2.6733333333333333,0.3007266666666667,0.34,6.688,6.142,
S017,P017,1025,359.553,5000,500,0.4878048780487805,0.25170731707317073,258,3.4682926829268292,3.0,0.3457219512195122,0.332,0.4878048780487805,0.9995708393473225,0.535609756097561,0.16155443902439023,165.5933,0.782,0.28435114503816794,228,0.49122807017543857,0.8070175438596491,0.31140350877192985,3.2982456140350878,0.3714824561403509,0.543859649122807,254,0.594488188976378,0.6220472440944882,0.27165354330708663,3.015748031496063,0.35446850393700785,0.5984251968503937,279,0.37992831541218636,0.4767025089605735,0.18996415770609318,3.6272401433691757,0.32248387096774195,0.6272401433691757,264,0.4962121212121212,0.0946969696969697,0.24621212121212122,3.882575757575758,0.33961742424242425,0.3712121212121212,23.025,12.284,
S018,P018,1016,359.974,4560,456,0.44881889763779526,0.11909448818897637,121,6.72244094488189,5.0,0.3536968503937008,0.351,0.49015748031496065,0.9997204592214384,0.45767716535433073,0.1775228346456693,180.3632,0.918859649122807,0.15026833631484796,230,0.49130434782608695,0.6782608695652174,0.1565217391304348,4.921739130434783,0.3856695652173913,0.45652173913043476,252,0.6706349206349206,0.5396825396825397,0.11507936507936507,6.5,0.358234126984127,0.5753968253968254,253,0.33992094861660077,0.5059288537549407,0.08695652173913043,8.778656126482213,0.3567588932806324,0.5296442687747036,281,0.4626334519572954,0.12811387900355872,0.12099644128113879,6.544483985765124,0.32070106761565836,0.28825622775800713,8.253,7.482,
S019,P019,956,359.774,5720,572,0.5983263598326359,0.4476987447698745,428,3.303347280334728,2.0,0.37546966527196646,0.336,0.49267782426778245,0.9998452964234804,0.5962343096234309,0.11171401673640168,106.79860000000001,0.5472027972027972,0.4412532637075718,253,0.4901185770750988,0.8695652173913043,0.7707509881422925,1.3280632411067195,0.352,0.6442687747035574,234,0.6452991452991453,0.688034188034188,0.3076923076923077,4.722222222222222,0.3835940170940171,0.6111111111111112,248,0.35080645161290325,0.6814516129032258,0.2701612903225806,4.286290322580645,0.363,0.6451612903225806,221,0.49321266968325794,0.09954751131221719,0.4253393665158371,2.9592760180995477,0.40772850678733025,0.47058823529411764,14.343,11.693,
S020,P020,683,359.681,4860,486,0.7115666178623719,0.2635431918008785,180,6.8345534407027815,4.0,0.5252796486090776,0.389,0.4465592972181552,0.9917438279491075,0.486090775988287,0.19511830161054175,133.2658,0.7030927835051546,0.18274111675126903,161,0.2981366459627329,0.8012422360248447,0.09937888198757763,10.540372670807454,0.5494782608695653,0.2236024844720497,212,0.5801886792452831,0.6273584905660378,0.13679245283018868,7.679245283018868,0.4262594339622641,0.49528301886792453,195,0.4,0.6,0.24615384615384617,6.138461538461539,0.4606871794871795,0.5435897435897435,115,0.48695652173913045,0.9304347826086956,0.7565217391304347,1.2695652173913043,0.7834695652173914,0.7391304347826086,16.292,17.342,
S021,P021,1027,359.668,4780,478,0.46543330087633883,0.27945472249269715,287,4.625121713729309,3.0,0.3492142161635833,0.315,0.5199610516066212,0.9988500292632153,0.5228821811100293,0.18141421616358328,186.31240000000003,0.7719665271966527,0.3248175182481752,247,0.5303643724696356,0.6558704453441295,0.2388663967611336,3.9635627530364372,0.3600040485829959,0.5101214574898786,260,0.6192307692307693,0.5769230769230769,0.2076923076923077,5.530769230769231,0.34551538461538456,0.5769230769230769,264,0.4090909090909091,0.5151515151515151,0.2765151515151515,5.242424242424242,0.34104924242424245,0.5303030303030303,256,0.5234375,0.1171875,0.39453125,3.70703125,0.35098046875,0.47265625,9.483,3.923,
S022,P022,876,359.966,5000,500,0.5707762557077626,0.6038812785388128,529,3.3447488584474887,1.0,0.4087785388127854,0.375,0.5102739726027398,0.9996954126191551,0.6015981735159818,0.14999589041095893,131.39640000000003,0.3066132264529058,0.4867021276595745,186,0.4946236559139785,0.9838709677419355,0.946236559139785,1.086021505376344,0.472994623655914,0.8870967741935484,216,0.6018518518518519,0.6435185185185185,0.6666666666666666,3.7453703703703702,0.4168055555555555,0.5416666666666666,235,0.4085106382978723,0.6127659574468085,0.4723404255319149,4.885106382978724,0.3827744680851064,0.5446808510638298,239,0.5397489539748954,0.14225941422594143,0.4100418410041841,3.225941422594142,0.3771171548117155,0.4895397489539749,28.785,15.526,
S023,P023,994,359.4,5080,508,0.5110663983903421,0.12977867203219315,129,5.498993963782696,4.0,0.36030382293762575,0.328,0.4969818913480885,0.9999737168803201,0.5160965794768612,0.15858692152917506,157.6354,0.9271653543307087,0.18969072164948453,245,0.5061224489795918,0.636734693877551,0.12653061224489795,5.318367346938776,0.3608122448979592,0.5020408163265306,245,0.6530612244897959,0.6693877551020408,0.1346938775510204,5.183673469387755,0.3682775510204082,0.6448979591836734,252,0.34523809523809523,0.5753968253968254,0.11904761904761904,5.904761904761905,0.35603174603174603,0.6071428571428571,252,0.4880952380952381,0.17063492063492064,0.1388888888888889,5.575396825396825,0.356329365079365,0.3134920634920635,3.598,9.815,
S024,P024,905,359.98,5270,527,0.5823204419889503,0.19889502762430938,180,4.148066298342542,3.0,0.3967138121546961,0.354,0.4850828729281768,0.99935784575519,0.5215469613259669,0.14665337016574587,132.7213,0.8368121442125237,0.2493368700265252,205,0.4878048780487805,0.9121951219512195,0.24878048780487805,2.707317073170732,0.4339707317073171,0.4634146341463415,223,0.6278026905829597,0.7040358744394619,0.18385650224215247,4.242152466367713,0.4033452914798206,0.6098654708520179,239,0.3723849372384937,0.6443514644351465,0.14644351464435146,5.100418410041841,0.37684518828451885,0.6276150627615062,238,0.46218487394957986,0.12184873949579832,0.22268907563025211,4.34453781512605,0.37836134453781517,0.38235294117647056,28.361,8.64,
S025,P025,1001,359.716,5150,515,0.5144855144855145,0.4275724275724276,428,2.2877122877122877,2.0,0.35877122877122875,0.354,0.46653346653346656,0.9967659202090546,0.5774225774225774,0.09674095904095904,96.8377,0.6815533980582524,0.5443298969072164,242,0.49586776859504134,0.8305785123966942,0.4214876033057851,2.0702479338842976,0.36839669421487603,0.5578512396694215,257,0.6342412451361867,0.6186770428015564,0.3735408560311284,2.642023346303502,0.35052140077821015,0.6342412451361867,258,0.313953488372093,0.47674418604651164,0.41472868217054265,2.441860465116279,0.3479612403100775,0.5968992248062015,244,0.42213114754098363,0.13114754098360656,0.5040983606557377,1.9672131147540983,0.369344262295082,0.5163934426229508,30.774,10.253,
S026,P026,350,327.303,2960,296,0.8457142857142858,0.06857142857142857,24,26.054285714285715,14.0,0.9322942857142857,0.609,0.5285714285714286,0.9976432959863937,0.4142857142857143,0.07747057142857143,27.114700000000003,0.9932432432432432,0.41509433962264153,127,0.6220472440944882,0.8267716535433071,0.07874015748031496,10.32283464566929,0.6974094488188978,0.4094488188976378,78,0.9230769230769231,0.9743589743589743,0.01282051282051282,34.5,1.152974358974359,0.7564102564102564,92,0.13043478260869565,0.9782608695652174,0.010869565217391304,45.45652173913044,0.9738804347826084,0.09782608695652174,53,0.41509433962264153,0.4716981132075472,0.22641509433962265,17.641509433962263,1.0981698113207545,0.4716981132075472,28.135,20.134,
S027,P027,1045,359.87,4250,425,0.40669856459330145,0.14641148325358852,153,5.6976076555023925,5.0,0.34325837320574165,0.328,0.507177033492823,0.9998513690015975,0.5186602870813397,0.16000478468899523,167.205,0.9176470588235294,0.19063004846526657,266,0.5225563909774437,0.5,0.13909774436090225,5.109022556390977,0.3335751879699248,0.5,268,0.6567164179104478,0.48134328358208955,0.12686567164179105,5.742537313432836,0.3357462686567164,0.6119402985074627,264,0.35984848484848486,0.49242424242424243,0.10227272727272728,6.8977272727272725,0.3405075757575758,0.5643939393939394,247,0.48582995951417,0.13360323886639677,0.22267206477732793,5.0,0.3647773279352228,0.38866396761133604,5.858,8.1,
S028,P028,1003,359.583,4560,456,0.4546360917248255,0.4675972083748754,469,2.6689930209371884,2.0,0.35793020937188436,0.352,0.5024925224327019,0.9999820739549017,0.6021934197407777,0.0920852442671984,92.36149999999999,0.47368421052631576,0.4194139194139194,219,0.5159817351598174,0.9269406392694064,0.7123287671232876,1.9589041095890412,0.4066255707762558,0.7031963470319634,263,0.6692015209125475,0.5133079847908745,0.5361216730038023,2.570342205323194,0.34244106463878327,0.6121673003802282,285,0.3719298245614035,0.3192982456140351,0.21754385964912282,3.7859649122807015,0.31611578947368424,0.5929824561403508,236,0.461864406779661,0.11440677966101695,0.4661016949152542,2.0889830508474576,0.3805,0.5084745762711864,9.033,11.495,
S029,P029,494,359.567,4660,466,0.9433198380566802,0.4797570850202429,237,1.9008097165991902,2.0,0.725,0.6475,0.4817813765182186,0.9990420743634416,0.5445344129554656,0.031918421052631575,15.7677,0.5321888412017167,0.7037037037037037,123,0.43902439024390244,0.991869918699187,0.3902439024390244,2.268292682926829,0.7172845528455286,0.3821138211382114,130,0.5153846153846153,0.9538461538461539,0.4230769230769231,2.0076923076923077,0.6910538461538461,0.5153846153846153,132,0.4696969696969697,0.9696969696969697,0.4621212121212121,1.6666666666666667,0.6820075757575758,0.5909090909090909,109,0.5045871559633027,0.8440366972477065,0.6697247706422018,1.6422018348623852,0.8262568807339451,0.7064220183486238,4.385,22.992,
S030,P030,1231,359.977,3120,312,0.25345247766043866,0.15190901705930138,187,4.948822095857027,4.0,0.29127457351746544,0.288,0.5142160844841592,0.9994167925619497,0.45491470349309504,0.13833419983753045,170.2894,0.9102564102564102,0.17320261437908496,301,0.53156146179402,0.37209302325581395,0.18272425249169436,5.953488372093023,0.2936810631229236,0.44518272425249167,309,0.6116504854368932,0.2783171521035599,0.1650485436893204,4.197411003236246,0.2914239482200647,0.5598705501618123,310,0.4032258064516129,0.2709677419354839,0.13548387096774195,4.84516129032258,0.28987419354838706,0.5548387096774193,311,0.5112540192926045,0.09646302250803858,0.12540192926045016,4.826366559485531,0.290192926045016,0.2604501607717042,5.977,7.945,
S031,P031,990,358.777,4610,461,0.46565656565656566,0.10202020202020202,101,8.16161616161616,6.0,0.36120505050505053,0.352,0.47878787878787876,0.9987013172132608,0.45454545454545453,0.23396919191919194,231.6295,0.9327548806941431,0.13257575757575757,245,0.46938775510204084,0.5428571428571428,0.10612244897959183,7.869387755102041,0.36137959183673474,0.39591836734693875,255,0.6470588235294118,0.5803921568627451,0.0784313725490196,9.549019607843137,0.35401176470588236,0.5372549019607843,249,0.3413654618473896,0.5542168674698795,0.09236947791164658,8.369477911646586,0.3601646586345382,0.5461847389558233,241,0.45228215767634855,0.17427385892116182,0.13278008298755187,6.775933609958506,0.3697136929460581,0.33195020746887965,0.057,5.979,
S032,P032,918,358.496,4400,440,0.4793028322440087,0.11546840958605664,106,7.76797385620915,6.0,0.3895119825708061,0.342,0.49455337690631807,0.9999144011814889,0.42810457516339867,0.240499128540305,220.7782,0.9204545454545454,0.1488469601677149,237,0.5232067510548524,0.6160337552742616,0.14767932489451477,6.481012658227848,0.3736075949367089,0.42616033755274263,222,0.6351351351351351,0.5855855855855856,0.09009009009009009,9.022522522522523,0.4065045045045045,0.49099099099099097,226,0.3938053097345133,0.5442477876106194,0.07079646017699115,9.70796460176991,0.3990309734513275,0.4646017699115044,233,0.4291845493562232,0.1759656652360515,0.15021459227467812,6.0,0.38026609442060083,0.33476394849785407,13.949,6.214,
S033,P033,1013,360.042,3790,379,0.3741362290227048,0.09970384995064166,101,7.496544916090819,6.0,0.35451727541954586,0.306,0.49950641658440276,0.9999992970479156,0.42744323790720634,0.21426683119447187,217.0523,0.9472295514511874,0.12796208530805686,162,0.5555555555555556,0.6111111111111112,0.08641975308641975,7.049382716049383,0.539283950617284,0.4506172839506173,274,0.583941605839416,0.46715328467153283,0.09124087591240876,7.072992700729927,0.3338941605839416,0.48175182481751827,291,0.3917525773195876,0.38144329896907214,0.10996563573883161,6.618556701030927,0.3094570446735395,0.5257731958762887,286,0.4965034965034965,0.14335664335664336,0.1048951048951049,9.048951048951048,0.315465034965035,0.26223776223776224,0.841,8.981,
S034,P034,895,360.005,5460,546,0.6100558659217877,0.22793296089385476,204,3.8201117318435753,3.0,0.40137988826815646,0.379,0.4994413407821229,0.999999099469217,0.5508379888268157,0.11759743016759776,105.24969999999999,0.8406593406593407,0.33620689655172414,213,0.49295774647887325,0.863849765258216,0.2535211267605634,3.0892018779342725,0.417093896713615,0.4647887323943662,230,0.6608695652173913,0.7695652173913043,0.1608695652173913,4.8478260869565215,0.3921782608695652,0.6391304347826087,233,0.34763948497854075,0.6437768240343348,0.15879828326180256,4.776824034334764,0.3870085836909871,0.6394849785407726,219,0.4977168949771689,0.1598173515981735,0.3470319634703196,2.4337899543378994,0.4110502283105023,0.4474885844748858,8.637,10.767,
S035,P035,1241,359.961,3900,390,0.314262691377921,0.09669621273166801,120,6.995165189363417,6.0,0.28905237711522963,0.238,0.492344883158743,0.9998309071865779,0.41659951651893634,0.21161450443190977,262.6136,0.9512820512820512,0.1188235294117647,284,0.5316901408450704,0.5035211267605634,0.09859154929577464,6.961267605633803,0.31214788732394366,0.4612676056338028,327,0.4923547400611621,0.3058103975535168,0.08256880733944955,7.510703363914373,0.27524159021406724,0.4617737003058104,322,0.4192546583850932,0.35093167701863354,0.08074534161490683,7.46583850931677,0.27862732919254657,0.48757763975155277,308,0.5324675324675324,0.11038961038961038,0.1266233766233766,5.987012987012987,0.2933181818181818,0.2532467532467532,5.978,5.023,
S036,P036,732,359.296,5480,548,0.7486338797814208,0.37158469945355194,272,3.9795081967213113,2.0,0.4892117486338798,0.408,0.49043715846994534,0.9997361209374863,0.575136612021858,0.10816448087431695,79.1764,0.7208029197080292,0.6502732240437158,191,0.5497382198952879,0.900523560209424,0.5026178010471204,3.2094240837696337,0.46402617801047125,0.6387434554973822,203,0.625615763546798,0.7783251231527094,0.3645320197044335,3.9753694581280787,0.4428128078817734,0.5862068965517241,212,0.3018867924528302,0.7830188679245284,0.16981132075471697,5.8915094339622645,0.423561320754717,0.5094339622641509,126,0.5,0.4126984126984127,0.5238095238095238,1.9365079365079365,0.7126031746031747,0.5714285714285714,9.646,7.294,
S037,P037,892,359.915,6160,616,0.6905829596412556,0.5100896860986547,455,2.9439461883408073,1.0,0.40289573991031397,0.3805,0.5067264573991032,0.9998694459264538,0.6031390134529148,0.08560470852017936,76.3594,0.5714285714285714,0.6945454545454546,231,0.5021645021645021,0.8181818181818182,0.5281385281385281,2.6406926406926408,0.38465367965367964,0.5151515151515151,238,0.7058823529411765,0.8445378151260504,0.41596638655462187,3.7941176470588234,0.37990336134453784,0.6428571428571429,225,0.30666666666666664,0.8133333333333334,0.4444444444444444,3.6266666666666665,0.3998755555555556,0.6088888888888889,198,0.5,0.21717171717171718,0.6767676767676768,1.5,0.4552474747474748,0.6515151515151515,6.369,12.657,
S038,P038,1177,359.971,4410,441,0.3746813933729822,0.08411214953271028,99,8.08071367884452,7.0,0.3050569243840272,0.251,0.4842820730671198,0.9992870376154209,0.39932030586236195,0.22332056074766354,262.8483,0.9569160997732427,0.10884353741496598,248,0.46774193548387094,0.6370967741935484,0.11693548387096774,6.471774193548387,0.35782661290322587,0.4637096774193548,298,0.5906040268456376,0.4228187919463087,0.08389261744966443,7.2114093959731544,0.30296644295302017,0.4899328859060403,310,0.3967741935483871,0.36451612903225805,0.06774193548387097,9.374193548387098,0.2896741935483871,0.42258064516129035,321,0.48286604361370716,0.13707165109034267,0.07476635514018691,8.881619937694705,0.2810841121495327,0.24299065420560748,4.07,9.51,
S039,P039,918,359.781,5210,521,0.5675381263616558,0.27342047930283225,251,4.4411764705882355,3.0,0.3910021786492375,0.3645,0.5130718954248366,0.9995069043761566,0.5424836601307189,0.11286546840958606,103.6105,0.9347408829174664,0.547979797979798,207,0.5314009661835749,0.8067632850241546,0.19806763285024154,4.236714975845411,0.42768115942028984,0.4057971014492754,226,0.6991150442477876,0.7522123893805309,0.16371681415929204,5.185840707964601,0.40093362831858403,0.5619469026548672,229,0.30131004366812225,0.6855895196506551,0.14410480349344978,6.165938864628821,0.3912751091703056,0.5807860262008734,256,0.5234375,0.10546875,0.546875,2.40625,0.35233203125,0.6015625,8.421,10.413,
S040,P040,653,359.662,5200,520,0.7963246554364471,0.3016845329249617,197,3.2695252679938744,3.0,0.5493491577335375,0.512,0.5022970903522205,0.9999847748276378,0.5068912710566615,0.08737320061255742,57.0547,0.8073217726396917,0.7293233082706767,158,0.5,0.879746835443038,0.15822784810126583,4.037974683544304,0.5615379746835444,0.2468354430379747,165,0.6181818181818182,0.9393939393939394,0.17575757575757575,3.812121212121212,0.5446424242424244,0.6060606060606061,191,0.39267015706806285,0.8691099476439791,0.29842931937172773,3.3141361256544504,0.47159685863874345,0.581151832460733,139,0.5179856115107914,0.4316546762589928,0.6187050359712231,1.6906474820143884,0.6479208633093526,0.5827338129496403,10.938,11.462,
S041,P041,950,359.751,4980,498,0.5242105263157895,0.16,152,5.085263157894737,4.0,0.37542315789473685,0.352,0.4842105263157895,0.999280531064971,0.5052631578947369,0.1262482105263158,119.9358,0.857429718875502,0.17960088691796008,204,0.47058823529411764,0.8578431372549019,0.22549019607843138,3.299019607843137,0.42453921568627456,0.4852941176470588,248,0.6733870967741935,0.5443548387096774,0.13709677419354838,5.903225806451613,0.3610201612903226,0.592741935483871,247,0.3360323886639676,0.6437246963562753,0.12550607287449392,6.016194331983805,0.3667935222672065,0.6194331983805668,251,0.4541832669322709,0.11553784860557768,0.16334661354581673,4.812749003984064,0.35822709163346617,0.32270916334661354,1.441,0.193,
S042,P042,718,359.833,4800,480,0.6685236768802229,0.17827298050139276,128,6.967966573816156,5.0,0.49932729805013937,0.409,0.5194986072423399,0.9989027089208061,0.4456824512534819,0.12417604456824513,89.1584,0.9125,0.3628691983122363,161,0.4968944099378882,0.7950310559006211,0.08074534161490683,7.937888198757764,0.5502049689440993,0.2857142857142857,187,0.7807486631016043,0.8342245989304813,0.10160427807486631,8.957219251336898,0.48012299465240643,0.44385026737967914,210,0.3476190476190476,0.7666666666666667,0.13333333333333333,7.5095238095238095,0.4299,0.5333333333333333,160,0.4625,0.21875,0.425,2.95625,0.5617,0.49375,8.069,10.309,
S043,P043,780,360.131,4470,447,0.573076923076923,0.2935897435897436,229,3.7051282051282053,3.0,0.4600935897435897,0.413,0.48205128205128206,0.9990702531566406,0.46794871794871795,0.17357205128205128,135.3862,0.7539149888143176,0.35843373493975905,186,0.510752688172043,0.8440860215053764,0.22580645161290322,4.935483870967742,0.4758118279569893,0.3763440860215054,175,0.5428571428571428,0.6628571428571428,0.3657142857142857,2.4,0.51508,0.5428571428571428,201,0.39800995024875624,0.7313432835820896,0.23383084577114427,4.019900497512438,0.44768159203980096,0.5323383084577115,218,0.48623853211009177,0.12385321100917432,0.3486238532110092,3.4128440366972477,0.4139862385321101,0.42660550458715596,14.33,6.653,
S044,P044,1191,359.984,3670,367,0.30814441645675905,0.10999160369437448,131,6.028547439126784,5.0,0.3014601175482787,0.255,0.49538203190596136,0.9999384663658332,0.45424013434089,0.1493487825356843,177.87439999999998,0.9536784741144414,0.1385176184690158,293,0.5085324232081911,0.4300341296928328,0.14334470989761092,4.313993174061434,0.3037474402730375,0.5324232081911263,298,0.62751677852349,0.348993288590604,0.10067114093959731,6.7885906040268456,0.3017818791946309,0.5201342281879194,300,0.35333333333333333,0.33,0.09,7.04,0.29994333333333334,0.5033333333333333,300,0.49333333333333335,0.12666666666666668,0.10666666666666667,5.9366666666666665,0.3004233333333333,0.2633333333333333,1.942,5.988,
S045,P045,796,359.848,4990,499,0.6268844221105527,0.12562814070351758,100,6.541457286432161,5.0,0.45074371859296486,0.406,0.5175879396984925,0.999107261904943,0.4334170854271357,0.142385175879397,113.33860000000001,0.9779559118236473,0.30067567567567566,172,0.5465116279069767,0.8546511627906976,0.12209302325581395,4.877906976744186,0.516232558139535,0.3023255813953488,203,0.7339901477832512,0.7931034482758621,0.07881773399014778,10.758620689655173,0.44398029556650254,0.3891625615763547,217,0.35944700460829493,0.7188940092165899,0.1382488479262673,4.9953917050691246,0.41286635944700467,0.6267281105990783,204,0.44607843137254904,0.1715686274509804,0.16176470588235295,5.392156862745098,0.44254901960784315,0.38235294117647056,2.309,11.716,
S046,P046,1110,359.968,3940,394,0.35495495495495494,0.34684684684684686,385,3.7432432432432434,2.0,0.3237621621621622,0.315,0.4954954954954955,0.999941453025042,0.5396396396396397,0.10764612612612613,119.4872,0.7258883248730964,0.38741258741258744,298,0.47651006711409394,0.3724832214765101,0.4697986577181208,2.6241610738255035,0.2991241610738255,0.5604026845637584,274,0.6751824817518248,0.42700729927007297,0.2737226277372263,4.37956204379562,0.3294233576642336,0.5875912408759124,260,0.3346153846153846,0.4846153846153846,0.23076923076923078,5.696153846153846,0.3455615384615385,0.5653846153846154,278,0.4892086330935252,0.14388489208633093,0.39568345323741005,2.4892086330935252,0.32420503597122297,0.4460431654676259,5.817,11.03,
S047,P047,1187,359.761,3520,352,0.2965459140690817,0.493681550126369,586,3.2561078348778434,2.0,0.3027733782645325,0.262,0.4987363100252738,0.9999953922800321,0.5939342881213142,0.12465332771693345,147.9635,0.5726495726495726,0.5221556886227545,315,0.49523809523809526,0.2857142857142857,0.7111111111111111,1.5777777777777777,0.283568253968254,0.6857142857142857,269,0.587360594795539,0.4275092936802974,0.2899628252788104,4.966542750929368,0.3344795539033458,0.5353159851301115,291,0.4054982817869416,0.3917525773195876,0.40893470790378006,3.395189003436426,0.3092886597938144,0.5876288659793815,312,0.5128205128205128,0.10576923076923077,0.5288461538461539,3.3461538461538463,0.28875,0.5576923076923077,14.361,11.195,
S048,P048,761,359.817,5090,509,0.668856767411301,0.16557161629434955,126,7.474375821287779,5.0,0.4715453350854139,0.432,0.49540078843626806,0.9999389652128616,0.492772667542707,0.12095059132720105,92.0434,0.9096267190569745,0.3187250996015936,221,0.48868778280542985,0.7420814479638009,0.2398190045248869,4.4434389140271495,0.4024977375565611,0.497737556561086,250,0.684,0.44,0.148,6.008,0.35888800000000004,0.588,171,0.23976608187134502,0.9005847953216374,0.05263157894736842,15.824561403508772,0.5273684210526316,0.3333333333333333,119,0.4789915966386555,0.680672268907563,0.226890756302521,4.184873949579832,0.756235294117647,0.5126050420168067,3.537,10.945,
S049,P049,860,359.287,4980,498,0.5790697674418605,0.33488372093023255,288,3.6697674418604653,3.0,0.4152779069767442,0.32,0.5162790697674419,0.9992352130706913,0.5209302325581395,0.2010577906976744,172.9097,0.7927565392354124,0.511049723756906,192,0.5052083333333334,0.6770833333333334,0.14583333333333334,5.208333333333333,0.45611979166666666,0.3385416666666667,261,0.6206896551724138,0.6283524904214559,0.2260536398467433,4.501915708812261,0.345080459770115,0.5900383141762452,288,0.4444444444444444,0.4444444444444444,0.5659722222222222,2.2569444444444446,0.31290277777777775,0.5625,119,0.4789915966386555,0.6386554621848739,0.31932773109243695,2.7815126050420167,0.7511092436974788,0.5630252100840336,3.625,21.108,
S050,P050,997,359.652,5230,523,0.5245737211634904,0.20361083249749248,203,3.978936810431294,3.0,0.35981644934804413,0.368,0.49648946840521563,0.9999644406449978,0.5466399197592778,0.13780541624874623,137.392,0.8546845124282982,0.26849894291754756,256,0.5,0.69140625,0.20703125,3.6796875,0.34748828125,0.52734375,249,0.6506024096385542,0.6104417670682731,0.14859437751004015,5.008032128514056,0.3617590361445783,0.6385542168674698,247,0.3684210526315789,0.6396761133603239,0.17813765182186234,4.4574898785425106,0.3640485829959515,0.631578947368421,245,0.46530612244897956,0.1469387755102041,0.2816326530612245,2.763265306122449,0.3664571428571429,0.3877551020408163,4.554,31.478,
S051,P051,949,359.72,4630,463,0.48788198103266595,0.11169652265542676,106,6.245521601685986,5.0,0.37761433087460483,0.319,0.5089567966280295,0.9997685094904741,0.4773445732349842,0.19441201264488936,184.497,0.9481641468682506,0.16907216494845362,239,0.5481171548117155,0.6234309623430963,0.10460251046025104,6.414225941422594,0.36965690376569044,0.4560669456066946,240,0.6208333333333333,0.6083333333333333,0.1,6.558333333333334,0.37477083333333333,0.5458333333333333,242,0.371900826446281,0.5991735537190083,0.08264462809917356,7.619834710743802,0.3725909090909091,0.5495867768595041,228,0.4956140350877193,0.10087719298245613,0.16228070175438597,4.280701754385965,0.3942807017543859,0.3508771929824561,1.538,0.925,
S052,P052,1024,359.766,4740,474,0.462890625,0.1796875,184,5.5322265625,4.0,0.3494853515625,0.348,0.537109375,0.9960228568316535,0.4970703125,0.18951083984375,194.0591,0.8586497890295358,0.21311475409836064,242,0.5495867768595041,0.6322314049586777,0.1652892561983471,6.710743801652892,0.3614669421487604,0.4462809917355372,255,0.6352941176470588,0.596078431372549,0.1568627450980392,4.819607843137255,0.35525490196078435,0.6274509803921569,256,0.38671875,0.5546875,0.203125,4.74609375,0.35159375000000004,0.57421875,271,0.5756457564575646,0.0996309963099631,0.1918819188191882,5.892988929889299,0.33136531365313654,0.34686346863468637,7.785,14.772,
S053,P053,1084,359.483,4290,429,0.39575645756457567,0.13284132841328414,144,5.371771217712177,4.0,0.33114022140221405,0.266,0.47509225092250923,0.9982091745284157,0.477859778597786,0.19264225092250925,208.82420000000002,0.9254079254079254,0.1712538226299694,256,0.4609375,0.58203125,0.109375,6.0859375,0.34862109375,0.46484375,263,0.6159695817490495,0.4790874524714829,0.1482889733840304,5.026615969581749,0.34232699619771867,0.596958174904943,300,0.4166666666666667,0.41333333333333333,0.11,5.79,0.29922333333333334,0.5333333333333333,265,0.41509433962264153,0.11320754716981132,0.1660377358490566,4.550943396226415,0.3392830188679245,0.30943396226415093,0.032,10.35,
S054,P054,517,359.321,4740,474,0.9168278529980658,0.19729206963249515,102,12.410058027079303,6.0,0.6926170212765956,0.651,0.5241779497098646,0.9983126201788569,0.42359767891682787,0.05650077369439071,29.210899999999995,0.8414376321353065,0.627906976744186,127,0.6692913385826772,0.952755905511811,0.2204724409448819,9.259842519685039,0.6950629921259842,0.4015748031496063,148,0.7905405405405406,0.9256756756756757,0.2972972972972973,11.432432432432432,0.6107094594594595,0.6283783783783784,127,0.09448818897637795,0.9763779527559056,0.05511811023622047,24.25984251968504,0.7077795275590552,0.11023622047244094,115,0.4956521739130435,0.8,0.2,4.060869565217391,0.7785826086956521,0.5304347826086957,0.155,11.972,
S055,P055,914,359.685,4480,448,0.49015317286652077,0.2986870897155361,273,4.171772428884026,3.0,0.393253829321663,0.328,0.5098468271334792,0.9997202144774338,0.5120350109409191,0.16830054704595188,153.82670000000002,0.7700892857142857,0.3655913978494624,240,0.4666666666666667,0.5875,0.2791666666666667,3.658333333333333,0.37372500000000003,0.43333333333333335,258,0.7209302325581395,0.49612403100775193,0.2713178294573643,4.170542635658915,0.34846511627906973,0.5658914728682171,257,0.3151750972762646,0.5680933852140078,0.17898832684824903,6.1050583657587545,0.3499105058365759,0.5525291828793775,159,0.5471698113207547,0.20754716981132076,0.5660377358490566,1.8238993710691824,0.5654654088050314,0.4779874213836478,0.312,7.235,
S056,P056,1133,359.796,4230,423,0.3733451015004413,0.08737864077669903,99,8.311562224183584,7.0,0.3165551632833187,0.257,0.4960282436010591,0.9999544829287736,0.41924095322153576,0.23387528684907327,264.9807,0.950354609929078,0.11001410437235543,267,0.48314606741573035,0.5131086142322098,0.10486891385767791,7.752808988764045,0.3322546816479401,0.42696629213483145,284,0.6302816901408451,0.4612676056338028,0.08098591549295775,9.25,0.316387323943662,0.4964788732394366,290,0.4,0.43448275862068964,0.07241379310344828,8.437931034482759,0.3107827586206897,0.5,292,0.4726027397260274,0.09931506849315068,0.09246575342465753,7.784246575342466,0.3080958904109589,0.2568493150684932,3.908,4.74,
S057,P057,959,359.947,5290,529,0.5516162669447341,0.3149113660062565,302,3.4744525547445257,2.0,0.3741063607924922,0.377,0.5130344108446299,0.9995097286142537,0.5912408759124088,0.1516663190823775,145.448,0.7996219281663516,0.4568764568764569,241,0.5186721991701245,0.6846473029045643,0.29045643153526973,4.136929460580913,0.3672489626556017,0.4979253112033195,236,0.6652542372881356,0.7203389830508474,0.22033898305084745,3.4957627118644066,0.38174152542372886,0.6652542372881356,241,0.36929460580912865,0.6929460580912863,0.17427385892116182,4.369294605809128,0.37272614107883817,0.5933609958506224,241,0.5020746887966805,0.11203319502074689,0.5726141078838174,1.896265560165975,0.37486721991701244,0.6099585062240664,0.33,6.49,
S058,P058,847,359.355,5030,503,0.5938606847697757,0.12514757969303425,106,6.113341204250295,5.0,0.42282880755608027,0.378,0.4887839433293979,0.9996369876894684,0.48642266824085006,0.18321062573789845,155.1794,0.9324055666003976,0.2099125364431487,215,0.5162790697674419,0.7069767441860465,0.10697674418604651,5.934883720930233,0.4121627906976745,0.40930232558139534,228,0.6447368421052632,0.6754385964912281,0.08333333333333333,8.100877192982455,0.39481578947368423,0.5394736842105263,215,0.3488372093023256,0.7441860465116279,0.12558139534883722,5.334883720930232,0.4175906976744186,0.5813953488372093,189,0.42857142857142855,0.19576719576719576,0.19576719576719576,4.804232804232805,0.47471428571428576,0.4021164021164021,7.909,13.023,
S059,P059,822,359.738,5770,577,0.7019464720194647,0.5669099756690997,466,2.794403892944039,1.0,0.4364841849148418,0.3805,0.48905109489051096,0.9996540760494435,0.6180048661800487,0.09799963503649635,80.5557,0.48873483535528595,0.7008196721311475,242,0.5165289256198347,0.9008264462809917,0.628099173553719,1.9958677685950412,0.3665619834710744,0.6239669421487604,203,0.6009852216748769,0.7733990147783252,0.37438423645320196,4.172413793103448,0.4447635467980296,0.5714285714285714,210,0.3333333333333333,0.8,0.580952380952381,3.1523809523809523,0.42834285714285714,0.6095238095238096,167,0.5089820359281437,0.20359281437125748,0.6946107784431138,1.8263473053892216,0.5379820359281436,0.6766467065868264,9.601,4.804,
S060,P060,823,359.905,5880,588,0.7144592952612394,0.6852976913730255,564,1.7533414337788578,1.0,0.43616889428918587,0.393,0.4641555285540705,0.9962895934465072,0.6330498177399757,0.075955042527339,62.511,0.3231292517006803,0.7094017094017094,221,0.45701357466063347,0.8506787330316742,0.7375565610859729,2.0995475113122173,0.4020226244343892,0.6334841628959276,192,0.6302083333333334,0.90625,0.71875,1.421875,0.46971875,0.625,225,0.3288888888888889,0.8355555555555556,0.5777777777777777,1.6888888888888889,0.39716444444444443,0.6666666666666666,185,0.4648648648648649,0.20540540540540542,0.7189189189189189,1.7621621621621621,0.4895783783783784,0.6,38.607,13.73,
