session_id,state,n_states,mean_choice_a,mean_reward,mean_ici,label
mmgkzukxb91bym,0.0,4.0,0.0,1.0,24.615028537464337,Exploiting B
mmgkzukxb91bym,1.0,4.0,0.0,0.4630451319968059,-0.09647151148238123,Exploring/Switching
mmgkzukxb91bym,2.0,4.0,0.6480641348805732,0.6491232252205192,2.4614904869323597,Exploring/Switching
mmgkzukxb91bym,3.0,4.0,0.9999999999999996,0.35732742489465136,-0.1312098919405039,Exploiting A
mmglwqjl2idcz3,0.0,4.0,0.0,1.0,-0.07295732646887368,Exploiting B
mmglwqjl2idcz3,1.0,4.0,0.0,0.0,-0.23720949726308907,Exploring/Switching
mmglwqjl2idcz3,2.0,4.0,1.0,1.0,0.07035701534319935,Exploring/Switching
mmglwqjl2idcz3,3.0,4.0,1.0,0.0,0.14536373811414116,Exploiting A
mmgnnwif7rgnag,0.0,4.0,0.0,0.0,-0.04302192526047533,Exploiting B
mmgnnwif7rgnag,1.0,4.0,0.40865233125597145,0.6811030409445276,4.529783158522134,Exploring/Switching
mmgnnwif7rgnag,2.0,4.0,0.4947374764021904,1.0,-0.10584827323637523,Exploring/Switching
mmgnnwif7rgnag,3.0,4.0,1.0,0.0,-0.012372838616271042,Exploiting A
mmgp4bc84vs4qt,0.0,4.0,0.0,1.0000000000000002,0.004769675753319632,Exploiting B
mmgp4bc84vs4qt,1.0,4.0,0.3904205399056501,0.2510504452543236,4.192877572039444,Exploring/Switching
mmgp4bc84vs4qt,2.0,4.0,0.46182384582304237,0.0,-0.16764653277091068,Exploring/Switching
mmgp4bc84vs4qt,3.0,4.0,1.0000000000000007,1.0000000000000007,0.04939970552833975,Exploiting A
mmgp4tj5hwk1cr,0.0,3.0,0.0,0.0,-0.0759886151165763,Exploiting B
mmgp4tj5hwk1cr,1.0,3.0,0.49233716475095785,1.0,0.12889354456167953,Exploring/Switching
mmgp4tj5hwk1cr,2.0,3.0,1.0,0.0,-0.22208351412033925,Exploiting A
mmgp5kmoz5itw5,0.0,4.0,0.0,1.0000000000000002,-0.06887808145977757,Exploiting B
mmgp5kmoz5itw5,1.0,4.0,0.6451555863412893,0.09679790273252316,0.00896229718971953,Exploring/Switching
mmgp5kmoz5itw5,2.0,4.0,1.0,1.0,16.913121268202868,Exploring/Switching
mmgp5kmoz5itw5,3.0,4.0,1.0000000000000004,1.0000000000000004,-0.06415908804833322,Exploiting A
mmgp92mez7ni28,0.0,4.0,0.0,0.0,-0.16513268504141548,Exploiting B
mmgp92mez7ni28,1.0,4.0,0.5041551246537396,1.0,0.41877259197087274,Exploring/Switching
mmgp92mez7ni28,2.0,4.0,1.0000000000000013,0.0,-0.28898221116554446,Exploiting A
mmgp92mez7ni28,3.0,4.0,1.0000000000000002,0.0,2.227590487351247,Exploring/Switching
mmgp978syi159c,0.0,4.0,0.0,0.5364416188167788,-0.16849604772810817,Exploiting B
mmgp978syi159c,1.0,4.0,0.3167409364327329,0.5018964959077374,4.441163003992646,Exploring/Switching
mmgp978syi159c,2.0,4.0,1.0000000000000004,0.0,-0.0967670400518428,Exploiting A
mmgp978syi159c,3.0,4.0,1.0000000000000002,1.0000000000000002,0.02118786810487274,Exploring/Switching
mmgp9zmmm2qlbz,0.0,4.0,0.0,0.35187968102436606,-0.5943359856950254,Exploiting B
mmgp9zmmm2qlbz,1.0,4.0,0.0,0.5213060499355322,0.6274750540652156,Exploring/Switching
mmgp9zmmm2qlbz,2.0,4.0,0.6814272752706667,0.45988310579958036,7.425124234066097,Exploring/Switching
mmgp9zmmm2qlbz,3.0,4.0,0.9999999999999996,0.4938356698904275,-0.04644366369192066,Exploiting A
mmgpaypnopkm1q,0.0,4.0,0.0,0.5379067448439935,-0.2960180996645126,Exploiting B
mmgpaypnopkm1q,1.0,4.0,0.0,0.6667575220704164,2.1095151214128856,Exploring/Switching
mmgpaypnopkm1q,2.0,4.0,0.9999999999999999,0.48795983638274615,-0.336089492424972,Exploring/Switching
mmgpaypnopkm1q,3.0,4.0,1.0000000000000002,0.7589096826051897,1.9036636172977348,Exploiting A
mmgpciu4e2yunz,0.0,4.0,0.0,0.40484267509269445,-0.15166025096443347,Exploiting B
mmgpciu4e2yunz,1.0,4.0,0.30577206794089157,0.6354326258329529,3.3868241689429146,Exploring/Switching
mmgpciu4e2yunz,2.0,4.0,1.0000000000000013,1.0000000000000013,-0.08800326277974216,Exploiting A
mmgpciu4e2yunz,3.0,4.0,1.0000000000000004,0.0,-0.16976013541715995,Exploring/Switching
mmgpgi4g1jzpv2,0.0,4.0,0.0,0.9999999999999997,-0.3811629490195815,Exploiting B
mmgpgi4g1jzpv2,1.0,4.0,0.0,0.0,-0.3788818865615904,Exploring/Switching
mmgpgi4g1jzpv2,2.0,4.0,0.5139639183697664,0.6981846649996416,1.932962343803995,Exploring/Switching
mmgpgi4g1jzpv2,3.0,4.0,1.0,0.3832578981742512,-0.3939877221376066,Exploiting A
mmgpiq4ct3r8s1,0.0,4.0,0.0,0.0,-0.35382090479549705,Exploiting B
mmgpiq4ct3r8s1,1.0,4.0,0.0,1.0,0.6507046871117991,Exploring/Switching
mmgpiq4ct3r8s1,2.0,4.0,1.0,0.0,-0.35587257574475084,Exploring/Switching
mmgpiq4ct3r8s1,3.0,4.0,1.0,1.0,-0.02476254387712243,Exploiting A
mmgpqa16u4u07b,0.0,4.0,0.0,0.4318430338897616,-0.2826592964029721,Exploiting B
mmgpqa16u4u07b,1.0,4.0,0.0,0.6188036954004956,2.3888044813427136,Exploring/Switching
mmgpqa16u4u07b,2.0,4.0,1.0,0.0,-0.2122172646976765,Exploring/Switching
mmgpqa16u4u07b,3.0,4.0,1.0,1.0,0.2549781001548676,Exploiting A
mmgpy8l4xh9nto,0.0,4.0,0.0,0.3375444950516,-0.09447222475401576,Exploiting B
mmgpy8l4xh9nto,1.0,4.0,0.4032523860585907,0.402658178890853,4.327008531039548,Exploring/Switching
mmgpy8l4xh9nto,2.0,4.0,1.0000000000000002,0.0,0.022288047622869792,Exploiting A
mmgpy8l4xh9nto,3.0,4.0,0.9999999999999999,0.9999999999999999,0.10874609195977754,Exploring/Switching
mmgq3qouddjc6z,0.0,4.0,0.0,1.0,0.3457740629245039,Exploiting B
mmgq3qouddjc6z,1.0,4.0,0.0,0.0,-0.1363406768980374,Exploring/Switching
mmgq3qouddjc6z,2.0,4.0,1.0,1.0,0.20284689335380837,Exploring/Switching
mmgq3qouddjc6z,3.0,4.0,1.0,0.0,-0.08767306533083148,Exploiting A
mmgqyc7ozjls4u,0.0,4.0,0.0,0.4838095238095238,-0.08380209091060924,Exploiting B
mmgqyc7ozjls4u,1.0,4.0,1.0000000000000009,0.6362995948243834,2.6896670116404797,Exploiting A
mmgqyc7ozjls4u,2.0,4.0,0.9999999999999999,0.47634079583421157,-0.16804827947354278,Exploring/Switching
mmgqyc7ozjls4u,3.0,4.0,1.0,1.0,-2.67082556813092,Exploring/Switching
mmgr4s188ypj5i,0.0,4.0,0.0,1.0000000000000007,0.03684048116660436,Exploiting B
mmgr4s188ypj5i,1.0,4.0,0.29788658578973054,0.502439243718602,6.426571135638482,Exploring/Switching
mmgr4s188ypj5i,2.0,4.0,0.48113082548263303,0.0,-0.1867474552180607,Exploring/Switching
mmgr4s188ypj5i,3.0,4.0,1.0000000000000002,1.0000000000000002,0.13764674883805014,Exploiting A
mmgr4wtlfg07a6,0.0,4.0,0.4350545202735972,0.9999999999999986,-0.32225330160418614,Exploiting B
mmgr4wtlfg07a6,1.0,4.0,0.45901427953701307,0.0,-0.14149737937831194,Exploring/Switching
mmgr4wtlfg07a6,2.0,4.0,0.5496981782223305,0.3743278796338745,4.817881039560323,Exploring/Switching
mmgr4wtlfg07a6,3.0,4.0,0.6737833632188233,1.0000000000000004,0.5580519417738851,Exploiting A
mmgr8c41csnx7y,0.0,3.0,0.0,0.716931216931217,0.03973130663002725,Exploiting B
mmgr8c41csnx7y,1.0,3.0,1.0,1.0,0.15468447055764545,Exploring/Switching
mmgr8c41csnx7y,2.0,3.0,1.0,0.0,-0.5363955008449346,Exploiting A
mmh0l2c7syhpy7,0.0,4.0,0.0,0.6168330835695006,2.157000470553254,Exploiting B
mmh0l2c7syhpy7,1.0,4.0,0.0,0.48039295216278305,-0.26952018184479726,Exploring/Switching
mmh0l2c7syhpy7,2.0,4.0,0.9999999999999996,0.41982502401948496,-0.28283437445441556,Exploiting A
mmh0l2c7syhpy7,3.0,4.0,0.999999999999999,0.5601351753251173,1.9541690687007411,Exploring/Switching
mmh0l48d4j1y4y,0.0,4.0,0.0,0.0,-0.16938615991707198,Exploiting B
mmh0l48d4j1y4y,1.0,4.0,0.4938991245302927,1.0000000000000002,0.06055654678119102,Exploring/Switching
mmh0l48d4j1y4y,2.0,4.0,0.6277130291896144,0.9138609226157344,4.171977556477813,Exploring/Switching
mmh0l48d4j1y4y,3.0,4.0,1.0,0.0,-0.24328726249629395,Exploiting A
mmh0le5hn8utpd,0.0,4.0,0.0,1.0,-0.006691981735410573,Exploiting B
mmh0le5hn8utpd,1.0,4.0,0.0,0.0,-0.03879098160137485,Exploring/Switching
mmh0le5hn8utpd,2.0,4.0,1.0,1.0,0.10136071551643137,Exploring/Switching
mmh0le5hn8utpd,3.0,4.0,1.0,0.0,-0.06666006890216677,Exploiting A
mmh0lgop76n6ez,0.0,4.0,0.0,0.0,2.2861455870469065,Exploiting B
mmh0lgop76n6ez,1.0,4.0,0.0,1.0,0.14792300487710566,Exploring/Switching
mmh0lgop76n6ez,2.0,4.0,0.0,0.0,-0.420942818706122,Exploring/Switching
mmh0lgop76n6ez,3.0,4.0,1.0,0.6013667425968109,-0.04723896322625992,Exploiting A
mmh0lku3ip54e4,0.0,4.0,2.397696037973264e-79,0.3333325870797226,6.916357276403781,Exploring/Switching
mmh0lku3ip54e4,1.0,4.0,0.0,0.4632768419252729,0.03370777583845457,Exploiting B
mmh0lku3ip54e4,2.0,4.0,1.0,1.0,-0.05137734892268013,Exploring/Switching
mmh0lku3ip54e4,3.0,4.0,1.0,0.0,-0.12501917039660196,Exploiting A
mmh0lpcdm9wdcu,0.0,4.0,0.0,0.9999999999999998,-0.17330690517062425,Exploiting B
mmh0lpcdm9wdcu,1.0,4.0,0.30186856865649003,1.0000000000000004,3.3682727959288217,Exploring/Switching
mmh0lpcdm9wdcu,2.0,4.0,0.5555555555555556,0.0,-0.2207086016747319,Exploring/Switching
mmh0lpcdm9wdcu,3.0,4.0,1.0000000000000007,1.0000000000000007,-0.0659709005970791,Exploiting A
mmh0m3latwun95,0.0,4.0,0.0,0.0,12.179584658657074,Exploiting B
mmh0m3latwun95,1.0,4.0,0.0049261083743842365,1.0,0.019006215308020935,Exploring/Switching
mmh0m3latwun95,2.0,4.0,0.49596122778675283,0.0,-0.01412083145497013,Exploring/Switching
mmh0m3latwun95,3.0,4.0,1.0,1.0,-0.032869602232248454,Exploiting A
mmh0mm0schxk59,0.0,3.0,0.0,1.0,0.1630679968723802,Exploiting B
mmh0mm0schxk59,1.0,3.0,0.0,0.0,-0.18234919154715676,Exploring/Switching
mmh0mm0schxk59,2.0,3.0,1.0,0.4603174603174603,0.02702142138106128,Exploiting A
mmh0mmptqfyu87,0.0,4.0,0.0,1.0,0.01067922598142504,Exploiting B
mmh0mmptqfyu87,1.0,4.0,2.431653679827927e-68,1.0000000000000007,1.3294820597990207,Exploring/Switching
mmh0mmptqfyu87,2.0,4.0,0.42857142857142855,0.0,-0.31603269276757845,Exploring/Switching
mmh0mmptqfyu87,3.0,4.0,1.0,1.0,0.010302888569746373,Exploiting A
mmh0nnjg95y0zn,0.0,4.0,0.0,0.41639916640232344,2.48003187506408,Exploiting B
mmh0nnjg95y0zn,1.0,4.0,0.5130345952386007,0.0,-0.15612180305232112,Exploring/Switching
mmh0nnjg95y0zn,2.0,4.0,0.5165968682648049,1.0000000000000002,-0.15719379879258266,Exploring/Switching
mmh0nnjg95y0zn,3.0,4.0,1.0,0.602626371999478,2.039268393257664,Exploiting A
mmh0ocgvf4p325,0.0,4.0,0.0,0.4521992017683222,-0.11606933837721164,Exploiting B
mmh0ocgvf4p325,1.0,4.0,0.4247192358940181,0.6368004089358928,4.842262960247916,Exploring/Switching
mmh0ocgvf4p325,2.0,4.0,1.0000000000000009,0.4712851053829205,-0.09398525654998365,Exploiting A
mmh0ocgvf4p325,3.0,4.0,0.9999999999999999,0.4813613615073291,-0.12157017977381283,Exploring/Switching
mmh0opq734nw1a,0.0,3.0,0.0,0.0,-0.09320188768943692,Exploiting B
mmh0opq734nw1a,1.0,3.0,0.509090909090909,1.0,0.12723508826138807,Exploring/Switching
mmh0opq734nw1a,2.0,3.0,1.0,0.0,-0.14291030733926252,Exploiting A
mmh0ozswma6i3j,0.0,4.0,0.0,0.3580662788649461,-0.04194942933990275,Exploiting B
mmh0ozswma6i3j,1.0,4.0,0.5660769507696247,0.5773985175462147,0.7948175970487786,Exploring/Switching
mmh0ozswma6i3j,2.0,4.0,1.0000000000000013,0.3819626965541855,-0.04852692192723272,Exploiting A
mmh0ozswma6i3j,3.0,4.0,1.0,1.0,31.19800179902896,Exploring/Switching
mmh0pa4lgnz2nd,0.0,4.0,0.0,0.7727720643397862,2.2094059124166106,Exploiting B
mmh0pa4lgnz2nd,1.0,4.0,0.0,0.5923780943258286,-0.22127263724924562,Exploring/Switching
mmh0pa4lgnz2nd,2.0,4.0,1.0000000000000002,0.5963316680753515,1.6173596563637749,Exploiting A
mmh0pa4lgnz2nd,3.0,4.0,0.9999999999999999,0.6130512941478338,-0.26868656136727503,Exploring/Switching
mmh0pj6zqdvwmg,0.0,4.0,0.0,0.28888888888888886,-0.0025055374012195727,Exploiting B
mmh0pj6zqdvwmg,1.0,4.0,1.0000000000000002,0.5809142424694959,1.2270726013099043,Exploring/Switching
mmh0pj6zqdvwmg,2.0,4.0,1.0000000000000009,0.2795125939136176,-0.34510983003933926,Exploiting A
mmh0pj6zqdvwmg,3.0,4.0,1.0,1.0,21.716825797817283,Exploring/Switching
mmh0pjhqfbciu8,0.0,4.0,0.0,1.0000000000000002,-0.0445128245430847,Exploiting B
mmh0pjhqfbciu8,1.0,4.0,4.885670676650409e-142,0.35919752856988646,1.6066245245032338,Exploring/Switching
mmh0pjhqfbciu8,2.0,4.0,0.45604397857795187,0.0,0.1129186619519147,Exploring/Switching
mmh0pjhqfbciu8,3.0,4.0,1.0,1.0,-0.04894219907195009,Exploiting A
mmh0puch6r88f0,0.0,4.0,0.0,0.007352941176470588,-0.03444253333670714,Exploiting B
mmh0puch6r88f0,1.0,4.0,0.0,1.0,0.003394835045868928,Exploring/Switching
mmh0puch6r88f0,2.0,4.0,1.0,1.0,-0.07212951513658919,Exploring/Switching
mmh0puch6r88f0,3.0,4.0,1.0,0.0,0.1849959850165024,Exploiting A
mmh0r154h7irg3,0.0,4.0,0.0,0.0,-0.22202794621482022,Exploiting B
mmh0r154h7irg3,1.0,4.0,0.3744796631196626,0.4641523813486749,5.300690212116656,Exploring/Switching
mmh0r154h7irg3,2.0,4.0,0.5018093832116701,0.9999999999999994,0.2057975716102723,Exploring/Switching
mmh0r154h7irg3,3.0,4.0,1.0,0.0,-0.2607491640819587,Exploiting A
mmh0r34rqnesgg,0.0,4.0,0.0,0.5727069351230425,-0.033723359465809725,Exploiting B
mmh0r34rqnesgg,1.0,4.0,0.9999999999999991,0.2523786917541126,5.223333218630989,Exploring/Switching
mmh0r34rqnesgg,2.0,4.0,1.0,0.0,-0.3543513664193047,Exploring/Switching
mmh0r34rqnesgg,3.0,4.0,1.0,1.0,0.2501080882828422,Exploiting A
mmh0rqn6g1cadb,0.0,4.0,0.0,0.0,-0.00466780539910472,Exploiting B
mmh0rqn6g1cadb,1.0,4.0,0.48653846153846153,1.0,-0.022574648828955848,Exploring/Switching
mmh0rqn6g1cadb,2.0,4.0,0.5,0.0,9.426969717541123,Exploring/Switching
mmh0rqn6g1cadb,3.0,4.0,1.0,0.0,-0.09255482616589616,Exploiting A
mmh0tro0khha5x,0.0,4.0,0.0,0.0,-0.1624754941617352,Exploiting B
mmh0tro0khha5x,1.0,4.0,0.46368051788918074,1.0,-0.1625832575931176,Exploring/Switching
mmh0tro0khha5x,2.0,4.0,0.5655024851023857,0.9999999999999997,3.1660572340315953,Exploring/Switching
mmh0tro0khha5x,3.0,4.0,1.0,0.0,-0.07005419764667156,Exploiting A
mmh0uacrkmrg83,0.0,4.0,0.0,1.0,19.18135443680359,Exploiting B
mmh0uacrkmrg83,1.0,4.0,0.0,0.0,-0.2136806096830156,Exploring/Switching
mmh0uacrkmrg83,2.0,4.0,0.524008350730689,1.0,0.034202403597510256,Exploring/Switching
mmh0uacrkmrg83,3.0,4.0,1.0,0.0,-0.08833897571132258,Exploiting A
mmh0ueb9o9dis7,0.0,3.0,0.0,0.6651008471758181,-0.5852564300332528,Exploiting B
mmh0ueb9o9dis7,1.0,3.0,0.5124556803338063,0.0,-0.10281329401624455,Exploring/Switching
mmh0ueb9o9dis7,2.0,3.0,0.5720073706888803,1.0000000000000004,0.21860226133054875,Exploiting A
mmh0vbvu4yn6l1,0.0,4.0,0.0,1.0000000000000002,-0.341556069746128,Exploiting B
mmh0vbvu4yn6l1,1.0,4.0,0.0,0.0,-0.3531691129623727,Exploring/Switching
mmh0vbvu4yn6l1,2.0,4.0,0.494111236791854,0.505880434353659,2.2963451755989284,Exploring/Switching
mmh0vbvu4yn6l1,3.0,4.0,1.0,0.30281827935518413,-0.3529679956754133,Exploiting A
mmh0vh7gck5q8n,0.0,4.0,0.0,0.610990355177652,-0.0659952523890463,Exploiting B
mmh0vh7gck5q8n,1.0,4.0,0.7918555536659737,4.465365515050069e-106,6.071024930967759,Exploring/Switching
mmh0vh7gck5q8n,2.0,4.0,1.0,1.0,0.12403453626055239,Exploring/Switching
mmh0vh7gck5q8n,3.0,4.0,1.0,0.0,-0.2599286572778042,Exploiting A
mmh0wavycmn4y3,0.0,3.0,0.0,1.0,-0.048118312216641576,Exploiting B
mmh0wavycmn4y3,1.0,3.0,0.4930167597765363,0.0,-0.0026196211306422712,Exploring/Switching
mmh0wavycmn4y3,2.0,3.0,1.0,1.0,0.057639371757451215,Exploiting A
mmh0x9u4kgtvxn,0.0,4.0,0.0,0.3735036524895361,0.12689857393667547,Exploiting B
mmh0x9u4kgtvxn,1.0,4.0,0.0,1.0,-3.3535671734301573,Exploring/Switching
mmh0x9u4kgtvxn,2.0,4.0,0.5498802461124728,0.0,-0.6634723348023784,Exploring/Switching
mmh0x9u4kgtvxn,3.0,4.0,1.0000000000000004,0.3343516173098209,0.14204457332499837,Exploiting A
mmh0yegg0emahk,0.0,4.0,0.0,0.6998743730924809,-0.008015965344772738,Exploiting B
mmh0yegg0emahk,1.0,4.0,0.1818521536335122,0.7764617285404017,4.061856318045486,Exploring/Switching
mmh0yegg0emahk,2.0,4.0,1.0000000000000002,0.0,-0.43227580805434906,Exploiting A
mmh0yegg0emahk,3.0,4.0,0.9999999999999999,0.9999999999999999,0.06984036435420887,Exploring/Switching
mmh115pr1lsvkw,0.0,4.0,0.0,0.5889423076923077,0.01950797639629367,Exploiting B
mmh115pr1lsvkw,1.0,4.0,1.0000000000000002,0.0,-0.04992005612053005,Exploiting A
mmh115pr1lsvkw,2.0,4.0,1.0,0.0,-0.6698474750058842,Exploring/Switching
mmh115pr1lsvkw,3.0,4.0,1.0,1.0,0.12238670321102112,Exploring/Switching
mmh16ou0ocswzc,0.0,4.0,0.0,0.5171458022760562,-0.06389989069885228,Exploiting B
mmh16ou0ocswzc,1.0,4.0,0.3352200133642132,0.41111938316213975,5.49529830226767,Exploring/Switching
mmh16ou0ocswzc,2.0,4.0,1.0000000000000002,0.5125622768360021,-0.408991097314217,Exploring/Switching
mmh16ou0ocswzc,3.0,4.0,1.0000000000000004,0.5357028674454095,-0.06632376238612525,Exploiting A
mmh19xdl74m2p5,0.0,4.0,0.0,0.4639140076298125,-0.32096207294959733,Exploiting B
mmh19xdl74m2p5,1.0,4.0,0.0,0.5995698181261274,2.0882015799047737,Exploring/Switching
mmh19xdl74m2p5,2.0,4.0,1.0000000000000004,0.7849475017630775,2.023502766220855,Exploiting A
mmh19xdl74m2p5,3.0,4.0,1.0000000000000002,0.4425930367067,-0.36435234775992564,Exploring/Switching
mmh1cyh0ahaw8s,0.0,4.0,0.0,0.6922776499685176,2.569500633422108,Exploiting B
mmh1cyh0ahaw8s,1.0,4.0,0.0,0.48597115064676627,-0.11344919613695867,Exploring/Switching
mmh1cyh0ahaw8s,2.0,4.0,0.5106415280701945,0.5045318414147248,6.9767567766653285,Exploring/Switching
mmh1cyh0ahaw8s,3.0,4.0,1.0,0.4324343134810295,-0.08788112493908869,Exploiting A
mmh1eq07kkdfkw,0.0,4.0,0.0,0.39745229776831503,0.21516172601122652,Exploiting B
mmh1eq07kkdfkw,1.0,4.0,0.0,0.31754230062337824,-0.7344135880768711,Exploring/Switching
mmh1eq07kkdfkw,2.0,4.0,0.0,0.5104015432716571,2.026412176877579,Exploring/Switching
mmh1eq07kkdfkw,3.0,4.0,1.0,0.42524271844660194,0.06806636998679723,Exploiting A
mmh1jfrxrszco0,0.0,4.0,0.0,1.0,0.0745429767666742,Exploiting B
mmh1jfrxrszco0,1.0,4.0,0.0,0.0,-0.2934704184612274,Exploring/Switching
mmh1jfrxrszco0,2.0,4.0,1.0,1.0,-0.011636046724915108,Exploring/Switching
mmh1jfrxrszco0,3.0,4.0,1.0,0.0,-0.35296725975905924,Exploiting A
mmh1qje9negjr0,0.0,4.0,0.0,0.4978594590176043,-0.12737109323395665,Exploiting B
mmh1qje9negjr0,1.0,4.0,0.12596976525906714,0.49412594678812893,4.210668592824501,Exploring/Switching
mmh1qje9negjr0,2.0,4.0,1.0000000000000009,0.5069300006669382,-0.3806990539631155,Exploiting A
mmh1qje9negjr0,3.0,4.0,0.9999999999999999,0.38406604263337174,1.4402323020319947,Exploring/Switching
mmh1sestgp7zew,0.0,4.0,0.0,0.0,-0.16340284677140218,Exploiting B
mmh1sestgp7zew,1.0,4.0,0.0,1.0,0.2004947804834659,Exploring/Switching
mmh1sestgp7zew,2.0,4.0,0.9999999999999999,0.01966292134970162,-0.0585834939564774,Exploring/Switching
mmh1sestgp7zew,3.0,4.0,1.0,1.0,0.18320508559016316,Exploiting A
mmh1tezp242ppu,0.0,4.0,0.0,1.0,0.014740230798835905,Exploiting B
mmh1tezp242ppu,1.0,4.0,0.5174825174825175,0.0,-0.03885197669107025,Exploring/Switching
mmh1tezp242ppu,2.0,4.0,1.0,3.526143204533242e-163,9.129793600889823,Exploring/Switching
mmh1tezp242ppu,3.0,4.0,1.0,1.0,0.01377414272074985,Exploiting A
mmh1wzqpu4iob1,0.0,4.0,0.0,0.4111263695370464,-0.42881565799599386,Exploiting B
mmh1wzqpu4iob1,1.0,4.0,0.0,0.6165104305153418,-0.25674678171803694,Exploring/Switching
mmh1wzqpu4iob1,2.0,4.0,0.5258564561851826,0.7062030885760554,2.1789727184777603,Exploring/Switching
mmh1wzqpu4iob1,3.0,4.0,1.0000000000000002,0.5752811333690591,-0.34066332324422915,Exploiting A
mmh250jg0prrne,0.0,4.0,0.0,0.0,0.3398544358103396,Exploiting B
mmh250jg0prrne,1.0,4.0,3.339557914690181e-196,0.45216652066546,-0.383062103812145,Exploring/Switching
mmh250jg0prrne,2.0,4.0,0.0,1.0,-0.14071858083182218,Exploring/Switching
mmh250jg0prrne,3.0,4.0,1.0,0.6915422885572139,0.013741322446942041,Exploiting A
mmh28cu87aoonk,0.0,4.0,0.0,1.0,-0.12623634093057925,Exploiting B
mmh28cu87aoonk,1.0,4.0,0.41702127659574467,0.0,-0.019260634953271093,Exploring/Switching
mmh28cu87aoonk,2.0,4.0,1.0,1.0,0.07631934934017016,Exploring/Switching
mmh28cu87aoonk,3.0,4.0,1.0,1.0,21.30372099364674,Exploiting A
GROUP_MEAN,,,0.9874298455651286,0.46720181089404256,,Exploiting A
GROUP_MEAN,,,0.00725090867122662,0.5444646918890607,,Exploiting B
GROUP_MEAN,,,0.5071901077761519,0.5269458987943297,,Exploring/Switching
