session_id,overall_switch_rate,mean_run_length,choice_entropy,win_stay_rate,lose_shift_rate,overall_reward_rate,total_rewards,choice_prop_a,total_clicks,adaptation_lag_phase2_s,adaptation_lag_phase3_s,dfa_alpha,sample_entropy,determinism,laminarity,trapping_time,best_E,ccm_asymmetry
mmgkzukxb91bym,0.11859582542694497,8.733333333333333,0.9973387206808634,0.9544419134396356,0.17100977198697068,0.41650853889943074,439,0.530360531309298,1054,4.024,6.144,0.6640837316167567,1.182961526113343,0.92200240761351,0.9863833556681127,4.9773638968481375,3,0.33504200000000006
mmglwqjl2idcz3,0.10806174957118353,15.027027027027026,0.9956980583124986,0.9400386847195358,0.49230769230769234,0.8867924528301887,517,0.5385934819897084,583,8.034,11.224,1.0219326200706351,0.10553209441679692,0.9837230100932668,0.9920659256420084,20.179054054054053,2,0.2748315000000001
mmgnnwif7rgnag,0.29310344827586204,4.410714285714286,1.0,0.7927461139896373,0.5086206896551724,0.7142857142857143,580,0.5,812,10.863,6.896,0.6451567410952392,0.8400566991306441,0.9738956356904326,0.9907788791156228,10.67544738725841,1,0.31847250000000005
mmgp4bc84vs4qt,0.27822944896115626,6.7,0.9991940026021565,0.7330097087378641,0.28530259365994237,0.3721770551038844,412,0.4832881662149955,1107,4.456,17.757,0.5768423337906107,1.3862943611198906,0.9236542998069912,0.97423868754021,5.819846268816057,5,-0.2953015
mmgp4tj5hwk1cr,0.3223480947476828,6.429752066115703,0.9999931142811856,0.6264367816091954,0.26339285714285715,0.537590113285273,522,0.4984552008238929,971,0.124,16.562,0.6760174940208944,1.4169022062061323,0.9562026683337832,0.9767586422471974,9.652520359449593,1,0.28753850000000003
mmgp5kmoz5itw5,0.11301369863013698,9.6,0.9751875821170082,0.9315589353612167,0.5357142857142857,0.9041095890410958,264,0.5924657534246576,292,0.698,55.301,0.943080411354903,0.3977456537654875,0.9713026268441886,0.9894746311622886,7.887414844030118,2,0.2663579999999999
mmgp92mez7ni28,0.11224489795918367,10.069565217391304,0.9953863036764091,0.889196675900277,0.11302211302211303,0.30697278911564624,361,0.5399659863945578,1176,5.041,7.07,0.7047968394577343,1.2953904140147494,0.9230796529268768,0.986248380857746,5.138630795543845,4,-0.28647700000000004
mmgp978syi159c,0.22848360655737704,4.704433497536946,0.9998909518398613,0.82,0.28,0.5122950819672131,500,0.49385245901639346,976,1.269,16.196,0.6237131570011273,1.5188924825614147,0.9772642280802946,0.9932369476893432,10.157974913298546,2,-0.1549430000000001
mmgp9zmmm2qlbz,0.28239845261121854,4.761421319796955,0.998693408098057,0.8155136268343816,0.3669064748201439,0.46131528046421666,477,0.4787234042553192,1034,4.174,3.031,0.5919198236434501,1.57230369099303,0.9250682640814512,0.9662913024151726,6.288813886210222,5,-0.012998499999999968
mmgpaypnopkm1q,0.10882016036655212,9.09375,0.9997264470834905,0.9574468085106383,0.1865671641791045,0.5395189003436426,471,0.5097365406643757,873,6.548,8.911,0.7181805390127747,0.7611445318053952,0.9773458024546132,0.9967111712347568,8.192120211094549,4,0.128961
mmgpciu4e2yunz,0.09064039408866995,11.359550561797754,0.9997976372334331,0.974477958236659,0.13893653516295026,0.4246305418719212,431,0.4916256157635468,1015,3.508,6.944,0.7452976773567862,1.0196800752786004,0.8881001082902178,0.980297196486584,4.378476420798065,2,0.09985900000000003
mmgpgi4g1jzpv2,0.11504424778761062,9.64423076923077,0.9970513351604614,0.9009009009009009,0.12762237762237763,0.4365781710914454,444,0.46804326450344147,1017,0.035,7.224,0.7546584180693763,1.120326048891894,0.9155371900826448,0.9781109799291616,5.42683086597668,4,0.13649850000000013
mmgpiq4ct3r8s1,0.24705882352941178,9.192307692307692,0.9961587212310236,0.6831460674157304,0.1707920792079208,0.5235294117647059,445,0.46352941176470586,850,7.09,13.89,0.8275145973545253,0.388502480888585,0.9852464103359756,0.997884284465006,10.665527638190955,2,0.15217700000000006
mmgpqa16u4u07b,0.10344827586206896,9.572815533980583,0.9999525129214223,0.9570135746606335,0.15285451197053407,0.4482758620689655,442,0.5040567951318459,986,8.267,3.91,0.724206004976795,1.3103920813320042,0.9774177712322042,0.9963349271356616,8.64311758014176,1,0.17514200000000002
mmgpy8l4xh9nto,0.42349726775956287,3.2981818181818183,0.999846822421679,0.652605459057072,0.46829971181556196,0.3670309653916211,403,0.49271402550091076,1098,24.711,14.278,0.516061455962599,1.0859123150392505,0.9155742225616224,0.9452575905420504,8.543200408997954,1,-0.00598700000000002
mmgq3qouddjc6z,0.24024284475281873,4.630705394190872,0.9999734120608191,0.8858858858858859,0.29181929181929184,0.2888117953165655,333,0.49696444058976585,1153,6.688,6.142,0.5533485972237453,1.743894802579566,0.9231053480247244,0.966222117710293,5.818540433925049,1,-0.02501450000000005
mmgqyc7ozjls4u,0.25170731707317073,4.546296296296297,0.9995708393473225,0.782,0.28435114503816794,0.4878048780487805,500,0.4878048780487805,1025,23.025,12.284,0.5085180456448436,1.575536360758419,0.9142732335917876,0.9630246441702158,5.805727766500247,2,-0.138152
mmgr4s188ypj5i,0.11909448818897637,8.91150442477876,0.9997204592214384,0.918859649122807,0.15026833631484796,0.44881889763779526,456,0.49015748031496065,1016,8.253,7.482,0.7129920686389938,1.5083417955627316,0.890110831809872,0.9795618144424132,4.370976993180804,5,0.1056254999999999
mmgr4wtlfg07a6,0.4476987447698745,4.5369127516778525,0.9998452964234804,0.5472027972027972,0.4412532637075718,0.5983263598326359,572,0.49267782426778245,956,14.343,11.693,0.546141842860351,1.0864460449762394,0.959105715586056,0.9756920118842464,12.283493208008757,4,0.2296645
mmgr8c41csnx7y,0.2635431918008785,6.340425531914893,0.9917438279491075,0.7030927835051546,0.18274111675126903,0.7115666178623719,486,0.4465592972181552,683,16.292,17.342,0.7825252615764973,0.988942887785896,0.9642226211849192,0.9826427289048474,9.335675786313708,2,0.3580855000000001
mmh0l2c7syhpy7,0.27945472249269715,5.4787878787878785,0.9988500292632153,0.7719665271966527,0.3248175182481752,0.46543330087633883,478,0.5199610516066212,1027,9.483,3.923,0.6041904181494439,1.7570509778273282,0.9276069465466422,0.9756333147454792,5.637341772151899,2,0.1754239999999999
mmh0l48d4j1y4y,0.6038812785388128,6.672131147540983,0.9996954126191551,0.3066132264529058,0.4867021276595745,0.5707762557077626,500,0.5102739726027398,876,28.785,15.526,0.6342616424246258,0.4440290891808315,0.9429735234215886,0.9656529866361632,17.2249925350851,1,0.20903650000000007
mmh0le5hn8utpd,0.12977867203219315,7.6461538461538465,0.9999737168803201,0.9271653543307087,0.18969072164948453,0.5110663983903421,508,0.4969818913480885,994,3.598,9.815,0.6359368331204125,1.3251224105580746,0.985459072517896,0.998163709928416,9.668968012300642,2,0.055873000000000006
mmh0lgop76n6ez,0.19889502762430938,5.113636363636363,0.99935784575519,0.8368121442125237,0.2493368700265252,0.5823204419889503,527,0.4850828729281768,905,28.361,8.64,0.5608195714389902,1.6779578588708564,0.9747719132256538,0.994414408326012,9.207690622946716,1,0.002946000000000004
mmh0lku3ip54e4,0.4275724275724276,3.4549356223175964,0.9967659202090546,0.6815533980582524,0.5443298969072164,0.5144855144855145,515,0.46653346653346656,1001,30.774,10.253,0.515617119298582,1.3926638094053705,0.8881820239981888,0.9353407290015848,6.96636034061209,1,-0.00439299999999998
mmh0lpcdm9wdcu,0.06857142857142857,18.105263157894736,0.9976432959863937,0.9932432432432432,0.41509433962264153,0.8457142857142858,296,0.5285714285714286,350,28.135,20.134,1.11839297791195,0.12874148579619013,0.974951531601396,0.989492051182629,12.868885526979325,2,-0.2028859999999999
mmh0m3latwun95,0.14641148325358852,8.128,0.9998513690015975,0.9176470588235294,0.19063004846526657,0.40669856459330145,425,0.507177033492823,1045,5.858,8.1,0.6350140439556262,1.432475106183251,0.9086826704884748,0.9776901946733548,4.953527774416072,3,-0.19899450000000007
mmh0mm0schxk59,0.4675972083748754,4.063218390804598,0.9999820739549017,0.47368421052631576,0.4194139194139194,0.4546360917248255,456,0.5024925224327019,1003,9.033,11.495,0.5327957925296372,0.9248560947330781,0.9304090360785172,0.9666849435245092,7.644783626745295,1,-0.12416349999999993
mmh0mmptqfyu87,0.4797570850202429,2.590062111801242,0.9990420743634416,0.5321888412017167,0.7037037037037037,0.9433198380566802,466,0.4817813765182186,494,4.385,22.992,0.3939242403117889,0.8121772257304939,0.970684900457104,0.9832395199778374,13.280380984777617,6,0.47741049999999996
mmh0nnjg95y0zn,0.15190901705930138,7.171597633136095,0.9994167925619497,0.9102564102564102,0.17320261437908496,0.25345247766043866,312,0.5142160844841592,1231,5.977,7.945,0.5858470519693715,1.6934962154409903,0.9274247173933694,0.9835660682055668,5.426827898618547,5,0.09519949999999999
mmh0ocgvf4p325,0.10202020202020202,10.446808510638299,0.9987013172132608,0.9327548806941431,0.13257575757575757,0.46565656565656566,461,0.47878787878787876,990,0.057,5.979,0.7727655332099721,1.1531331275465269,0.9827430046248428,0.9983969349396046,8.89149832250696,5,0.2028534999999999
mmh0opq734nw1a,0.11546840958605664,10.32183908045977,0.9999144011814889,0.9204545454545454,0.1488469601677149,0.4793028322440087,440,0.49455337690631807,918,13.949,6.214,0.763547968347135,1.1509802741854256,0.9795187854076044,0.9980176439087176,7.828438778142157,2,0.2752015
mmh0ozswma6i3j,0.09970384995064166,10.391752577319588,0.9999992970479156,0.9472295514511874,0.12796208530805686,0.3741362290227048,379,0.49950641658440276,1013,0.841,8.981,0.7312257910316925,1.0773025020813587,0.9229300562024364,0.9890687605883776,5.075622714413855,3,0.14188649999999992
mmh0pa4lgnz2nd,0.22793296089385476,4.631578947368421,0.999999099469217,0.8406593406593407,0.33620689655172414,0.6100558659217877,546,0.4994413407821229,895,8.637,10.767,0.5246415260304462,1.3789548786318448,0.9781479666829984,0.9943760061594455,9.331745927482922,1,0.17243899999999998
mmh0pj6zqdvwmg,0.09669621273166801,11.467289719626168,0.9998309071865779,0.9512820512820512,0.1188235294117647,0.314262691377921,390,0.492344883158743,1241,5.978,5.023,0.6798068124811394,1.2635816820225354,0.9035897435897436,0.9853680727874276,4.750418693675732,5,0.07509449999999995
mmh0pjhqfbciu8,0.37158469945355194,5.731958762886598,0.9997361209374863,0.7208029197080292,0.6502732240437158,0.7486338797814208,548,0.49043715846994534,732,9.646,7.294,0.6144575281089898,0.4759276839147134,0.979862008191386,0.9923043029811438,13.104006876487702,1,0.10680499999999987
mmh0puch6r88f0,0.5100896860986547,5.037037037037037,0.9998694459264538,0.5714285714285714,0.6945454545454546,0.6905829596412556,616,0.5067264573991032,892,6.369,12.657,0.6028542252716338,1.033328467384244,0.9448827062511466,0.9677033397410844,12.266316161973611,2,0.2741714999999999
mmh0r154h7irg3,0.08411214953271028,12.21875,0.9992870376154209,0.9569160997732427,0.10884353741496598,0.3746813933729822,441,0.4842820730671198,1177,4.07,9.51,0.7690682187888407,1.1083904786497452,0.8976945828775171,0.9833880312791216,4.5628613056351925,3,-0.03213250000000001
mmh0r34rqnesgg,0.27342047930283225,6.045454545454546,0.9995069043761566,0.9347408829174664,0.547979797979798,0.5675381263616558,521,0.5130718954248366,918,8.421,10.413,0.6319851721236017,1.6261980812915655,0.9700663466445758,0.9851589138972922,11.09198034643571,4,0.10312700000000008
mmh0rqn6g1cadb,0.3016845329249617,4.888888888888889,0.9999847748276378,0.8073217726396917,0.7293233082706767,0.7963246554364471,520,0.5022970903522205,653,10.938,11.462,0.5030624340172614,1.2483628937030038,0.9706505490250906,0.9890087435337642,9.416444808519351,1,-0.03928599999999999
mmh0tro0khha5x,0.16,6.534722222222222,0.999280531064971,0.857429718875502,0.17960088691796008,0.5242105263157895,498,0.4842105263157895,950,1.441,0.193,0.6270802460669077,1.4977682275830093,0.9752977047389132,0.994330136652566,8.893034004621988,2,-0.239534
mmh0uacrkmrg83,0.17827298050139276,8.182926829268293,0.9989027089208061,0.9125,0.3628691983122363,0.6685236768802229,480,0.5194986072423399,718,8.069,10.309,0.7806733797472051,0.9230704188595339,0.9757342714554528,0.9940685592735008,8.413308406037945,3,0.23629199999999995
mmh0ueb9o9dis7,0.2935897435897436,4.741496598639456,0.9990702531566406,0.7539149888143176,0.35843373493975905,0.573076923076923,447,0.48205128205128206,780,14.33,6.653,0.6200822026245584,1.382806391068172,0.9702904888624224,0.9917282319444702,8.864723250301493,1,-0.159725
mmh0vbvu4yn6l1,0.10999160369437448,9.146153846153846,0.9999384663658332,0.9536784741144414,0.1385176184690158,0.30814441645675905,367,0.49538203190596136,1191,1.942,5.988,0.6381663199208958,1.3416505186432255,0.9083300188493264,0.9787642450758296,4.891241412090049,3,0.06223750000000006
mmh0vh7gck5q8n,0.12562814070351758,8.02020202020202,0.999107261904943,0.9779559118236473,0.30067567567567566,0.6268844221105527,499,0.5175879396984925,796,2.309,11.716,0.6999197221199032,0.8185840657677774,0.979976132152503,0.997047924125369,8.531656454907019,5,-0.009355000000000113
mmh0wavycmn4y3,0.34684684684684686,4.147826086956521,0.999941453025042,0.7258883248730964,0.38741258741258744,0.35495495495495494,394,0.4954954954954955,1110,5.817,11.03,0.6082584876814593,1.5436469065846437,0.926421731483291,0.962937267930428,6.442243577171994,3,0.20497349999999998
mmh0x9u4kgtvxn,0.493681550126369,4.870967741935484,0.9999953922800321,0.5726495726495726,0.5221556886227545,0.2965459140690817,352,0.4987363100252738,1187,14.361,11.195,0.5985070114918095,1.0488109751615746,0.9526548134947956,0.9790476961915948,8.073587531310883,2,-0.3217285
mmh0yegg0emahk,0.16557161629434955,7.604166666666667,0.9999389652128616,0.9096267190569745,0.3187250996015936,0.668856767411301,509,0.49540078843626806,761,3.537,10.945,0.7478679246390822,0.9213412476602235,0.9799897014621528,0.9937011268516412,9.760174076687838,1,-0.3788525
mmh115pr1lsvkw,0.33488372093023255,5.198529411764706,0.9992352130706913,0.7927565392354124,0.511049723756906,0.5790697674418605,498,0.5162790697674419,860,3.625,21.108,0.5821822259081307,1.0878759892208538,0.9628795778976376,0.9799653312522876,11.189811529059222,1,0.020391000000000103
mmh16ou0ocswzc,0.20361083249749248,5.087628865979381,0.9999644406449978,0.8546845124282982,0.26849894291754756,0.5245737211634904,523,0.49648946840521563,997,4.554,31.478,0.5349214965156869,1.6693227648903246,0.9749023288422504,0.9926160039351158,9.295687395758875,4,0.0065509999999999735
mmh19xdl74m2p5,0.11169652265542676,8.869158878504672,0.9997685094904741,0.9481641468682506,0.16907216494845362,0.48788198103266595,463,0.5089567966280295,949,1.538,0.925,0.6674931398762696,1.3839218807662603,0.981956282171105,0.997569294293247,10.309258658593722,1,0.029011499999999968
mmh1cyh0ahaw8s,0.1796875,6.519736842105263,0.9960228568316535,0.8586497890295358,0.21311475409836064,0.462890625,474,0.537109375,1024,7.785,14.772,0.6573191572023853,1.5976807554480565,0.9024026381909548,0.9712494765494136,4.585665739882607,5,-0.2230540000000002
mmh1eq07kkdfkw,0.13284132841328414,7.475862068965517,0.9982091745284157,0.9254079254079254,0.1712538226299694,0.39575645756457567,429,0.47509225092250923,1084,0.032,10.35,0.6092619736469748,1.3563420388365393,0.926998510173677,0.9850609196106044,5.320729758033401,3,0.16607100000000002
mmh1jfrxrszco0,0.19729206963249515,11.35,0.9983126201788569,0.8414376321353065,0.627906976744186,0.9168278529980658,474,0.5241779497098646,517,0.155,11.972,0.925633610936852,0.24313278601190286,0.973480504587156,0.9916499426605504,10.352038907594464,1,-0.4022465
mmh1qje9negjr0,0.2986870897155361,5.050632911392405,0.9997202144774338,0.7700892857142857,0.3655913978494624,0.49015317286652077,448,0.5098468271334792,914,0.312,7.235,0.7064683887106843,1.3628427000848407,0.9706511981216768,0.9866203991437056,10.350735793525017,2,-0.0879975
mmh1sestgp7zew,0.08737864077669903,11.540816326530612,0.9999544829287736,0.950354609929078,0.11001410437235543,0.3733451015004413,423,0.4960282436010591,1133,3.908,4.74,0.7805480661403296,1.0527025873640319,0.866918309571782,0.97976229947206,3.939647215670188,2,-0.33991400000000005
mmh1tezp242ppu,0.3149113660062565,4.664804469273743,0.9995097286142537,0.7996219281663516,0.4568764568764569,0.5516162669447341,529,0.5130344108446299,959,0.33,6.49,0.5632901807925593,1.6289004615090124,0.9620961263963292,0.9818628895708004,10.440883672340687,1,0.35372950000000003
mmh1wzqpu4iob1,0.12514757969303425,8.474747474747474,0.9996369876894684,0.9324055666003976,0.2099125364431487,0.5938606847697757,503,0.4887839433293979,847,7.909,13.023,0.7027782343880777,0.9323176015860526,0.980342741935484,0.9968401054590572,9.012926690329085,1,0.10572149999999997
mmh250jg0prrne,0.5669099756690997,4.65979381443299,0.9996540760494435,0.48873483535528595,0.7008196721311475,0.7019464720194647,577,0.48905109489051096,822,9.601,4.804,0.600158476855621,0.7734857024643033,0.94164414511032,0.9644802882759212,14.438403082521674,3,0.036751000000000034
mmh28cu87aoonk,0.6852976913730255,2.842857142857143,0.9962895934465072,0.3231292517006803,0.7094017094017094,0.7144592952612394,588,0.4641555285540705,823,38.607,13.73,0.5873900934493209,0.4894863077309953,0.8956955184943631,0.93761452219013,20.452366838851724,2,0.03322550000000002
