session_id,phase_id,E,lib_size,n_obs,rho_reward_causes_choice,rho_choice_causes_reward
mmgkzukxb91bym,1,2,20,200,0.30126100000000006,0.0158665
mmgkzukxb91bym,1,2,62,200,0.3696765,0.1014805
mmgkzukxb91bym,1,2,105,200,0.4279155,0.130686
mmgkzukxb91bym,1,2,147,200,0.4516000000000001,0.11654849999999999
mmgkzukxb91bym,1,2,190,200,0.46089250000000004,0.12585049999999998
mmgkzukxb91bym,2,3,20,200,0.14591500000000004,0.08035
mmgkzukxb91bym,2,3,62,200,0.2822615,0.06605599999999999
mmgkzukxb91bym,2,3,105,200,0.318167,0.10630500000000001
mmgkzukxb91bym,2,3,147,200,0.31666099999999997,0.15022600000000003
mmgkzukxb91bym,2,3,190,200,0.37558349999999996,0.1833845
mmgkzukxb91bym,3,2,20,200,0.578362,0.586689
mmgkzukxb91bym,3,2,62,200,0.6133935,0.6509745
mmgkzukxb91bym,3,2,105,200,0.614144,0.6955125
mmgkzukxb91bym,3,2,147,200,0.6210135,0.715692
mmgkzukxb91bym,3,2,190,200,0.623643,0.7312550000000001
mmgkzukxb91bym,4,2,20,200,0.11731099999999998,0.214111
mmgkzukxb91bym,4,2,62,200,0.166395,0.3386495
mmgkzukxb91bym,4,2,105,200,0.24313099999999999,0.4285605
mmgkzukxb91bym,4,2,147,200,0.27872,0.44074999999999986
mmgkzukxb91bym,4,2,190,200,0.32941650000000006,0.453132
mmglwqjl2idcz3,1,3,20,125,0.364271,0.31268050000000003
mmglwqjl2idcz3,1,3,43,125,0.4736715,0.33367399999999997
mmglwqjl2idcz3,1,3,67,125,0.49976999999999994,0.3565685
mmglwqjl2idcz3,1,3,91,125,0.5143329999999999,0.35102399999999995
mmglwqjl2idcz3,1,3,115,125,0.5239425,0.36328999999999995
mmglwqjl2idcz3,2,2,20,164,0.7477455000000001,0.691894
mmglwqjl2idcz3,2,2,53,164,0.793452,0.709856
mmglwqjl2idcz3,2,2,87,164,0.7646135000000001,0.713089
mmglwqjl2idcz3,2,2,120,164,0.818867,0.708843
mmglwqjl2idcz3,2,2,154,164,0.831156,0.701122
mmglwqjl2idcz3,3,2,20,172,0.6361104999999999,0.5710955
mmglwqjl2idcz3,3,2,55,172,0.845378,0.5678135
mmglwqjl2idcz3,3,2,91,172,0.8677589999999998,0.5795454999999999
mmglwqjl2idcz3,3,2,126,172,0.8673565,0.5935215000000001
mmglwqjl2idcz3,3,2,162,172,0.8802225,0.6053909999999999
mmglwqjl2idcz3,4,2,20,122,0.16791199999999998,0.11441500000000002
mmglwqjl2idcz3,4,2,43,122,0.260144,0.1852155
mmglwqjl2idcz3,4,2,66,122,0.327057,0.22899399999999998
mmglwqjl2idcz3,4,2,89,122,0.3941945,0.178447
mmglwqjl2idcz3,4,2,112,122,0.446647,0.2393465
mmgnnwif7rgnag,1,3,20,200,0.3028775,0.045701500000000006
mmgnnwif7rgnag,1,3,62,200,0.41165499999999994,0.09717150000000001
mmgnnwif7rgnag,1,3,105,200,0.44932549999999993,0.0912945
mmgnnwif7rgnag,1,3,147,200,0.49020600000000003,0.15823500000000001
mmgnnwif7rgnag,1,3,190,200,0.5296744999999999,0.21120199999999997
mmgnnwif7rgnag,2,2,20,200,0.21337199999999998,0.18372699999999997
mmgnnwif7rgnag,2,2,62,200,0.29043800000000003,0.27370649999999996
mmgnnwif7rgnag,2,2,105,200,0.3120845,0.304835
mmgnnwif7rgnag,2,2,147,200,0.34207950000000004,0.340328
mmgnnwif7rgnag,2,2,190,200,0.370711,0.329003
mmgnnwif7rgnag,3,2,20,200,0.27244999999999997,0.2319925
mmgnnwif7rgnag,3,2,62,200,0.404331,0.297042
mmgnnwif7rgnag,3,2,105,200,0.45402249999999994,0.3314045
mmgnnwif7rgnag,3,2,147,200,0.492196,0.344616
mmgnnwif7rgnag,3,2,190,200,0.536489,0.33635199999999993
mmgnnwif7rgnag,4,2,20,136,0.25018500000000005,0.26618200000000003
mmgnnwif7rgnag,4,2,46,136,0.40580349999999993,0.33042449999999995
mmgnnwif7rgnag,4,2,73,136,0.4652239999999999,0.41472
mmgnnwif7rgnag,4,2,99,136,0.483545,0.4332445000000001
mmgnnwif7rgnag,4,2,126,136,0.49238299999999996,0.47133150000000007
mmgp4bc84vs4qt,1,4,20,200,0.1220125,0.20075150000000003
mmgp4bc84vs4qt,1,4,62,200,0.109146,0.3607885
mmgp4bc84vs4qt,1,4,105,200,0.11622600000000001,0.3930465000000001
mmgp4bc84vs4qt,1,4,147,200,0.11627000000000001,0.43334700000000004
mmgp4bc84vs4qt,1,4,190,200,0.1457785,0.44108
mmgp4bc84vs4qt,2,2,20,200,0.290868,0.0401755
mmgp4bc84vs4qt,2,2,62,200,0.3959665,0.12140449999999998
mmgp4bc84vs4qt,2,2,105,200,0.4550015,0.1671865
mmgp4bc84vs4qt,2,2,147,200,0.49195599999999995,0.17031000000000002
mmgp4bc84vs4qt,2,2,190,200,0.5295105000000001,0.17618699999999995
mmgp4bc84vs4qt,3,2,20,200,0.4432105,0.45249949999999994
mmgp4bc84vs4qt,3,2,62,200,0.5231505000000001,0.51435
mmgp4bc84vs4qt,3,2,105,200,0.5713644999999999,0.5644385000000001
mmgp4bc84vs4qt,3,2,147,200,0.6089750000000002,0.5638095
mmgp4bc84vs4qt,3,2,190,200,0.626765,0.5965605
mmgp4bc84vs4qt,4,2,20,200,0.11993400000000001,0.16376600000000002
mmgp4bc84vs4qt,4,2,62,200,0.15156499999999998,0.18525650000000002
mmgp4bc84vs4qt,4,2,105,200,0.21128650000000002,0.23573099999999997
mmgp4bc84vs4qt,4,2,147,200,0.224742,0.2420795
mmgp4bc84vs4qt,4,2,190,200,0.26637000000000005,0.2549040000000001
mmgp4tj5hwk1cr,1,4,20,200,0.25017349999999994,0.092096
mmgp4tj5hwk1cr,1,4,62,200,0.38575499999999996,0.19575
mmgp4tj5hwk1cr,1,4,105,200,0.433467,0.22606449999999997
mmgp4tj5hwk1cr,1,4,147,200,0.44959150000000003,0.18259600000000004
mmgp4tj5hwk1cr,1,4,190,200,0.478314,0.19077550000000001
mmgp4tj5hwk1cr,2,2,20,200,0.30200000000000005,0.33006100000000005
mmgp4tj5hwk1cr,2,2,62,200,0.3716095,0.38803299999999996
mmgp4tj5hwk1cr,2,2,105,200,0.41274999999999995,0.427147
mmgp4tj5hwk1cr,2,2,147,200,0.47981850000000004,0.4797700000000001
mmgp4tj5hwk1cr,2,2,190,200,0.4741194999999999,0.5093695
mmgp4tj5hwk1cr,3,2,20,200,0.511747,0.41236649999999997
mmgp4tj5hwk1cr,3,2,62,200,0.5790975,0.4782780000000001
mmgp4tj5hwk1cr,3,2,105,200,0.6207505000000001,0.521541
mmgp4tj5hwk1cr,3,2,147,200,0.648127,0.5526575000000001
mmgp4tj5hwk1cr,3,2,190,200,0.6945560000000001,0.5745245
mmgp4tj5hwk1cr,4,2,20,200,0.13351500000000002,0.10507649999999999
mmgp4tj5hwk1cr,4,2,62,200,0.21153299999999997,0.14097700000000002
mmgp4tj5hwk1cr,4,2,105,200,0.2460655,0.16538400000000003
mmgp4tj5hwk1cr,4,2,147,200,0.280691,0.179532
mmgp4tj5hwk1cr,4,2,190,200,0.31010850000000006,0.19421499999999997
mmgp5kmoz5itw5,1,2,20,120,0.633351,0.3353075
mmgp5kmoz5itw5,1,2,42,120,0.6174339999999999,0.409926
mmgp5kmoz5itw5,1,2,65,120,0.665126,0.420782
mmgp5kmoz5itw5,1,2,87,120,0.6849875,0.44958500000000007
mmgp5kmoz5itw5,1,2,110,120,0.7229874999999999,0.4566295
mmgp5kmoz5itw5,3,2,20,83,0.126809,0.38521
mmgp5kmoz5itw5,3,2,33,83,0.13588650000000002,0.3802055000000001
mmgp5kmoz5itw5,3,2,46,83,0.14580849999999998,0.41096950000000004
mmgp5kmoz5itw5,3,2,59,83,0.17976799999999998,0.3361695
mmgp5kmoz5itw5,3,2,73,83,0.1855325,0.33915550000000005
mmgp5kmoz5itw5,4,2,20,78,0.2411495,0.18404700000000002
mmgp5kmoz5itw5,4,2,32,78,0.20496449999999994,0.237628
mmgp5kmoz5itw5,4,2,44,78,0.24144250000000006,0.20138799999999996
mmgp5kmoz5itw5,4,2,56,78,0.24924,0.268111
mmgp5kmoz5itw5,4,2,68,78,0.2851389999999999,0.30063399999999996
mmgp92mez7ni28,1,3,20,200,0.3804015,0.5768699999999999
mmgp92mez7ni28,1,3,62,200,0.37422400000000006,0.6262865
mmgp92mez7ni28,1,3,105,200,0.39602499999999996,0.6738
mmgp92mez7ni28,1,3,147,200,0.3958745,0.664859
mmgp92mez7ni28,1,3,190,200,0.4357520000000001,0.7222290000000001
mmgp92mez7ni28,2,4,20,200,0.102929,0.33426849999999997
mmgp92mez7ni28,2,4,62,200,0.16516099999999997,0.41683449999999994
mmgp92mez7ni28,2,4,105,200,0.1689615,0.41759499999999994
mmgp92mez7ni28,2,4,147,200,0.198729,0.4519540000000001
mmgp92mez7ni28,2,4,190,200,0.22594050000000002,0.49054349999999997
mmgp92mez7ni28,3,2,20,200,0.1177565,0.2474205
mmgp92mez7ni28,3,2,62,200,0.3045025,0.311392
mmgp92mez7ni28,3,2,105,200,0.33099599999999996,0.3353135000000001
mmgp92mez7ni28,3,2,147,200,0.3971215,0.330218
mmgp92mez7ni28,3,2,190,200,0.45580399999999993,0.3272145
mmgp92mez7ni28,4,2,20,200,0.1818345,0.006586999999999998
mmgp92mez7ni28,4,2,62,200,0.3490645,0.0288315
mmgp92mez7ni28,4,2,105,200,0.37788449999999996,0.031315499999999996
mmgp92mez7ni28,4,2,147,200,0.4162795,0.020561000000000003
mmgp92mez7ni28,4,2,190,200,0.4640455,0.042505499999999995
mmgp978syi159c,1,2,20,200,0.22918449999999999,0.39814000000000005
mmgp978syi159c,1,2,62,200,0.4028885000000001,0.47859799999999997
mmgp978syi159c,1,2,105,200,0.3845685,0.5132875
mmgp978syi159c,1,2,147,200,0.41804699999999995,0.541266
mmgp978syi159c,1,2,190,200,0.43553050000000004,0.5904735000000001
mmgp978syi159c,2,2,20,200,0.150518,0.059845
mmgp978syi159c,2,2,62,200,0.186888,0.045804
mmgp978syi159c,2,2,105,200,0.20586900000000002,0.07604999999999999
mmgp978syi159c,2,2,147,200,0.25114099999999995,0.0816415
mmgp978syi159c,2,2,190,200,0.278031,0.10193250000000001
mmgp978syi159c,3,2,20,200,0.21058400000000002,0.258084
mmgp978syi159c,3,2,62,200,0.321409,0.26765500000000003
mmgp978syi159c,3,2,105,200,0.39312050000000004,0.328758
mmgp978syi159c,3,2,147,200,0.439112,0.3568045
mmgp978syi159c,3,2,190,200,0.45855199999999996,0.36820100000000006
mmgp978syi159c,4,2,20,200,0.198612,0.294443
mmgp978syi159c,4,2,62,200,0.31765750000000004,0.29415899999999995
mmgp978syi159c,4,2,105,200,0.35392950000000006,0.279659
mmgp978syi159c,4,2,147,200,0.345178,0.30009350000000007
mmgp978syi159c,4,2,190,200,0.3604665,0.2946295
mmgp9zmmm2qlbz,1,2,20,200,0.13980449999999997,0.023667
mmgp9zmmm2qlbz,1,2,62,200,0.24445299999999998,0.11237599999999999
mmgp9zmmm2qlbz,1,2,105,200,0.294455,0.19049649999999999
mmgp9zmmm2qlbz,1,2,147,200,0.31254100000000007,0.2643115000000001
mmgp9zmmm2qlbz,1,2,190,200,0.3241195,0.337118
mmgp9zmmm2qlbz,2,2,20,200,0.1745525,0.23276499999999997
mmgp9zmmm2qlbz,2,2,62,200,0.22206450000000003,0.34664400000000006
mmgp9zmmm2qlbz,2,2,105,200,0.2967599999999999,0.39215349999999993
mmgp9zmmm2qlbz,2,2,147,200,0.336158,0.428671
mmgp9zmmm2qlbz,2,2,190,200,0.351328,0.465684
mmgp9zmmm2qlbz,3,6,20,200,0.439814,0.5042355000000002
mmgp9zmmm2qlbz,3,6,62,200,0.5284150000000001,0.5349570000000001
mmgp9zmmm2qlbz,3,6,105,200,0.5341429999999998,0.5158604999999999
mmgp9zmmm2qlbz,3,6,147,200,0.568699,0.5255075
mmgp9zmmm2qlbz,3,6,190,200,0.5708439999999999,0.5272114999999999
mmgp9zmmm2qlbz,4,2,20,200,0.055847,0.049234
mmgp9zmmm2qlbz,4,2,62,200,0.124314,0.112998
mmgp9zmmm2qlbz,4,2,105,200,0.1922755,0.1650605
mmgp9zmmm2qlbz,4,2,147,200,0.21185199999999998,0.185865
mmgp9zmmm2qlbz,4,2,190,200,0.2144485,0.20394800000000002
mmgpaypnopkm1q,1,3,20,200,0.1734795,0.1854385
mmgpaypnopkm1q,1,3,62,200,0.36897050000000003,0.21787400000000004
mmgpaypnopkm1q,1,3,105,200,0.41485500000000003,0.26273650000000004
mmgpaypnopkm1q,1,3,147,200,0.43863199999999997,0.310542
mmgpaypnopkm1q,1,3,190,200,0.48643100000000006,0.35747
mmgpaypnopkm1q,2,2,20,200,0.27037199999999995,0.2014045
mmgpaypnopkm1q,2,2,62,200,0.318079,0.3023845
mmgpaypnopkm1q,2,2,105,200,0.336528,0.344062
mmgpaypnopkm1q,2,2,147,200,0.33489800000000003,0.346906
mmgpaypnopkm1q,2,2,190,200,0.3391595,0.3684895
mmgpaypnopkm1q,3,2,20,200,0.34387399999999996,0.35774700000000004
mmgpaypnopkm1q,3,2,62,200,0.4384985,0.422999
mmgpaypnopkm1q,3,2,105,200,0.44602249999999993,0.4635079999999999
mmgpaypnopkm1q,3,2,147,200,0.484088,0.4851869999999999
mmgpaypnopkm1q,3,2,190,200,0.4883705,0.4894065
mmgpaypnopkm1q,4,2,20,200,0.101433,0.23839549999999998
mmgpaypnopkm1q,4,2,62,200,0.1989625,0.3241835
mmgpaypnopkm1q,4,2,105,200,0.22446050000000003,0.3609335
mmgpaypnopkm1q,4,2,147,200,0.278732,0.3594285
mmgpaypnopkm1q,4,2,190,200,0.3169415,0.3755835
mmgpciu4e2yunz,1,3,20,200,0.315545,0.199609
mmgpciu4e2yunz,1,3,62,200,0.515339,0.368383
mmgpciu4e2yunz,1,3,105,200,0.5539025000000001,0.42918700000000004
mmgpciu4e2yunz,1,3,147,200,0.5938125,0.46278450000000004
mmgpciu4e2yunz,1,3,190,200,0.6064940000000001,0.5066350000000001
mmgpciu4e2yunz,2,2,20,200,0.446309,0.3222735
mmgpciu4e2yunz,2,2,62,200,0.44026049999999994,0.410661
mmgpciu4e2yunz,2,2,105,200,0.446629,0.4415865
mmgpciu4e2yunz,2,2,147,200,0.48545699999999997,0.460751
mmgpciu4e2yunz,2,2,190,200,0.49862399999999996,0.461684
mmgpciu4e2yunz,3,2,20,200,0.42607249999999997,0.29342550000000006
mmgpciu4e2yunz,3,2,62,200,0.49104000000000003,0.38746249999999993
mmgpciu4e2yunz,3,2,105,200,0.538058,0.395063
mmgpciu4e2yunz,3,2,147,200,0.557004,0.41154149999999995
mmgpciu4e2yunz,3,2,190,200,0.5613929999999999,0.4645394999999999
mmgpciu4e2yunz,4,2,20,200,0.1995275,0.074785
mmgpciu4e2yunz,4,2,62,200,0.1845775,0.1687125
mmgpciu4e2yunz,4,2,105,200,0.21148099999999997,0.202298
mmgpciu4e2yunz,4,2,147,200,0.23159049999999998,0.196449
mmgpciu4e2yunz,4,2,190,200,0.27097399999999994,0.205833
mmgpgi4g1jzpv2,1,2,20,200,0.3433325,0.1826275
mmgpgi4g1jzpv2,1,2,62,200,0.43911050000000007,0.210963
mmgpgi4g1jzpv2,1,2,105,200,0.47790900000000003,0.3170215
mmgpgi4g1jzpv2,1,2,147,200,0.4855525,0.3548865
mmgpgi4g1jzpv2,1,2,190,200,0.510943,0.37444449999999996
mmgpgi4g1jzpv2,2,2,20,200,0.76082,0.7419249999999998
mmgpgi4g1jzpv2,2,2,62,200,0.8263,0.7699245
mmgpgi4g1jzpv2,2,2,105,200,0.8257144999999999,0.7756264999999999
mmgpgi4g1jzpv2,2,2,147,200,0.8382380000000001,0.7810159999999999
mmgpgi4g1jzpv2,2,2,190,200,0.8485860000000001,0.7890685
mmgpgi4g1jzpv2,3,2,20,200,0.43491650000000004,0.3573394999999999
mmgpgi4g1jzpv2,3,2,62,200,0.5107554999999999,0.40003400000000006
mmgpgi4g1jzpv2,3,2,105,200,0.5271135,0.45787100000000003
mmgpgi4g1jzpv2,3,2,147,200,0.5531170000000001,0.48719
mmgpgi4g1jzpv2,3,2,190,200,0.5989835,0.5067760000000001
mmgpgi4g1jzpv2,4,2,20,200,0.128824,0.10870450000000001
mmgpgi4g1jzpv2,4,2,62,200,0.26112149999999995,0.1776385
mmgpgi4g1jzpv2,4,2,105,200,0.30816849999999996,0.23562200000000005
mmgpgi4g1jzpv2,4,2,147,200,0.3420905,0.23278699999999994
mmgpgi4g1jzpv2,4,2,190,200,0.3482905,0.26294150000000005
mmgpiq4ct3r8s1,1,2,20,200,0.5505405,
mmgpiq4ct3r8s1,1,2,62,200,0.6193215000000001,0.3524185
mmgpiq4ct3r8s1,1,2,105,200,0.613019,0.419653
mmgpiq4ct3r8s1,1,2,147,200,0.6077125,0.446725
mmgpiq4ct3r8s1,1,2,190,200,0.6214270000000001,0.46925
mmgpiq4ct3r8s1,2,2,20,200,0.4428145,0.4598375
mmgpiq4ct3r8s1,2,2,62,200,0.622319,0.5744125
mmgpiq4ct3r8s1,2,2,105,200,0.682105,0.6143879999999999
mmgpiq4ct3r8s1,2,2,147,200,0.716642,0.6346179999999999
mmgpiq4ct3r8s1,2,2,190,200,0.735297,0.656667
mmgpiq4ct3r8s1,4,2,20,200,0.24852200000000005,0.30999399999999994
mmgpiq4ct3r8s1,4,2,62,200,0.47126450000000003,0.5643265000000001
mmgpiq4ct3r8s1,4,2,105,200,0.5280834999999999,0.5953665
mmgpiq4ct3r8s1,4,2,147,200,0.5734515,0.620814
mmgpiq4ct3r8s1,4,2,190,200,0.590433,0.627664
mmgpqa16u4u07b,1,2,20,200,0.287263,0.12631949999999997
mmgpqa16u4u07b,1,2,62,200,0.32931,0.22196150000000006
mmgpqa16u4u07b,1,2,105,200,0.359403,0.24519799999999997
mmgpqa16u4u07b,1,2,147,200,0.40803649999999997,0.2639885
mmgpqa16u4u07b,1,2,190,200,0.466345,0.291203
mmgpqa16u4u07b,2,3,20,200,0.2585255000000001,0.29219900000000004
mmgpqa16u4u07b,2,3,62,200,0.37130399999999997,0.29686549999999995
mmgpqa16u4u07b,2,3,105,200,0.44943599999999995,0.33315249999999996
mmgpqa16u4u07b,2,3,147,200,0.4960049999999999,0.37010400000000004
mmgpqa16u4u07b,2,3,190,200,0.5208484999999999,0.40292200000000006
mmgpqa16u4u07b,3,2,20,200,0.3717565,0.26757
mmgpqa16u4u07b,3,2,62,200,0.5051969999999999,0.29966100000000007
mmgpqa16u4u07b,3,2,105,200,0.565685,0.359918
mmgpqa16u4u07b,3,2,147,200,0.6078655000000002,0.420899
mmgpqa16u4u07b,3,2,190,200,0.638267,0.434249
mmgpqa16u4u07b,4,2,20,200,0.2354985,0.1081145
mmgpqa16u4u07b,4,2,62,200,0.3038309999999999,0.13980800000000002
mmgpqa16u4u07b,4,2,105,200,0.34827900000000006,0.1301765
mmgpqa16u4u07b,4,2,147,200,0.402954,0.19055599999999998
mmgpqa16u4u07b,4,2,190,200,0.43463499999999994,0.20516800000000002
mmgpy8l4xh9nto,1,2,20,200,0.1728405,0.1304715
mmgpy8l4xh9nto,1,2,62,200,0.22286449999999997,0.21193599999999999
mmgpy8l4xh9nto,1,2,105,200,0.292626,0.28740150000000003
mmgpy8l4xh9nto,1,2,147,200,0.26524050000000005,0.32044
mmgpy8l4xh9nto,1,2,190,200,0.3456795,0.3516665
mmgpy8l4xh9nto,2,2,20,200,0.8569025,0.8888604999999998
mmgpy8l4xh9nto,2,2,62,200,0.879982,0.9057924999999999
mmgpy8l4xh9nto,2,2,105,200,0.889767,0.9137799999999998
mmgpy8l4xh9nto,2,2,147,200,0.8930404999999999,0.919074
mmgpy8l4xh9nto,2,2,190,200,0.8965335000000001,0.9249515
mmgpy8l4xh9nto,3,2,20,200,0.110496,0.21381000000000006
mmgpy8l4xh9nto,3,2,62,200,0.18442799999999998,0.246504
mmgpy8l4xh9nto,3,2,105,200,0.243504,0.245676
mmgpy8l4xh9nto,3,2,147,200,0.287601,0.28977200000000003
mmgpy8l4xh9nto,3,2,190,200,0.3207805,0.32577
mmgpy8l4xh9nto,4,5,20,200,0.03891,0.164953
mmgpy8l4xh9nto,4,5,62,200,0.153129,0.20522150000000003
mmgpy8l4xh9nto,4,5,105,200,0.1800035,0.27895749999999997
mmgpy8l4xh9nto,4,5,147,200,0.252108,0.28922899999999996
mmgpy8l4xh9nto,4,5,190,200,0.33496099999999995,0.330162
mmgq3qouddjc6z,1,2,20,200,0.39834050000000004,0.38936800000000005
mmgq3qouddjc6z,1,2,62,200,0.4252675,0.472663
mmgq3qouddjc6z,1,2,105,200,0.46217700000000006,0.4771715
mmgq3qouddjc6z,1,2,147,200,0.4978609999999999,0.5142095
mmgq3qouddjc6z,1,2,190,200,0.5201085,0.545123
mmgq3qouddjc6z,2,2,20,200,0.23332950000000002,0.099945
mmgq3qouddjc6z,2,2,62,200,0.32363749999999997,0.14876099999999998
mmgq3qouddjc6z,2,2,105,200,0.29305649999999994,0.19185649999999999
mmgq3qouddjc6z,2,2,147,200,0.327609,0.21546499999999996
mmgq3qouddjc6z,2,2,190,200,0.36357849999999997,0.24199299999999999
mmgq3qouddjc6z,3,3,20,200,0.08621249999999998,0.21461000000000002
mmgq3qouddjc6z,3,3,62,200,0.1396745,0.29063950000000005
mmgq3qouddjc6z,3,3,105,200,0.1713285,0.3118875
mmgq3qouddjc6z,3,3,147,200,0.23813399999999998,0.34226199999999996
mmgq3qouddjc6z,3,3,190,200,0.29423,0.3770975
mmgq3qouddjc6z,4,2,20,200,-0.012049,0.11528849999999997
mmgq3qouddjc6z,4,2,62,200,0.017688999999999996,0.16591750000000002
mmgq3qouddjc6z,4,2,105,200,0.08816099999999999,0.144646
mmgq3qouddjc6z,4,2,147,200,0.12370400000000001,0.1264045
mmgq3qouddjc6z,4,2,190,200,0.170707,0.158392
mmgqyc7ozjls4u,1,2,20,200,0.015413500000000002,0.139598
mmgqyc7ozjls4u,1,2,62,200,0.052469,0.187353
mmgqyc7ozjls4u,1,2,105,200,0.069003,0.20133299999999998
mmgqyc7ozjls4u,1,2,147,200,0.10596649999999999,0.22410250000000004
mmgqyc7ozjls4u,1,2,190,200,0.1243895,0.2625415
mmgqyc7ozjls4u,2,2,20,200,0.051315999999999994,0.624908
mmgqyc7ozjls4u,2,2,62,200,0.14548149999999999,0.645758
mmgqyc7ozjls4u,2,2,105,200,0.17193799999999998,0.6945664999999999
mmgqyc7ozjls4u,2,2,147,200,0.198405,0.7127224999999999
mmgqyc7ozjls4u,2,2,190,200,0.2097465,0.7243329999999999
mmgqyc7ozjls4u,3,2,20,200,0.20392000000000002,0.22306499999999999
mmgqyc7ozjls4u,3,2,62,200,0.2571385,0.345705
mmgqyc7ozjls4u,3,2,105,200,0.26826300000000003,0.4120205
mmgqyc7ozjls4u,3,2,147,200,0.286222,0.415782
mmgqyc7ozjls4u,3,2,190,200,0.3007975,0.44474800000000003
mmgqyc7ozjls4u,4,2,20,200,0.10561899999999999,0.1424125
mmgqyc7ozjls4u,4,2,62,200,0.147724,0.2435365
mmgqyc7ozjls4u,4,2,105,200,0.19322599999999998,0.2812065
mmgqyc7ozjls4u,4,2,147,200,0.23664849999999998,0.29570850000000004
mmgqyc7ozjls4u,4,2,190,200,0.2642844999999999,0.321894
mmgr4s188ypj5i,1,3,20,200,0.190398,0.0162155
mmgr4s188ypj5i,1,3,62,200,0.196975,0.092915
mmgr4s188ypj5i,1,3,105,200,0.208995,0.12059649999999997
mmgr4s188ypj5i,1,3,147,200,0.261174,0.14214300000000002
mmgr4s188ypj5i,1,3,190,200,0.29179249999999995,0.18616700000000003
mmgr4s188ypj5i,2,2,20,200,0.20523550000000004,0.1609535
mmgr4s188ypj5i,2,2,62,200,0.31022999999999995,0.28119099999999997
mmgr4s188ypj5i,2,2,105,200,0.3090645,0.3431525
mmgr4s188ypj5i,2,2,147,200,0.30601900000000004,0.3799055
mmgr4s188ypj5i,2,2,190,200,0.3531345,0.382983
mmgr4s188ypj5i,3,2,20,200,0.252023,0.221144
mmgr4s188ypj5i,3,2,62,200,0.30778400000000006,0.299618
mmgr4s188ypj5i,3,2,105,200,0.346883,0.336768
mmgr4s188ypj5i,3,2,147,200,0.397534,0.38457050000000004
mmgr4s188ypj5i,3,2,190,200,0.40977699999999995,0.3957355
mmgr4s188ypj5i,4,2,20,200,0.053583000000000006,0.04449700000000001
mmgr4s188ypj5i,4,2,62,200,0.09041450000000001,0.10383099999999998
mmgr4s188ypj5i,4,2,105,200,0.12299,0.09762599999999998
mmgr4s188ypj5i,4,2,147,200,0.18942699999999998,0.1287885
mmgr4s188ypj5i,4,2,190,200,0.24248700000000004,0.169769
mmgr4wtlfg07a6,1,3,20,200,0.10776100000000002,0.039014
mmgr4wtlfg07a6,1,3,62,200,0.251087,0.063516
mmgr4wtlfg07a6,1,3,105,200,0.3047885,0.0984305
mmgr4wtlfg07a6,1,3,147,200,0.36261199999999993,0.12262500000000001
mmgr4wtlfg07a6,1,3,190,200,0.378855,0.14919050000000003
mmgr4wtlfg07a6,2,2,20,200,0.347765,0.25487800000000005
mmgr4wtlfg07a6,2,2,62,200,0.37456349999999994,0.3733735
mmgr4wtlfg07a6,2,2,105,200,0.40976749999999995,0.4409605000000001
mmgr4wtlfg07a6,2,2,147,200,0.4159960000000001,0.537878
mmgr4wtlfg07a6,2,2,190,200,0.43755250000000007,0.590397
mmgr4wtlfg07a6,3,2,20,200,0.0017535000000000016,0.16516799999999998
mmgr4wtlfg07a6,3,2,62,200,0.138855,0.24089449999999996
mmgr4wtlfg07a6,3,2,105,200,0.18201,0.264912
mmgr4wtlfg07a6,3,2,147,200,0.2343595,0.356802
mmgr4wtlfg07a6,3,2,190,200,0.25688,0.36706049999999996
mmgr4wtlfg07a6,4,3,20,200,0.1858475,0.08441400000000002
mmgr4wtlfg07a6,4,3,62,200,0.25805549999999994,0.09516350000000001
mmgr4wtlfg07a6,4,3,105,200,0.26740200000000003,0.11457350000000002
mmgr4wtlfg07a6,4,3,147,200,0.32848350000000004,0.143822
mmgr4wtlfg07a6,4,3,190,200,0.36949199999999993,0.12603949999999997
mmgr8c41csnx7y,1,3,20,161,0.17003450000000003,0.3835155
mmgr8c41csnx7y,1,3,52,161,0.22026449999999995,0.425963
mmgr8c41csnx7y,1,3,85,161,0.215685,0.41745
mmgr8c41csnx7y,1,3,118,161,0.2445445,0.40956000000000004
mmgr8c41csnx7y,1,3,151,161,0.26130699999999996,0.4184914999999999
mmgr8c41csnx7y,2,2,20,200,0.3361665,0.06431049999999999
mmgr8c41csnx7y,2,2,62,200,0.4018955,0.080876
mmgr8c41csnx7y,2,2,105,200,0.4609305,0.139083
mmgr8c41csnx7y,2,2,147,200,0.48422599999999993,0.16832850000000002
mmgr8c41csnx7y,2,2,190,200,0.5524540000000001,0.1943685
mmgr8c41csnx7y,3,2,20,195,0.07473349999999998,0.284288
mmgr8c41csnx7y,3,2,61,195,0.12123700000000001,0.3563385
mmgr8c41csnx7y,3,2,102,195,0.18698299999999998,0.4022895
mmgr8c41csnx7y,3,2,143,195,0.22321,0.433789
mmgr8c41csnx7y,3,2,185,195,0.24155799999999994,0.4577475
mmgr8c41csnx7y,4,6,20,115,0.22973849999999998,0.339561
mmgr8c41csnx7y,4,6,41,115,0.343188,0.441145
mmgr8c41csnx7y,4,6,62,115,0.36128,0.47373700000000013
mmgr8c41csnx7y,4,6,83,115,0.3784455,0.5038055
mmgr8c41csnx7y,4,6,105,115,0.379955,0.5373235000000001
mmh0l2c7syhpy7,1,2,20,200,0.10657400000000002,0.015801
mmh0l2c7syhpy7,1,2,62,200,0.21494899999999997,0.050542
mmh0l2c7syhpy7,1,2,105,200,0.22254650000000004,0.0686725
mmh0l2c7syhpy7,1,2,147,200,0.26912150000000007,0.10914100000000002
mmh0l2c7syhpy7,1,2,190,200,0.30011899999999997,0.124695
mmh0l2c7syhpy7,2,2,20,200,0.25783800000000007,0.1906565
mmh0l2c7syhpy7,2,2,62,200,0.3967135,0.311978
mmh0l2c7syhpy7,2,2,105,200,0.4892785,0.3562685
mmh0l2c7syhpy7,2,2,147,200,0.518664,0.40806900000000007
mmh0l2c7syhpy7,2,2,190,200,0.5695074999999999,0.409551
mmh0l2c7syhpy7,3,2,20,200,0.32339399999999996,0.34349149999999995
mmh0l2c7syhpy7,3,2,62,200,0.33282950000000006,0.44452299999999995
mmh0l2c7syhpy7,3,2,105,200,0.40657799999999994,0.49428850000000013
mmh0l2c7syhpy7,3,2,147,200,0.4615215000000001,0.5306445
mmh0l2c7syhpy7,3,2,190,200,0.47107850000000007,0.5577265
mmh0l2c7syhpy7,4,2,20,200,0.050857,0.075936
mmh0l2c7syhpy7,4,2,62,200,0.09430599999999997,0.19199750000000002
mmh0l2c7syhpy7,4,2,105,200,0.12757250000000003,0.195046
mmh0l2c7syhpy7,4,2,147,200,0.213029,0.199749
mmh0l2c7syhpy7,4,2,190,200,0.212598,0.24739000000000005
mmh0l48d4j1y4y,1,3,20,186,,0.6985805
mmh0l48d4j1y4y,1,3,59,186,0.928463,0.7194735
mmh0l48d4j1y4y,1,3,98,186,0.9344505,0.7247954999999999
mmh0l48d4j1y4y,1,3,137,186,0.9328559999999999,0.7228205000000001
mmh0l48d4j1y4y,1,3,176,186,0.9468910000000001,0.718378
mmh0l48d4j1y4y,2,2,20,200,0.3675369999999999,0.1901445
mmh0l48d4j1y4y,2,2,62,200,0.4343375,0.25368899999999994
mmh0l48d4j1y4y,2,2,105,200,0.47144149999999996,0.29575499999999993
mmh0l48d4j1y4y,2,2,147,200,0.4811845,0.29262750000000004
mmh0l48d4j1y4y,2,2,190,200,0.5215460000000001,0.31250950000000005
mmh0l48d4j1y4y,3,3,20,200,0.466398,0.24713700000000002
mmh0l48d4j1y4y,3,3,62,200,0.5952695,0.28105749999999996
mmh0l48d4j1y4y,3,3,105,200,0.588366,0.29032149999999995
mmh0l48d4j1y4y,3,3,147,200,0.6307,0.34287500000000004
mmh0l48d4j1y4y,3,3,190,200,0.6593164999999999,0.394204
mmh0l48d4j1y4y,4,2,20,200,0.043577500000000005,0.20356899999999997
mmh0l48d4j1y4y,4,2,62,200,0.10317799999999999,0.2889475
mmh0l48d4j1y4y,4,2,105,200,0.146176,0.3838404999999999
mmh0l48d4j1y4y,4,2,147,200,0.16519599999999998,0.38184500000000005
mmh0l48d4j1y4y,4,2,190,200,0.15464650000000005,0.384957
mmh0le5hn8utpd,1,2,20,200,0.287805,0.20214700000000002
mmh0le5hn8utpd,1,2,62,200,0.45568299999999995,0.40913849999999996
mmh0le5hn8utpd,1,2,105,200,0.500329,0.455366
mmh0le5hn8utpd,1,2,147,200,0.5328084999999999,0.462202
mmh0le5hn8utpd,1,2,190,200,0.534713,0.47884000000000004
mmh0le5hn8utpd,2,6,20,200,0.207502,0.3982405
mmh0le5hn8utpd,2,6,62,200,0.23158949999999998,0.48772099999999996
mmh0le5hn8utpd,2,6,105,200,0.20514899999999997,0.5036075
mmh0le5hn8utpd,2,6,147,200,0.20365850000000002,0.5227374999999999
mmh0le5hn8utpd,2,6,190,200,0.21991199999999997,0.5407589999999999
mmh0le5hn8utpd,3,2,20,200,0.122309,0.07467199999999999
mmh0le5hn8utpd,3,2,62,200,0.224322,0.15566850000000002
mmh0le5hn8utpd,3,2,105,200,0.2462755,0.19329300000000002
mmh0le5hn8utpd,3,2,147,200,0.2729755,0.19728400000000001
mmh0le5hn8utpd,3,2,190,200,0.312092,0.235176
mmh0le5hn8utpd,4,2,20,200,0.174585,0.12407400000000005
mmh0le5hn8utpd,4,2,62,200,0.3784335,0.1725005
mmh0le5hn8utpd,4,2,105,200,0.4676169999999999,0.20844200000000002
mmh0le5hn8utpd,4,2,147,200,0.532698,0.23812999999999995
mmh0le5hn8utpd,4,2,190,200,0.5328035,0.26507600000000003
mmh0lgop76n6ez,1,2,20,200,0.102191,0.2509815
mmh0lgop76n6ez,1,2,62,200,0.20702199999999996,0.2893845
mmh0lgop76n6ez,1,2,105,200,0.232368,0.219971
mmh0lgop76n6ez,1,2,147,200,0.24163099999999993,0.20952449999999995
mmh0lgop76n6ez,1,2,190,200,0.27407450000000005,0.2711285
mmh0lgop76n6ez,2,2,20,200,0.4518399999999999,0.435901
mmh0lgop76n6ez,2,2,62,200,0.5486245000000001,0.5009114999999998
mmh0lgop76n6ez,2,2,105,200,0.5911759999999999,0.5566260000000001
mmh0lgop76n6ez,2,2,147,200,0.6147925000000001,0.5825
mmh0lgop76n6ez,2,2,190,200,0.6188015,0.5919760000000001
mmh0lgop76n6ez,3,2,20,200,0.34508799999999995,0.1428515
mmh0lgop76n6ez,3,2,62,200,0.4830474999999999,0.20879999999999996
mmh0lgop76n6ez,3,2,105,200,0.5355205,0.2736645
mmh0lgop76n6ez,3,2,147,200,0.5621824999999999,0.28991
mmh0lgop76n6ez,3,2,190,200,0.5810125,0.28365699999999994
mmh0lgop76n6ez,4,2,20,200,0.1025355,0.08461300000000001
mmh0lgop76n6ez,4,2,62,200,0.193794,0.0886065
mmh0lgop76n6ez,4,2,105,200,0.201737,0.0942295
mmh0lgop76n6ez,4,2,147,200,0.23758049999999997,0.11938900000000001
mmh0lgop76n6ez,4,2,190,200,0.264132,0.13765699999999997
mmh0lku3ip54e4,1,2,20,200,0.009653,0.034366999999999995
mmh0lku3ip54e4,1,2,62,200,0.10397550000000003,0.0914525
mmh0lku3ip54e4,1,2,105,200,0.10104500000000002,0.13646399999999997
mmh0lku3ip54e4,1,2,147,200,0.14040399999999997,0.12778899999999999
mmh0lku3ip54e4,1,2,190,200,0.175989,0.180382
mmh0lku3ip54e4,2,2,20,200,0.3608615,0.43222749999999993
mmh0lku3ip54e4,2,2,62,200,0.3708715,0.5207725
mmh0lku3ip54e4,2,2,105,200,0.419806,0.569097
mmh0lku3ip54e4,2,2,147,200,0.4663345,0.5760804999999999
mmh0lku3ip54e4,2,2,190,200,0.48525799999999997,0.5914225
mmh0lku3ip54e4,3,2,20,200,0.1399185,0.15198550000000002
mmh0lku3ip54e4,3,2,62,200,0.30547099999999994,0.23793249999999996
mmh0lku3ip54e4,3,2,105,200,0.3540525,0.29227749999999997
mmh0lku3ip54e4,3,2,147,200,0.364132,0.31093350000000003
mmh0lku3ip54e4,3,2,190,200,0.38479599999999997,0.323257
mmh0lku3ip54e4,4,2,20,200,0.4508365,0.288362
mmh0lku3ip54e4,4,2,62,200,0.6864915,0.47870950000000007
mmh0lku3ip54e4,4,2,105,200,0.70015,0.4920139999999999
mmh0lku3ip54e4,4,2,147,200,0.7264489999999999,0.5016205000000001
mmh0lku3ip54e4,4,2,190,200,0.730924,0.5183074999999999
mmh0lpcdm9wdcu,1,2,20,127,0.337295,0.475334
mmh0lpcdm9wdcu,1,2,44,127,0.339087,0.47378850000000006
mmh0lpcdm9wdcu,1,2,68,127,0.32209299999999996,0.48445099999999996
mmh0lpcdm9wdcu,1,2,92,127,0.305176,0.5226809999999998
mmh0lpcdm9wdcu,1,2,117,127,0.28490650000000006,0.48779249999999996
mmh0lpcdm9wdcu,4,2,20,53,0.631096,0.955554
mmh0lpcdm9wdcu,4,2,25,53,0.663789,0.968833
mmh0lpcdm9wdcu,4,2,31,53,0.625722,0.9033085
mmh0lpcdm9wdcu,4,2,37,53,0.6478370000000001,0.9761095
mmh0lpcdm9wdcu,4,2,43,53,0.6549039999999999,0.9773610000000001
mmh0m3latwun95,1,2,20,200,0.0894945,0.09399050000000002
mmh0m3latwun95,1,2,62,200,0.1340015,0.29692050000000003
mmh0m3latwun95,1,2,105,200,0.138537,0.31673850000000003
mmh0m3latwun95,1,2,147,200,0.18461900000000003,0.375998
mmh0m3latwun95,1,2,190,200,0.19188249999999998,0.390877
mmh0m3latwun95,2,2,20,200,0.47526250000000003,0.45437000000000005
mmh0m3latwun95,2,2,62,200,0.5385719999999999,0.48943049999999994
mmh0m3latwun95,2,2,105,200,0.5451370000000001,0.5316515
mmh0m3latwun95,2,2,147,200,0.5752805,0.5630930000000001
mmh0m3latwun95,2,2,190,200,0.5951025,0.588199
mmh0m3latwun95,3,2,20,200,0.21704049999999997,0.41925500000000004
mmh0m3latwun95,3,2,62,200,0.35974449999999997,0.44976099999999997
mmh0m3latwun95,3,2,105,200,0.42527700000000007,0.484662
mmh0m3latwun95,3,2,147,200,0.46390649999999994,0.5166265000000001
mmh0m3latwun95,3,2,190,200,0.495268,0.5284825
mmh0m3latwun95,4,2,20,200,0.2935385,0.203565
mmh0m3latwun95,4,2,62,200,0.42823,0.28078000000000003
mmh0m3latwun95,4,2,105,200,0.4815155,0.262015
mmh0m3latwun95,4,2,147,200,0.4777245,0.27539650000000004
mmh0m3latwun95,4,2,190,200,0.490869,0.29718550000000005
mmh0mm0schxk59,1,2,20,200,0.43066499999999996,0.23918149999999994
mmh0mm0schxk59,1,2,62,200,0.4480765000000001,0.366191
mmh0mm0schxk59,1,2,105,200,0.33127,0.3574845
mmh0mm0schxk59,1,2,147,200,0.369706,0.40228349999999996
mmh0mm0schxk59,1,2,190,200,0.316679,0.4408424999999999
mmh0mm0schxk59,2,2,20,200,0.19719550000000002,0.25857399999999997
mmh0mm0schxk59,2,2,62,200,0.4000775,0.368245
mmh0mm0schxk59,2,2,105,200,0.43252449999999987,0.41197
mmh0mm0schxk59,2,2,147,200,0.4635370000000001,0.45113450000000005
mmh0mm0schxk59,2,2,190,200,0.47047850000000013,0.4687075
mmh0mm0schxk59,3,2,20,200,0.144656,0.11930400000000001
mmh0mm0schxk59,3,2,62,200,0.247758,0.12818849999999998
mmh0mm0schxk59,3,2,105,200,0.30452199999999996,0.17525850000000004
mmh0mm0schxk59,3,2,147,200,0.3304,0.21227200000000002
mmh0mm0schxk59,3,2,190,200,0.3005615,0.233697
mmh0mm0schxk59,4,2,20,200,0.46646599999999994,0.37110699999999996
mmh0mm0schxk59,4,2,62,200,0.6508939999999999,0.5641714999999999
mmh0mm0schxk59,4,2,105,200,0.6947634999999999,0.568873
mmh0mm0schxk59,4,2,147,200,0.7207665000000001,0.5779620000000001
mmh0mm0schxk59,4,2,190,200,0.7377419999999999,0.5899395000000001
mmh0mmptqfyu87,1,6,20,123,,0.09873200000000001
mmh0mmptqfyu87,1,6,43,123,0.6108184999999999,0.17067749999999998
mmh0mmptqfyu87,1,6,66,123,0.6530035000000001,0.29374749999999994
mmh0mmptqfyu87,1,6,89,123,0.683719,0.298521
mmh0mmptqfyu87,1,6,113,123,0.6875840000000001,0.349954
mmh0mmptqfyu87,2,2,20,130,0.0383815,0.119507
mmh0mmptqfyu87,2,2,45,130,0.09497150000000001,0.15729500000000002
mmh0mmptqfyu87,2,2,70,130,0.1050835,0.175045
mmh0mmptqfyu87,2,2,95,130,0.12269350000000001,0.1971175
mmh0mmptqfyu87,2,2,120,130,0.1441265,0.2038975
mmh0mmptqfyu87,3,3,20,132,0.5030225,0.264992
mmh0mmptqfyu87,3,3,45,132,0.5656125000000001,0.215575
mmh0mmptqfyu87,3,3,71,132,0.6026925,0.19404000000000005
mmh0mmptqfyu87,3,3,96,132,0.6300515,0.18900050000000002
mmh0mmptqfyu87,3,3,122,132,0.6539254999999999,0.17651500000000003
mmh0mmptqfyu87,4,3,20,109,0.1850425,0.27598399999999995
mmh0mmptqfyu87,4,3,39,109,0.24693799999999994,0.3984915
mmh0mmptqfyu87,4,3,59,109,0.29956949999999993,0.45436000000000004
mmh0mmptqfyu87,4,3,79,109,0.35824249999999996,0.5377505
mmh0mmptqfyu87,4,3,99,109,0.397871,0.570643
mmh0nnjg95y0zn,1,2,20,200,0.2501905,0.021721
mmh0nnjg95y0zn,1,2,62,200,0.33749450000000003,0.153268
mmh0nnjg95y0zn,1,2,105,200,0.33277900000000005,0.2345215
mmh0nnjg95y0zn,1,2,147,200,0.38909699999999997,0.289231
mmh0nnjg95y0zn,1,2,190,200,0.41440400000000005,0.3192045
mmh0nnjg95y0zn,2,2,20,200,0.051411,0.13463150000000002
mmh0nnjg95y0zn,2,2,62,200,0.205351,0.23934100000000003
mmh0nnjg95y0zn,2,2,105,200,0.21365000000000003,0.3130535
mmh0nnjg95y0zn,2,2,147,200,0.229752,0.3794155
mmh0nnjg95y0zn,2,2,190,200,0.268384,0.387698
mmh0nnjg95y0zn,3,2,20,200,0.1489105,0.11853500000000002
mmh0nnjg95y0zn,3,2,62,200,0.1287595,0.1476855
mmh0nnjg95y0zn,3,2,105,200,0.16087500000000002,0.17792400000000003
mmh0nnjg95y0zn,3,2,147,200,0.18193399999999998,0.18152850000000004
mmh0nnjg95y0zn,3,2,190,200,0.24346550000000003,0.2054325
mmh0nnjg95y0zn,4,2,20,200,0.139867,0.1513805
mmh0nnjg95y0zn,4,2,62,200,0.21261549999999999,0.23930500000000005
mmh0nnjg95y0zn,4,2,105,200,0.3352335,0.307489
mmh0nnjg95y0zn,4,2,147,200,0.36945300000000003,0.3372555
mmh0nnjg95y0zn,4,2,190,200,0.3928775,0.309035
mmh0ocgvf4p325,1,2,20,200,0.54863,0.3301205
mmh0ocgvf4p325,1,2,62,200,0.709817,0.5062139999999999
mmh0ocgvf4p325,1,2,105,200,0.7297415,0.5465500000000001
mmh0ocgvf4p325,1,2,147,200,0.7401785000000001,0.5423855
mmh0ocgvf4p325,1,2,190,200,0.75139,0.5485365000000001
mmh0ocgvf4p325,2,2,20,200,0.013098000000000002,0.050520999999999996
mmh0ocgvf4p325,2,2,62,200,0.156109,0.17356100000000002
mmh0ocgvf4p325,2,2,105,200,0.18118399999999998,0.22114450000000002
mmh0ocgvf4p325,2,2,147,200,0.22762500000000002,0.23823599999999998
mmh0ocgvf4p325,2,2,190,200,0.275008,0.2629635
mmh0ocgvf4p325,3,3,20,200,0.147039,0.13167450000000003
mmh0ocgvf4p325,3,3,62,200,0.15448449999999997,0.1843575
mmh0ocgvf4p325,3,3,105,200,0.1599065,0.17824500000000004
mmh0ocgvf4p325,3,3,147,200,0.1793845,0.23188
mmh0ocgvf4p325,3,3,190,200,0.21186499999999997,0.2660619999999999
mmh0ocgvf4p325,4,2,20,200,0.249633,0.19164949999999997
mmh0ocgvf4p325,4,2,62,200,0.3811395,0.29699549999999997
mmh0ocgvf4p325,4,2,105,200,0.428709,0.34674900000000003
mmh0ocgvf4p325,4,2,147,200,0.4672565000000001,0.3515695
mmh0ocgvf4p325,4,2,190,200,0.4835535,0.38706050000000003
mmh0opq734nw1a,1,3,20,200,0.46493949999999995,0.070338
mmh0opq734nw1a,1,3,62,200,0.4813355,0.157254
mmh0opq734nw1a,1,3,105,200,0.4959925000000001,0.1812995
mmh0opq734nw1a,1,3,147,200,0.5351115,0.24984200000000006
mmh0opq734nw1a,1,3,190,200,0.5514825,0.276281
mmh0opq734nw1a,2,2,20,200,0.36955400000000005,0.3746165
mmh0opq734nw1a,2,2,62,200,0.44371799999999995,0.376868
mmh0opq734nw1a,2,2,105,200,0.495895,0.395926
mmh0opq734nw1a,2,2,147,200,0.5286595000000001,0.4501734999999999
mmh0opq734nw1a,2,2,190,200,0.5755950000000001,0.5017539999999999
mmh0opq734nw1a,3,3,20,200,0.19773449999999998,0.04284500000000001
mmh0opq734nw1a,3,3,62,200,0.3808705,0.144411
mmh0opq734nw1a,3,3,105,200,0.43139700000000003,0.23819250000000003
mmh0opq734nw1a,3,3,147,200,0.5009414999999999,0.283892
mmh0opq734nw1a,3,3,190,200,0.5327255,0.3295515
mmh0opq734nw1a,4,2,20,200,0.142925,0.1426165
mmh0opq734nw1a,4,2,62,200,0.21615600000000001,0.29405899999999996
mmh0opq734nw1a,4,2,105,200,0.2526035,0.35001
mmh0opq734nw1a,4,2,147,200,0.3065945,0.3624465
mmh0opq734nw1a,4,2,190,200,0.3131685,0.38041099999999994
mmh0ozswma6i3j,1,3,20,162,0.42917950000000005,0.3982899999999999
mmh0ozswma6i3j,1,3,53,162,0.5082804999999999,0.529017
mmh0ozswma6i3j,1,3,86,162,0.54889,0.5473945
mmh0ozswma6i3j,1,3,119,162,0.5730479999999998,0.5683795
mmh0ozswma6i3j,1,3,152,162,0.604163,0.5783955000000002
mmh0ozswma6i3j,2,2,20,200,0.299249,0.27940050000000005
mmh0ozswma6i3j,2,2,62,200,0.43898800000000004,0.30196800000000007
mmh0ozswma6i3j,2,2,105,200,0.46364150000000004,0.380745
mmh0ozswma6i3j,2,2,147,200,0.498325,0.40338799999999997
mmh0ozswma6i3j,2,2,190,200,0.5399084999999999,0.398022
mmh0ozswma6i3j,3,2,20,200,0.36888200000000004,0.4537045
mmh0ozswma6i3j,3,2,62,200,0.4939625,0.5118330000000001
mmh0ozswma6i3j,3,2,105,200,0.553381,0.5316655
mmh0ozswma6i3j,3,2,147,200,0.5997494999999999,0.5390305000000001
mmh0ozswma6i3j,3,2,190,200,0.6382045,0.5742795
mmh0ozswma6i3j,4,2,20,200,0.163804,0.098276
mmh0ozswma6i3j,4,2,62,200,0.25847950000000003,0.013447499999999996
mmh0ozswma6i3j,4,2,105,200,0.28082900000000005,0.056725000000000005
mmh0ozswma6i3j,4,2,147,200,0.2964049999999999,0.046904999999999995
mmh0ozswma6i3j,4,2,190,200,0.3185429999999999,0.08177599999999999
mmh0pa4lgnz2nd,1,2,20,200,0.28685499999999997,0.16615449999999998
mmh0pa4lgnz2nd,1,2,62,200,0.31507999999999997,0.1614145
mmh0pa4lgnz2nd,1,2,105,200,0.350662,0.1835645
mmh0pa4lgnz2nd,1,2,147,200,0.3659435000000001,0.20814950000000004
mmh0pa4lgnz2nd,1,2,190,200,0.415597,0.24315800000000004
mmh0pa4lgnz2nd,2,2,20,200,0.10888499999999998,0.24670400000000003
mmh0pa4lgnz2nd,2,2,62,200,0.181439,0.32755049999999997
mmh0pa4lgnz2nd,2,2,105,200,0.24194150000000003,0.374096
mmh0pa4lgnz2nd,2,2,147,200,0.28532650000000004,0.39478399999999997
mmh0pa4lgnz2nd,2,2,190,200,0.32483599999999996,0.4016425
mmh0pa4lgnz2nd,3,2,20,200,0.36481299999999994,0.20044050000000002
mmh0pa4lgnz2nd,3,2,62,200,0.46934250000000005,0.253548
mmh0pa4lgnz2nd,3,2,105,200,0.5095149999999999,0.32104150000000004
mmh0pa4lgnz2nd,3,2,147,200,0.538289,0.35781949999999996
mmh0pa4lgnz2nd,3,2,190,200,0.5459330000000001,0.35464799999999996
mmh0pa4lgnz2nd,4,2,20,200,0.252283,0.22210049999999998
mmh0pa4lgnz2nd,4,2,62,200,0.44241,0.31153900000000007
mmh0pa4lgnz2nd,4,2,105,200,0.4555390000000001,0.31411050000000007
mmh0pa4lgnz2nd,4,2,147,200,0.4451064999999999,0.319797
mmh0pa4lgnz2nd,4,2,190,200,0.485429,0.344488
mmh0pj6zqdvwmg,1,3,20,200,0.21149349999999995,0.13404549999999998
mmh0pj6zqdvwmg,1,3,62,200,0.407296,0.3095965
mmh0pj6zqdvwmg,1,3,105,200,0.46762049999999994,0.3925745
mmh0pj6zqdvwmg,1,3,147,200,0.503458,0.4275995
mmh0pj6zqdvwmg,1,3,190,200,0.5255255,0.450431
mmh0pj6zqdvwmg,2,3,20,200,0.444259,0.539242
mmh0pj6zqdvwmg,2,3,62,200,0.5050484999999999,0.5834855
mmh0pj6zqdvwmg,2,3,105,200,0.513702,0.6235535000000001
mmh0pj6zqdvwmg,2,3,147,200,0.559044,0.6511524999999999
mmh0pj6zqdvwmg,2,3,190,200,0.614952,0.6879495
mmh0pj6zqdvwmg,3,3,20,200,0.2913575,0.340835
mmh0pj6zqdvwmg,3,3,62,200,0.44009600000000004,0.39571649999999997
mmh0pj6zqdvwmg,3,3,105,200,0.4935355,0.44814099999999996
mmh0pj6zqdvwmg,3,3,147,200,0.5516964999999999,0.47757700000000003
mmh0pj6zqdvwmg,3,3,190,200,0.5815735,0.5244519999999999
mmh0pj6zqdvwmg,4,2,20,200,0.16474250000000004,0.30991799999999997
mmh0pj6zqdvwmg,4,2,62,200,0.2572315,0.4377675000000001
mmh0pj6zqdvwmg,4,2,105,200,0.31583799999999995,0.4456290000000001
mmh0pj6zqdvwmg,4,2,147,200,0.361341,0.458723
mmh0pj6zqdvwmg,4,2,190,200,0.409048,0.4845689999999999
mmh0pjhqfbciu8,1,2,20,191,0.262609,0.23178250000000006
mmh0pjhqfbciu8,1,2,60,191,0.30668749999999995,0.28761549999999997
mmh0pjhqfbciu8,1,2,100,191,0.3448825,0.3275795
mmh0pjhqfbciu8,1,2,140,191,0.3392215,0.2813009999999999
mmh0pjhqfbciu8,1,2,181,191,0.39446400000000004,0.361985
mmh0pjhqfbciu8,2,3,20,200,0.40412549999999997,0.31845349999999994
mmh0pjhqfbciu8,2,3,62,200,0.453683,0.4004175
mmh0pjhqfbciu8,2,3,105,200,0.5049015000000001,0.430827
mmh0pjhqfbciu8,2,3,147,200,0.5540835,0.45264599999999994
mmh0pjhqfbciu8,2,3,190,200,0.6013445,0.49453950000000013
mmh0pjhqfbciu8,3,3,20,200,0.24848900000000002,0.17650200000000002
mmh0pjhqfbciu8,3,3,62,200,0.28626999999999997,0.23113999999999998
mmh0pjhqfbciu8,3,3,105,200,0.313545,0.3146175
mmh0pjhqfbciu8,3,3,147,200,0.34513099999999997,0.3412609999999999
mmh0pjhqfbciu8,3,3,190,200,0.33018899999999995,0.36162350000000004
mmh0pjhqfbciu8,4,4,20,126,0.1427665,0.4879409999999999
mmh0pjhqfbciu8,4,4,44,126,0.20601350000000002,0.5785254999999999
mmh0pjhqfbciu8,4,4,68,126,0.2645445,0.59208
mmh0pjhqfbciu8,4,4,92,126,0.2578455,0.6042594999999998
mmh0pjhqfbciu8,4,4,116,126,0.296985,0.6019245
mmh0puch6r88f0,1,2,20,200,0.1216515,-0.0158445
mmh0puch6r88f0,1,2,62,200,0.23888550000000003,0.028710000000000003
mmh0puch6r88f0,1,2,105,200,0.2920805,0.07502500000000002
mmh0puch6r88f0,1,2,147,200,0.32366599999999995,0.073983
mmh0puch6r88f0,1,2,190,200,0.35468099999999997,0.08050950000000001
mmh0puch6r88f0,2,3,20,200,0.096144,0.19544150000000002
mmh0puch6r88f0,2,3,62,200,0.0777265,0.229137
mmh0puch6r88f0,2,3,105,200,0.090554,0.23832899999999996
mmh0puch6r88f0,2,3,147,200,0.12497049999999998,0.2968535
mmh0puch6r88f0,2,3,190,200,0.16396850000000002,0.307759
mmh0puch6r88f0,3,2,20,200,0.35861,0.047007
mmh0puch6r88f0,3,2,62,200,0.461684,0.0869825
mmh0puch6r88f0,3,2,105,200,0.512544,0.09171949999999998
mmh0puch6r88f0,3,2,147,200,0.5391885000000001,0.116632
mmh0puch6r88f0,3,2,190,200,0.549022,0.08876450000000001
mmh0puch6r88f0,4,2,20,198,0.16657850000000002,0.32960449999999997
mmh0puch6r88f0,4,2,62,198,0.35198,0.38727100000000003
mmh0puch6r88f0,4,2,104,198,0.31162999999999996,0.40523699999999996
mmh0puch6r88f0,4,2,146,198,0.37117,0.4486009999999999
mmh0puch6r88f0,4,2,188,198,0.378138,0.46065200000000006
mmh0r154h7irg3,1,2,20,200,0.293895,0.3436715
mmh0r154h7irg3,1,2,62,200,0.41479600000000005,0.45627449999999997
mmh0r154h7irg3,1,2,105,200,0.4133915,0.496436
mmh0r154h7irg3,1,2,147,200,0.4470275,0.5152930000000001
mmh0r154h7irg3,1,2,190,200,0.4750915,0.507224
mmh0r154h7irg3,2,2,20,200,0.15758350000000002,0.11058799999999999
mmh0r154h7irg3,2,2,62,200,0.304096,0.209002
mmh0r154h7irg3,2,2,105,200,0.39144500000000004,0.23757750000000005
mmh0r154h7irg3,2,2,147,200,0.4255190000000001,0.24248100000000003
mmh0r154h7irg3,2,2,190,200,0.4954815,0.25791850000000005
mmh0r154h7irg3,3,2,20,200,0.3470895,0.1634155
mmh0r154h7irg3,3,2,62,200,0.458957,0.1498705
mmh0r154h7irg3,3,2,105,200,0.5262499999999999,0.1894075
mmh0r154h7irg3,3,2,147,200,0.5840620000000001,0.203205
mmh0r154h7irg3,3,2,190,200,0.6300144999999999,0.2063425
mmh0r154h7irg3,4,3,20,200,0.16253650000000003,0.165451
mmh0r154h7irg3,4,3,62,200,0.2422999999999999,0.22721950000000005
mmh0r154h7irg3,4,3,105,200,0.26268050000000004,0.246538
mmh0r154h7irg3,4,3,147,200,0.2872135,0.26467349999999995
mmh0r154h7irg3,4,3,190,200,0.2788275,0.27153649999999996
mmh0r34rqnesgg,1,2,20,200,0.26451450000000004,0.178198
mmh0r34rqnesgg,1,2,62,200,0.3324885,0.23719149999999994
mmh0r34rqnesgg,1,2,105,200,0.3551909999999999,0.268196
mmh0r34rqnesgg,1,2,147,200,0.38183300000000003,0.292302
mmh0r34rqnesgg,1,2,190,200,0.3908175,0.28769049999999996
mmh0r34rqnesgg,2,2,20,200,0.22330299999999997,-0.0024295
mmh0r34rqnesgg,2,2,62,200,0.31048000000000003,0.021901499999999997
mmh0r34rqnesgg,2,2,105,200,0.368314,0.0574145
mmh0r34rqnesgg,2,2,147,200,0.3861715,0.09771949999999999
mmh0r34rqnesgg,2,2,190,200,0.4220865,0.10113399999999999
mmh0r34rqnesgg,3,2,20,200,0.2175875,0.23014599999999996
mmh0r34rqnesgg,3,2,62,200,0.28051750000000003,0.285551
mmh0r34rqnesgg,3,2,105,200,0.329635,0.32643849999999996
mmh0r34rqnesgg,3,2,147,200,0.3406505,0.3268185
mmh0r34rqnesgg,3,2,190,200,0.36679049999999996,0.358276
mmh0r34rqnesgg,4,2,20,200,0.7720874999999999,0.5151625
mmh0r34rqnesgg,4,2,62,200,0.8656525,0.6634085
mmh0r34rqnesgg,4,2,105,200,0.8819414999999999,0.7366850000000001
mmh0r34rqnesgg,4,2,147,200,0.88832,0.7263544999999999
mmh0r34rqnesgg,4,2,190,200,0.8865369999999999,0.7436865
mmh0rqn6g1cadb,1,2,20,158,0.21401799999999999,0.20915500000000004
mmh0rqn6g1cadb,1,2,52,158,0.29110450000000004,0.37529199999999996
mmh0rqn6g1cadb,1,2,84,158,0.30933850000000007,0.39015150000000004
mmh0rqn6g1cadb,1,2,116,158,0.3213225,0.422737
mmh0rqn6g1cadb,1,2,148,158,0.33905549999999995,0.43320349999999996
mmh0rqn6g1cadb,2,2,20,165,0.322009,0.24058850000000004
mmh0rqn6g1cadb,2,2,53,165,0.3773835,0.2836405000000001
mmh0rqn6g1cadb,2,2,87,165,0.4015745,0.287227
mmh0rqn6g1cadb,2,2,121,165,0.46259699999999987,0.337013
mmh0rqn6g1cadb,2,2,155,165,0.44644700000000004,0.30489700000000003
mmh0rqn6g1cadb,3,2,20,191,0.04020749999999999,0.034947
mmh0rqn6g1cadb,3,2,60,191,0.10138549999999999,0.090457
mmh0rqn6g1cadb,3,2,100,191,0.13294999999999998,0.1711145
mmh0rqn6g1cadb,3,2,140,191,0.1643065,0.1678
mmh0rqn6g1cadb,3,2,181,191,0.1680995,0.2073855
mmh0rqn6g1cadb,4,2,20,139,0.08031549999999998,0.05925450000000001
mmh0rqn6g1cadb,4,2,47,139,0.157558,0.10687550000000001
mmh0rqn6g1cadb,4,2,74,139,0.21749900000000003,0.16242649999999997
mmh0rqn6g1cadb,4,2,101,139,0.22536749999999994,0.22700099999999995
mmh0rqn6g1cadb,4,2,129,139,0.21649299999999996,0.2801265
mmh0tro0khha5x,1,2,20,200,0.112121,0.1717255
mmh0tro0khha5x,1,2,62,200,0.14433400000000002,0.299378
mmh0tro0khha5x,1,2,105,200,0.12719750000000002,0.3451145
mmh0tro0khha5x,1,2,147,200,0.171771,0.37971350000000004
mmh0tro0khha5x,1,2,190,200,0.16466350000000002,0.4041975
mmh0tro0khha5x,2,2,20,200,0.1931655,0.073929
mmh0tro0khha5x,2,2,62,200,0.26664450000000006,0.1594585
mmh0tro0khha5x,2,2,105,200,0.35077400000000003,0.21171800000000002
mmh0tro0khha5x,2,2,147,200,0.358329,0.2385395
mmh0tro0khha5x,2,2,190,200,0.39925,0.2878465
mmh0tro0khha5x,3,2,20,200,0.461268,0.38945299999999994
mmh0tro0khha5x,3,2,62,200,0.5167495,0.44264449999999994
mmh0tro0khha5x,3,2,105,200,0.551737,0.4786289999999999
mmh0tro0khha5x,3,2,147,200,0.5641325000000001,0.5091750000000002
mmh0tro0khha5x,3,2,190,200,0.5852134999999998,0.509643
mmh0tro0khha5x,4,2,20,200,0.1102855,0.204665
mmh0tro0khha5x,4,2,62,200,0.1651505,0.20869200000000002
mmh0tro0khha5x,4,2,105,200,0.2529795,0.27062149999999996
mmh0tro0khha5x,4,2,147,200,0.295096,0.2851975
mmh0tro0khha5x,4,2,190,200,0.3271879999999999,0.28273500000000007
mmh0uacrkmrg83,1,2,20,161,0.49736400000000003,0.27031799999999995
mmh0uacrkmrg83,1,2,52,161,0.537071,0.455149
mmh0uacrkmrg83,1,2,85,161,0.5522625,0.48522550000000003
mmh0uacrkmrg83,1,2,118,161,0.6103735,0.4792915
mmh0uacrkmrg83,1,2,151,161,0.6492199999999999,0.49768999999999997
mmh0uacrkmrg83,2,2,20,187,0.4685719999999999,0.4436775
mmh0uacrkmrg83,2,2,59,187,0.492514,0.4888855
mmh0uacrkmrg83,2,2,98,187,0.513428,0.49867899999999993
mmh0uacrkmrg83,2,2,137,187,0.558526,0.52318
mmh0uacrkmrg83,2,2,177,187,0.6068490000000001,0.5418485000000001
mmh0uacrkmrg83,3,2,20,200,0.5395255000000001,0.28146899999999997
mmh0uacrkmrg83,3,2,62,200,0.6745355000000001,0.4080015
mmh0uacrkmrg83,3,2,105,200,0.7062555,0.45407899999999995
mmh0uacrkmrg83,3,2,147,200,0.7268655,0.482737
mmh0uacrkmrg83,3,2,190,200,0.7380619999999999,0.5017699999999999
mmh0uacrkmrg83,4,2,20,160,0.17366350000000003,0.06875700000000001
mmh0uacrkmrg83,4,2,52,160,0.2740085,0.11714949999999999
mmh0uacrkmrg83,4,2,85,160,0.306746,0.147333
mmh0uacrkmrg83,4,2,117,160,0.31358349999999996,0.14676850000000002
mmh0uacrkmrg83,4,2,150,160,0.338359,0.180218
mmh0ueb9o9dis7,1,2,20,186,0.20395450000000004,0.285877
mmh0ueb9o9dis7,1,2,59,186,0.26713849999999995,0.311095
mmh0ueb9o9dis7,1,2,98,186,0.28240149999999997,0.3350965
mmh0ueb9o9dis7,1,2,137,186,0.3373345,0.3561005
mmh0ueb9o9dis7,1,2,176,186,0.369047,0.33829549999999997
mmh0ueb9o9dis7,2,2,20,175,0.5417829999999999,0.5459024999999998
mmh0ueb9o9dis7,2,2,56,175,0.6360535,0.6254769999999998
mmh0ueb9o9dis7,2,2,92,175,0.658714,0.6904480000000001
mmh0ueb9o9dis7,2,2,128,175,0.701285,0.7075105
mmh0ueb9o9dis7,2,2,165,175,0.715025,0.705929
mmh0ueb9o9dis7,3,2,20,200,0.33691099999999996,0.4429495
mmh0ueb9o9dis7,3,2,62,200,0.404818,0.545307
mmh0ueb9o9dis7,3,2,105,200,0.439952,0.5850135
mmh0ueb9o9dis7,3,2,147,200,0.449681,0.6086965
mmh0ueb9o9dis7,3,2,190,200,0.451669,0.611394
mmh0ueb9o9dis7,4,2,20,200,0.09456250000000001,0.2929985
mmh0ueb9o9dis7,4,2,62,200,0.07975600000000001,0.34312750000000003
mmh0ueb9o9dis7,4,2,105,200,0.10652049999999999,0.381388
mmh0ueb9o9dis7,4,2,147,200,0.1403605,0.41838800000000004
mmh0ueb9o9dis7,4,2,190,200,0.1492735,0.41482450000000004
mmh0vbvu4yn6l1,1,2,20,200,0.11319399999999999,0.11581099999999997
mmh0vbvu4yn6l1,1,2,62,200,0.4263935,0.31336449999999993
mmh0vbvu4yn6l1,1,2,105,200,0.4581685000000001,0.415259
mmh0vbvu4yn6l1,1,2,147,200,0.5045075000000001,0.446108
mmh0vbvu4yn6l1,1,2,190,200,0.527491,0.46525350000000004
mmh0vbvu4yn6l1,2,2,20,200,0.3497125,0.301685
mmh0vbvu4yn6l1,2,2,62,200,0.42697,0.3707795
mmh0vbvu4yn6l1,2,2,105,200,0.44163749999999996,0.4263195000000001
mmh0vbvu4yn6l1,2,2,147,200,0.504228,0.45972749999999996
mmh0vbvu4yn6l1,2,2,190,200,0.5428170000000001,0.4461274999999999
mmh0vbvu4yn6l1,3,3,20,200,0.26161100000000004,0.11513150000000001
mmh0vbvu4yn6l1,3,3,62,200,0.368338,0.16472749999999997
mmh0vbvu4yn6l1,3,3,105,200,0.419914,0.22077750000000007
mmh0vbvu4yn6l1,3,3,147,200,0.4665165,0.2489685
mmh0vbvu4yn6l1,3,3,190,200,0.4929880000000001,0.3176025
mmh0vbvu4yn6l1,4,4,20,200,0.0482465,0.15465250000000003
mmh0vbvu4yn6l1,4,4,62,200,0.12703799999999998,0.2921145
mmh0vbvu4yn6l1,4,4,105,200,0.1561635,0.34851550000000003
mmh0vbvu4yn6l1,4,4,147,200,0.13683599999999996,0.3693355
mmh0vbvu4yn6l1,4,4,190,200,0.15340900000000002,0.3990275
mmh0vh7gck5q8n,1,2,20,172,0.41587399999999997,0.252526
mmh0vh7gck5q8n,1,2,55,172,0.522195,0.38168649999999993
mmh0vh7gck5q8n,1,2,91,172,0.553824,0.42226400000000003
mmh0vh7gck5q8n,1,2,126,172,0.577916,0.46729699999999996
mmh0vh7gck5q8n,1,2,162,172,0.6091305,0.449534
mmh0vh7gck5q8n,2,2,20,200,0.26354500000000003,0.313672
mmh0vh7gck5q8n,2,2,62,200,0.3194115,0.3085295
mmh0vh7gck5q8n,2,2,105,200,0.3281715,0.32312799999999997
mmh0vh7gck5q8n,2,2,147,200,0.33792849999999997,0.34430050000000006
mmh0vh7gck5q8n,2,2,190,200,0.3622344999999999,0.3715895
mmh0vh7gck5q8n,3,4,20,200,0.6303540000000001,0.5096924999999999
mmh0vh7gck5q8n,3,4,62,200,0.6762465000000001,0.5175615
mmh0vh7gck5q8n,3,4,105,200,0.70876,0.5154825000000001
mmh0vh7gck5q8n,3,4,147,200,0.7189210000000001,0.5358160000000001
mmh0vh7gck5q8n,3,4,190,200,0.738648,0.5627424999999999
mmh0vh7gck5q8n,4,2,20,200,0.2127115,0.15734149999999997
mmh0vh7gck5q8n,4,2,62,200,0.28979,0.24112699999999995
mmh0vh7gck5q8n,4,2,105,200,0.36414549999999996,0.2965915
mmh0vh7gck5q8n,4,2,147,200,0.39450750000000007,0.31010499999999996
mmh0vh7gck5q8n,4,2,190,200,0.41190750000000004,0.34569400000000006
mmh0wavycmn4y3,1,2,20,200,0.2799335,0.13098149999999997
mmh0wavycmn4y3,1,2,62,200,0.3613105,0.138517
mmh0wavycmn4y3,1,2,105,200,0.40878099999999995,0.21409700000000004
mmh0wavycmn4y3,1,2,147,200,0.4417765,0.23118950000000002
mmh0wavycmn4y3,1,2,190,200,0.47532499999999994,0.27035149999999997
mmh0wavycmn4y3,2,2,20,200,0.22238750000000002,0.32557600000000003
mmh0wavycmn4y3,2,2,62,200,0.305664,0.34853900000000004
mmh0wavycmn4y3,2,2,105,200,0.3798685,0.3876535
mmh0wavycmn4y3,2,2,147,200,0.4058445,0.38839450000000003
mmh0wavycmn4y3,2,2,190,200,0.42158750000000006,0.4108784999999999
mmh0wavycmn4y3,3,2,20,200,0.39928500000000006,0.288394
mmh0wavycmn4y3,3,2,62,200,0.48321,0.408108
mmh0wavycmn4y3,3,2,105,200,0.520948,0.45854750000000005
mmh0wavycmn4y3,3,2,147,200,0.54159,0.48758999999999997
mmh0wavycmn4y3,3,2,190,200,0.5735349999999999,0.5000185
mmh0wavycmn4y3,4,5,20,200,0.17866900000000002,0.111605
mmh0wavycmn4y3,4,5,62,200,0.24234349999999996,0.165266
mmh0wavycmn4y3,4,5,105,200,0.18450899999999998,0.2749985
mmh0wavycmn4y3,4,5,147,200,0.19823449999999995,0.32148049999999995
mmh0wavycmn4y3,4,5,190,200,0.22027600000000006,0.356374
mmh0x9u4kgtvxn,1,2,20,200,0.0562795,0.23000150000000005
mmh0x9u4kgtvxn,1,2,62,200,0.06393,0.350955
mmh0x9u4kgtvxn,1,2,105,200,0.117838,0.359607
mmh0x9u4kgtvxn,1,2,147,200,0.13022799999999998,0.39322749999999995
mmh0x9u4kgtvxn,1,2,190,200,0.104994,0.42672250000000006
mmh0x9u4kgtvxn,2,2,20,200,0.33596699999999996,0.46265
mmh0x9u4kgtvxn,2,2,62,200,0.395308,0.5257565
mmh0x9u4kgtvxn,2,2,105,200,0.4673845,0.550847
mmh0x9u4kgtvxn,2,2,147,200,0.5057245,0.574104
mmh0x9u4kgtvxn,2,2,190,200,0.538829,0.580086
mmh0x9u4kgtvxn,3,2,20,200,0.20995850000000002,0.1380645
mmh0x9u4kgtvxn,3,2,62,200,0.283848,0.21675150000000004
mmh0x9u4kgtvxn,3,2,105,200,0.345466,0.29382949999999997
mmh0x9u4kgtvxn,3,2,147,200,0.386667,0.32612399999999997
mmh0x9u4kgtvxn,3,2,190,200,0.4016795,0.3711
mmh0x9u4kgtvxn,4,2,20,200,0.062033000000000005,0.043698
mmh0x9u4kgtvxn,4,2,62,200,0.1267065,0.04996099999999999
mmh0x9u4kgtvxn,4,2,105,200,0.13693599999999997,0.014056499999999996
mmh0x9u4kgtvxn,4,2,147,200,0.14604450000000002,0.084156
mmh0x9u4kgtvxn,4,2,190,200,0.15954900000000002,0.045413
mmh0yegg0emahk,1,2,20,200,0.070603,0.40074750000000003
mmh0yegg0emahk,1,2,62,200,0.16014599999999998,0.5324420000000001
mmh0yegg0emahk,1,2,105,200,0.21377750000000004,0.5443879999999999
mmh0yegg0emahk,1,2,147,200,0.240163,0.585097
mmh0yegg0emahk,1,2,190,200,0.237778,0.6166305
mmh0yegg0emahk,2,2,20,200,0.303095,0.28537399999999996
mmh0yegg0emahk,2,2,62,200,0.4304665,0.54189
mmh0yegg0emahk,2,2,105,200,0.46115200000000006,0.5637645000000001
mmh0yegg0emahk,2,2,147,200,0.483977,0.5866445
mmh0yegg0emahk,2,2,190,200,0.5091545000000001,0.6046745
mmh0yegg0emahk,3,2,20,171,0.5776885,0.336387
mmh0yegg0emahk,3,2,55,171,0.611041,0.351724
mmh0yegg0emahk,3,2,90,171,0.60568,0.36210050000000005
mmh0yegg0emahk,3,2,125,171,0.6351799999999999,0.34342000000000006
mmh0yegg0emahk,3,2,161,171,0.6506624999999999,0.4072125000000001
mmh0yegg0emahk,4,2,20,119,0.394543,0.5838805
mmh0yegg0emahk,4,2,42,119,0.545462,0.698872
mmh0yegg0emahk,4,2,64,119,0.5568095,0.691261
mmh0yegg0emahk,4,2,86,119,0.5712314999999999,0.7107149999999999
mmh0yegg0emahk,4,2,109,119,0.6357894999999999,0.7206685
mmh115pr1lsvkw,1,2,20,192,0.5091629999999999,0.589727
mmh115pr1lsvkw,1,2,60,192,0.5544695000000001,0.601362
mmh115pr1lsvkw,1,2,101,192,0.601985,0.625881
mmh115pr1lsvkw,1,2,141,192,0.608963,0.6775014999999999
mmh115pr1lsvkw,1,2,182,192,0.6107069999999999,0.6948084999999999
mmh115pr1lsvkw,2,2,20,200,0.24017550000000001,0.264324
mmh115pr1lsvkw,2,2,62,200,0.3154735,0.379277
mmh115pr1lsvkw,2,2,105,200,0.38336899999999996,0.41109999999999997
mmh115pr1lsvkw,2,2,147,200,0.418133,0.4488155
mmh115pr1lsvkw,2,2,190,200,0.4630935,0.44270249999999994
mmh115pr1lsvkw,3,2,20,200,0.3080255,0.42625650000000004
mmh115pr1lsvkw,3,2,62,200,0.3326055,0.4478559999999999
mmh115pr1lsvkw,3,2,105,200,0.379472,0.519245
mmh115pr1lsvkw,3,2,147,200,0.4260689999999999,0.5360405000000001
mmh115pr1lsvkw,3,2,190,200,0.44116800000000006,0.5508185
mmh115pr1lsvkw,4,2,20,119,0.15901700000000002,0.3795975
mmh115pr1lsvkw,4,2,42,119,0.169517,0.41414549999999994
mmh115pr1lsvkw,4,2,64,119,0.20871800000000001,0.45481
mmh115pr1lsvkw,4,2,86,119,0.204235,0.519304
mmh115pr1lsvkw,4,2,109,119,0.25815750000000004,0.5605025
mmh16ou0ocswzc,1,2,20,200,0.30582,0.2873235
mmh16ou0ocswzc,1,2,62,200,0.3455505,0.34465300000000004
mmh16ou0ocswzc,1,2,105,200,0.39163050000000005,0.38447
mmh16ou0ocswzc,1,2,147,200,0.386357,0.378933
mmh16ou0ocswzc,1,2,190,200,0.4193375,0.41278650000000006
mmh16ou0ocswzc,2,2,20,200,0.09587550000000002,0.06493550000000001
mmh16ou0ocswzc,2,2,62,200,0.23714500000000002,0.13935800000000004
mmh16ou0ocswzc,2,2,105,200,0.297867,0.1507425
mmh16ou0ocswzc,2,2,147,200,0.3664595,0.19091699999999998
mmh16ou0ocswzc,2,2,190,200,0.434541,0.213591
mmh16ou0ocswzc,3,2,20,200,0.422894,0.38173749999999995
mmh16ou0ocswzc,3,2,62,200,0.500963,0.5174375
mmh16ou0ocswzc,3,2,105,200,0.5489865,0.537197
mmh16ou0ocswzc,3,2,147,200,0.5507725,0.5451915
mmh16ou0ocswzc,3,2,190,200,0.5606175,0.5544184999999999
mmh16ou0ocswzc,4,2,20,200,0.022951500000000003,0.184913
mmh16ou0ocswzc,4,2,62,200,0.107104,0.3040825
mmh16ou0ocswzc,4,2,105,200,0.14778349999999996,0.3215370000000001
mmh16ou0ocswzc,4,2,147,200,0.1355445,0.3293005
mmh16ou0ocswzc,4,2,190,200,0.1752085,0.36397350000000006
mmh19xdl74m2p5,1,2,20,200,0.3288535,0.3304635
mmh19xdl74m2p5,1,2,62,200,0.492539,0.490976
mmh19xdl74m2p5,1,2,105,200,0.5583510000000002,0.5485825
mmh19xdl74m2p5,1,2,147,200,0.5939110000000001,0.5583004999999999
mmh19xdl74m2p5,1,2,190,200,0.6227984999999999,0.593787
mmh19xdl74m2p5,2,3,20,200,0.6633875,0.5652794999999999
mmh19xdl74m2p5,2,3,62,200,0.7077935,0.6277530000000001
mmh19xdl74m2p5,2,3,105,200,0.7021495000000001,0.638688
mmh19xdl74m2p5,2,3,147,200,0.7143035,0.665376
mmh19xdl74m2p5,2,3,190,200,0.7238365,0.6807114999999999
mmh19xdl74m2p5,3,2,20,200,0.19715,0.06969149999999999
mmh19xdl74m2p5,3,2,62,200,0.20516,0.100698
mmh19xdl74m2p5,3,2,105,200,0.2500785,0.1574645
mmh19xdl74m2p5,3,2,147,200,0.24258299999999994,0.15034350000000002
mmh19xdl74m2p5,3,2,190,200,0.2597145,0.1934655
mmh19xdl74m2p5,4,2,20,200,0.262116,0.26830099999999996
mmh19xdl74m2p5,4,2,62,200,0.4633405,0.40295
mmh19xdl74m2p5,4,2,105,200,0.4925285,0.42270199999999997
mmh19xdl74m2p5,4,2,147,200,0.5000760000000001,0.44495700000000005
mmh19xdl74m2p5,4,2,190,200,0.5202,0.4376494999999999
mmh1cyh0ahaw8s,1,2,20,200,0.415132,0.43252300000000005
mmh1cyh0ahaw8s,1,2,62,200,0.42082749999999997,0.560179
mmh1cyh0ahaw8s,1,2,105,200,0.41035199999999994,0.5607
mmh1cyh0ahaw8s,1,2,147,200,0.406193,0.6138060000000001
mmh1cyh0ahaw8s,1,2,190,200,0.4019959999999999,0.6250500000000001
mmh1cyh0ahaw8s,2,2,20,200,0.285059,0.1870715
mmh1cyh0ahaw8s,2,2,62,200,0.358259,0.2108825
mmh1cyh0ahaw8s,2,2,105,200,0.4212445000000001,0.24079900000000004
mmh1cyh0ahaw8s,2,2,147,200,0.4355355,0.2695605
mmh1cyh0ahaw8s,2,2,190,200,0.4725649999999999,0.298048
mmh1cyh0ahaw8s,3,3,20,200,0.5236855000000001,0.47204299999999993
mmh1cyh0ahaw8s,3,3,62,200,0.541977,0.46965250000000003
mmh1cyh0ahaw8s,3,3,105,200,0.56511,0.4787404999999999
mmh1cyh0ahaw8s,3,3,147,200,0.5778749999999999,0.5270715
mmh1cyh0ahaw8s,3,3,190,200,0.612744,0.5580050000000001
mmh1cyh0ahaw8s,4,2,20,200,0.6053835000000001,0.25935650000000005
mmh1cyh0ahaw8s,4,2,62,200,0.599657,0.35046649999999996
mmh1cyh0ahaw8s,4,2,105,200,0.6293390000000001,0.36251199999999995
mmh1cyh0ahaw8s,4,2,147,200,0.6626755000000001,0.38368300000000005
mmh1cyh0ahaw8s,4,2,190,200,0.694472,0.380977
mmh1eq07kkdfkw,1,2,20,200,0.18787199999999998,0.08568099999999998
mmh1eq07kkdfkw,1,2,62,200,0.323468,0.21593800000000002
mmh1eq07kkdfkw,1,2,105,200,0.4023705000000001,0.27688349999999995
mmh1eq07kkdfkw,1,2,147,200,0.4435715,0.291865
mmh1eq07kkdfkw,1,2,190,200,0.474082,0.308011
mmh1eq07kkdfkw,2,2,20,200,0.20506649999999998,0.1311765
mmh1eq07kkdfkw,2,2,62,200,0.29265149999999995,0.247651
mmh1eq07kkdfkw,2,2,105,200,0.319155,0.30022950000000004
mmh1eq07kkdfkw,2,2,147,200,0.36218000000000006,0.3022075
mmh1eq07kkdfkw,2,2,190,200,0.390939,0.35235
mmh1eq07kkdfkw,3,2,20,200,0.3557880000000001,0.1311655
mmh1eq07kkdfkw,3,2,62,200,0.3725510000000001,0.20166950000000003
mmh1eq07kkdfkw,3,2,105,200,0.4301545,0.24055800000000005
mmh1eq07kkdfkw,3,2,147,200,0.443192,0.25783900000000004
mmh1eq07kkdfkw,3,2,190,200,0.47112299999999996,0.274762
mmh1eq07kkdfkw,4,2,20,200,0.11112550000000002,0.034799000000000004
mmh1eq07kkdfkw,4,2,62,200,0.16082849999999999,0.046380500000000005
mmh1eq07kkdfkw,4,2,105,200,0.20158800000000002,0.0978645
mmh1eq07kkdfkw,4,2,147,200,0.272534,0.0707005
mmh1eq07kkdfkw,4,2,190,200,0.30089449999999995,0.059536
mmh1jfrxrszco0,1,2,20,127,0.2907885,0.20532750000000002
mmh1jfrxrszco0,1,2,44,127,0.3697435,0.24208400000000002
mmh1jfrxrszco0,1,2,68,127,0.3967625,0.24379849999999997
mmh1jfrxrszco0,1,2,92,127,0.44214149999999997,0.313546
mmh1jfrxrszco0,1,2,117,127,0.4866064999999999,0.27298849999999997
mmh1jfrxrszco0,2,3,20,148,-0.06430450000000001,0.08544900000000001
mmh1jfrxrszco0,2,3,49,148,-0.06830900000000002,0.2102915
mmh1jfrxrszco0,2,3,79,148,-0.08405349999999998,0.27269799999999994
mmh1jfrxrszco0,2,3,108,148,-0.1075955,0.277857
mmh1jfrxrszco0,2,3,138,148,-0.06604850000000001,0.33619800000000005
mmh1jfrxrszco0,3,3,20,127,0.9286809999999999,0.8613175
mmh1jfrxrszco0,3,3,44,127,0.9275615,0.909046
mmh1jfrxrszco0,3,3,68,127,0.9595125000000001,0.9162975
mmh1jfrxrszco0,3,3,92,127,0.9634565,0.8942585
mmh1jfrxrszco0,3,3,117,127,0.9637195000000001,0.9213355
mmh1jfrxrszco0,4,2,20,115,0.34764,0.24166249999999997
mmh1jfrxrszco0,4,2,41,115,0.48281349999999995,0.283541
mmh1jfrxrszco0,4,2,62,115,0.48682250000000005,0.3593529999999999
mmh1jfrxrszco0,4,2,83,115,0.5418965,0.4114205
mmh1jfrxrszco0,4,2,105,115,0.545895,0.41807
mmh1qje9negjr0,1,2,20,200,0.14213549999999997,0.2273625
mmh1qje9negjr0,1,2,62,200,0.27253000000000005,0.25638449999999996
mmh1qje9negjr0,1,2,105,200,0.26488999999999996,0.3217
mmh1qje9negjr0,1,2,147,200,0.265804,0.368406
mmh1qje9negjr0,1,2,190,200,0.3064365,0.394434
mmh1qje9negjr0,2,2,20,200,0.1516455,0.017578500000000004
mmh1qje9negjr0,2,2,62,200,0.2421265,0.073076
mmh1qje9negjr0,2,2,105,200,0.2698655,0.1136525
mmh1qje9negjr0,2,2,147,200,0.267943,0.151468
mmh1qje9negjr0,2,2,190,200,0.3183095,0.181134
mmh1qje9negjr0,3,2,20,200,0.38797299999999996,0.4223025000000001
mmh1qje9negjr0,3,2,62,200,0.48326450000000004,0.4349625
mmh1qje9negjr0,3,2,105,200,0.538919,0.4837294999999999
mmh1qje9negjr0,3,2,147,200,0.5719125,0.49597750000000007
mmh1qje9negjr0,3,2,190,200,0.6238485,0.5081839999999999
mmh1qje9negjr0,4,6,20,159,0.68349,0.5679505
mmh1qje9negjr0,4,6,52,159,0.7065275000000001,0.6157934999999999
mmh1qje9negjr0,4,6,84,159,0.7292699999999999,0.6528934999999999
mmh1qje9negjr0,4,6,116,159,0.725092,0.673211
mmh1qje9negjr0,4,6,149,159,0.7268304999999999,0.6945359999999998
mmh1sestgp7zew,1,2,20,200,0.048379000000000005,0.20330850000000003
mmh1sestgp7zew,1,2,62,200,0.105612,0.29304600000000003
mmh1sestgp7zew,1,2,105,200,0.08432599999999998,0.35818550000000005
mmh1sestgp7zew,1,2,147,200,0.1176345,0.43658100000000005
mmh1sestgp7zew,1,2,190,200,0.12613049999999998,0.46604450000000003
mmh1sestgp7zew,2,2,20,200,0.6563375,0.6879214999999999
mmh1sestgp7zew,2,2,62,200,0.710285,0.6908265
mmh1sestgp7zew,2,2,105,200,0.7158705,0.713559
mmh1sestgp7zew,2,2,147,200,0.7316640000000001,0.7227835
mmh1sestgp7zew,2,2,190,200,0.7362434999999999,0.7340700000000001
mmh1sestgp7zew,3,2,20,200,0.6085254999999999,0.536858
mmh1sestgp7zew,3,2,62,200,0.6292835000000001,0.5966239999999999
mmh1sestgp7zew,3,2,105,200,0.6573454999999999,0.6183205
mmh1sestgp7zew,3,2,147,200,0.6733575,0.6397139999999999
mmh1sestgp7zew,3,2,190,200,0.7118044999999998,0.6573195
mmh1sestgp7zew,4,2,20,200,0.19066049999999998,0.324226
mmh1sestgp7zew,4,2,62,200,0.19126949999999998,0.342456
mmh1sestgp7zew,4,2,105,200,0.219487,0.41144749999999997
mmh1sestgp7zew,4,2,147,200,0.23952649999999998,0.438508
mmh1sestgp7zew,4,2,190,200,0.2933225,0.4470305
mmh1tezp242ppu,1,2,20,200,0.3516165,0.0316015
mmh1tezp242ppu,1,2,62,200,0.37489700000000004,0.034108
mmh1tezp242ppu,1,2,105,200,0.41571199999999997,0.088607
mmh1tezp242ppu,1,2,147,200,0.4638255000000001,0.15433649999999996
mmh1tezp242ppu,1,2,190,200,0.4917605,0.138031
mmh1tezp242ppu,2,2,20,200,0.12270700000000004,0.061051499999999995
mmh1tezp242ppu,2,2,62,200,0.18504000000000004,0.13901400000000003
mmh1tezp242ppu,2,2,105,200,0.17455400000000001,0.13913000000000003
mmh1tezp242ppu,2,2,147,200,0.19445600000000002,0.1689935
mmh1tezp242ppu,2,2,190,200,0.2215025,0.16856049999999995
mmh1tezp242ppu,3,2,20,200,0.376675,0.33349249999999997
mmh1tezp242ppu,3,2,62,200,0.427996,0.40947500000000003
mmh1tezp242ppu,3,2,105,200,0.45345899999999995,0.4502220000000001
mmh1tezp242ppu,3,2,147,200,0.4873550000000001,0.46659349999999994
mmh1tezp242ppu,3,2,190,200,0.5144344999999999,0.489572
mmh1tezp242ppu,4,2,20,200,0.004369999999999999,-0.0042295
mmh1tezp242ppu,4,2,62,200,0.08797799999999999,0.026629000000000003
mmh1tezp242ppu,4,2,105,200,0.08471050000000001,0.07305049999999999
mmh1tezp242ppu,4,2,147,200,0.10859300000000001,0.09301000000000001
mmh1tezp242ppu,4,2,190,200,0.1139855,0.10808199999999998
mmh1wzqpu4iob1,1,2,20,200,0.275461,0.12951949999999998
mmh1wzqpu4iob1,1,2,62,200,0.34212750000000003,0.193027
mmh1wzqpu4iob1,1,2,105,200,0.37426,0.25174850000000004
mmh1wzqpu4iob1,1,2,147,200,0.4085235,0.280655
mmh1wzqpu4iob1,1,2,190,200,0.43435300000000004,0.3286315
mmh1wzqpu4iob1,2,2,20,200,0.2167415,0.16700849999999998
mmh1wzqpu4iob1,2,2,62,200,0.341184,0.235194
mmh1wzqpu4iob1,2,2,105,200,0.40847449999999996,0.307871
mmh1wzqpu4iob1,2,2,147,200,0.46349999999999997,0.3252205
mmh1wzqpu4iob1,2,2,190,200,0.5263635000000001,0.31226750000000003
mmh1wzqpu4iob1,3,2,20,200,0.207547,0.157872
mmh1wzqpu4iob1,3,2,62,200,0.2895875,0.231157
mmh1wzqpu4iob1,3,2,105,200,0.346767,0.241425
mmh1wzqpu4iob1,3,2,147,200,0.4096315,0.26931700000000003
mmh1wzqpu4iob1,3,2,190,200,0.40823600000000004,0.28423099999999996
mmh1wzqpu4iob1,4,2,20,189,0.031686000000000006,0.25874699999999995
mmh1wzqpu4iob1,4,2,59,189,0.06777949999999999,0.34180849999999996
mmh1wzqpu4iob1,4,2,99,189,0.13926399999999997,0.353792
mmh1wzqpu4iob1,4,2,139,189,0.1587805,0.3977815
mmh1wzqpu4iob1,4,2,179,189,0.187264,0.4004335
mmh250jg0prrne,1,5,20,200,0.2673534999999999,0.1146805
mmh250jg0prrne,1,5,62,200,0.382366,0.179155
mmh250jg0prrne,1,5,105,200,0.40762300000000007,0.3176435000000001
mmh250jg0prrne,1,5,147,200,0.42083899999999996,0.369635
mmh250jg0prrne,1,5,190,200,0.4413945,0.40464350000000004
mmh250jg0prrne,2,4,20,200,0.1648335,0.07358150000000001
mmh250jg0prrne,2,4,62,200,0.2275525,0.060571
mmh250jg0prrne,2,4,105,200,0.304873,0.127162
mmh250jg0prrne,2,4,147,200,0.328918,0.126679
mmh250jg0prrne,2,4,190,200,0.3790125,0.1874435
mmh250jg0prrne,3,2,20,200,0.10385449999999999,0.28677450000000004
mmh250jg0prrne,3,2,62,200,0.243642,0.3171905
mmh250jg0prrne,3,2,105,200,0.28374900000000003,0.3767515
mmh250jg0prrne,3,2,147,200,0.29697450000000003,0.4099855
mmh250jg0prrne,3,2,190,200,0.3125785,0.424911
mmh250jg0prrne,4,4,20,167,0.524815,0.3889125
mmh250jg0prrne,4,4,54,167,0.631475,0.6343145
mmh250jg0prrne,4,4,88,167,0.6803520000000001,0.7240835
mmh250jg0prrne,4,4,122,167,0.7192959999999998,0.7448105
mmh250jg0prrne,4,4,157,167,0.7543325,0.772133
mmh28cu87aoonk,1,3,20,200,0.5410670000000002,0.43289399999999995
mmh28cu87aoonk,1,3,62,200,0.6095385,0.5457585
mmh28cu87aoonk,1,3,105,200,0.640869,0.5670265000000001
mmh28cu87aoonk,1,3,147,200,0.6528095,0.597765
mmh28cu87aoonk,1,3,190,200,0.642526,0.6093005
mmh28cu87aoonk,2,2,20,192,0.6101955,0.34006100000000006
mmh28cu87aoonk,2,2,60,192,0.6533245,0.37691050000000004
mmh28cu87aoonk,2,2,101,192,0.6318544999999999,0.281944
mmh28cu87aoonk,2,2,141,192,0.650495,0.29043949999999996
mmh28cu87aoonk,2,2,182,192,0.653084,0.39426900000000004
mmh28cu87aoonk,3,2,20,200,0.10510299999999999,0.11777249999999999
mmh28cu87aoonk,3,2,62,200,0.16707,0.16166450000000002
mmh28cu87aoonk,3,2,105,200,0.21713099999999996,0.22333250000000002
mmh28cu87aoonk,3,2,147,200,0.24469799999999994,0.19104949999999998
mmh28cu87aoonk,3,2,190,200,0.25889550000000006,0.18010200000000004
mmh28cu87aoonk,4,2,20,185,0.171597,0.261739
mmh28cu87aoonk,4,2,58,185,0.24429499999999993,0.33226750000000005
mmh28cu87aoonk,4,2,97,185,0.30886099999999994,0.3354935
mmh28cu87aoonk,4,2,136,185,0.346924,0.3288945
mmh28cu87aoonk,4,2,175,185,0.367033,0.3554670000000001
