session_id,model,accuracy,f1,mcc
mmgkzukxb91bym,mvt_threshold,0.8538899430740038,0.8610108303249098,0.7071652425785642
mmgkzukxb91bym,patch_leaving,0.5863377609108159,0.564,0.1854073773824621
mmgkzukxb91bym,softmax_mvt,0.7191650853889943,0.759349593495935,0.43923332703738305
mmglwqjl2idcz3,mvt_threshold,0.8953687821612349,0.9017713365539453,0.7901048783375283
mmglwqjl2idcz3,patch_leaving,0.902229845626072,0.909952606635071,0.8031452602568298
mmglwqjl2idcz3,softmax_mvt,0.6003430531732419,0.6889185580774366,0.18746373902562755
mmgnnwif7rgnag,mvt_threshold,0.7007389162561576,0.6880616174582799,0.40281063510163395
mmgnnwif7rgnag,patch_leaving,0.708128078817734,0.7077681874229347,0.4162574202784938
mmgnnwif7rgnag,softmax_mvt,0.603448275862069,0.6740890688259109,0.22959047984548286
mmgp4bc84vs4qt,mvt_threshold,0.7515808491418248,0.7488584474885844,0.5038704592689178
mmgp4bc84vs4qt,patch_leaving,0.4670280036133695,0.4939965694682676,-0.061908185171045675
mmgp4bc84vs4qt,softmax_mvt,0.6214995483288166,0.6703383162863886,0.26921646691519524
mmgp4tj5hwk1cr,mvt_threshold,0.7023686920700309,0.7041965199590583,0.404835352133227
mmgp4tj5hwk1cr,patch_leaving,0.5417095777548918,0.5300950369588173,0.08336594201111469
mmgp4tj5hwk1cr,softmax_mvt,0.6519052523171988,0.687037037037037,0.31272267862602887
mmgp5kmoz5itw5,mvt_threshold,0.8767123287671232,0.8941176470588236,0.7473529386475763
mmgp5kmoz5itw5,patch_leaving,0.8904109589041096,0.9075144508670521,0.773060669354447
mmgp5kmoz5itw5,softmax_mvt,0.7123287671232876,0.7868020304568528,0.3909742093585913
mmgp92mez7ni28,mvt_threshold,0.8494897959183674,0.8589641434262948,0.6978935306617793
mmgp92mez7ni28,patch_leaving,0.40561224489795916,0.39270199826238056,-0.18092395117146148
mmgp92mez7ni28,softmax_mvt,0.7159863945578231,0.7657784011220197,0.43225222784035966
mmgp978syi159c,mvt_threshold,0.7264344262295082,0.7094668117519043,0.4541047182045623
mmgp978syi159c,patch_leaving,0.6495901639344263,0.6377118644067796,0.29897246443948494
mmgp978syi159c,softmax_mvt,0.6260245901639344,0.6432062561094819,0.2549115101892674
mmgp9zmmm2qlbz,mvt_threshold,0.6740812379110251,0.666005946481665,0.348236841619966
mmgp9zmmm2qlbz,patch_leaving,0.6247582205029013,0.6332703213610587,0.2545417990997266
mmgp9zmmm2qlbz,softmax_mvt,0.5870406189555126,0.6365957446808511,0.19775311405487564
mmgpaypnopkm1q,mvt_threshold,0.8579610538373424,0.8612975391498882,0.7157936923793738
mmgpaypnopkm1q,patch_leaving,0.7056128293241696,0.7049368541905855,0.4118913489762744
mmgpaypnopkm1q,softmax_mvt,0.6529209621993127,0.7394668959587274,0.3838189705213648
mmgpciu4e2yunz,mvt_threshold,0.8857142857142857,0.8835341365461847,0.7713553319510268
mmgpciu4e2yunz,patch_leaving,0.6492610837438424,0.6570327552986512,0.3001825649186938
mmgpciu4e2yunz,softmax_mvt,0.670935960591133,0.7275693311582382,0.3872605301737279
mmgpgi4g1jzpv2,mvt_threshold,0.856440511307768,0.8472803347280334,0.7118709994750159
mmgpgi4g1jzpv2,patch_leaving,0.5221238938053098,0.5197628458498024,0.04787205952725811
mmgpgi4g1jzpv2,softmax_mvt,0.6184857423795477,0.6755852842809364,0.2904066339012295
mmgpiq4ct3r8s1,mvt_threshold,0.7305882352941176,0.717632552404439,0.46111323472479926
mmgpiq4ct3r8s1,patch_leaving,0.5117647058823529,0.5235361653272101,0.032786999679280525
mmgpiq4ct3r8s1,softmax_mvt,0.5470588235294118,0.644506001846722,0.1783904616794243
mmgpqa16u4u07b,mvt_threshold,0.8468559837728195,0.8500496524329693,0.6938676622051364
mmgpqa16u4u07b,patch_leaving,0.6044624746450304,0.6052631578947368,0.20896646223641682
mmgpqa16u4u07b,softmax_mvt,0.6146044624746451,0.7134238310708899,0.30567482831957393
mmgpy8l4xh9nto,mvt_threshold,0.5892531876138434,0.5881278538812785,0.17866546801784453
mmgpy8l4xh9nto,patch_leaving,0.5391621129326047,0.5416666666666666,0.07872978338162938
mmgpy8l4xh9nto,softmax_mvt,0.5564663023679417,0.6302201974183751,0.13066298863781844
mmgq3qouddjc6z,mvt_threshold,0.7302688638334779,0.7269534679543459,0.46051202609681446
mmgq3qouddjc6z,patch_leaving,0.4336513443191674,0.44235695986336465,-0.13256555742326281
mmgq3qouddjc6z,softmax_mvt,0.6105810928013877,0.6914089347079038,0.26458874656708764
mmgqyc7ozjls4u,mvt_threshold,0.686829268292683,0.6831194471865746,0.3737937082712505
mmgqyc7ozjls4u,patch_leaving,0.535609756097561,0.5258964143426295,0.07084580843447462
mmgqyc7ozjls4u,softmax_mvt,0.584390243902439,0.6645669291338583,0.2094452013570472
mmgr4s188ypj5i,mvt_threshold,0.8366141732283464,0.8333333333333334,0.6731016731016731
mmgr4s188ypj5i,patch_leaving,0.5984251968503937,0.6061776061776062,0.19839753079929273
mmgr4s188ypj5i,softmax_mvt,0.6732283464566929,0.7233333333333334,0.3830770301727411
mmgr4wtlfg07a6,mvt_threshold,0.5962343096234309,0.5936842105263158,0.19252032199517194
mmgr4wtlfg07a6,patch_leaving,0.5104602510460251,0.511482254697286,0.021202264311993273
mmgr4wtlfg07a6,softmax_mvt,0.6056485355648535,0.6512488436632747,0.22407761165638224
mmgr8c41csnx7y,mvt_threshold,0.718887262079063,0.6893203883495146,0.43283536659967137
mmgr8c41csnx7y,patch_leaving,0.6588579795021962,0.6211382113821138,0.3109565123567996
mmgr8c41csnx7y,softmax_mvt,0.5578330893118595,0.6047120418848168,0.1632889251631552
mmh0l2c7syhpy7,mvt_threshold,0.6981499513145083,0.7024952015355086,0.39706680275915623
mmh0l2c7syhpy7,patch_leaving,0.5939629990262901,0.5800604229607251,0.19340883346447982
mmh0l2c7syhpy7,softmax_mvt,0.5959104186952289,0.5870646766169154,0.19595298456085633
mmh0l48d4j1y4y,mvt_threshold,0.521689497716895,0.5420765027322404,0.04207928487249517
mmh0l48d4j1y4y,patch_leaving,0.432648401826484,0.428078250863061,-0.13407035681472412
mmh0l48d4j1y4y,softmax_mvt,0.58675799086758,0.6197478991596639,0.17243818291235544
mmh0le5hn8utpd,mvt_threshold,0.8048289738430584,0.8086785009861933,0.6106025923815107
mmh0le5hn8utpd,patch_leaving,0.6428571428571429,0.6509341199606686,0.28642748235084287
mmh0le5hn8utpd,softmax_mvt,0.6649899396378269,0.7121866897147796,0.3522300392337174
mmh0lgop76n6ez,mvt_threshold,0.7215469613259669,0.7224669603524229,0.4446753379780864
mmh0lgop76n6ez,patch_leaving,0.6187845303867403,0.6066134549600912,0.2368400474846726
mmh0lgop76n6ez,softmax_mvt,0.5977900552486188,0.6466019417475728,0.21512755866629105
mmh0lku3ip54e4,mvt_threshold,0.6143856143856143,0.6295585412667947,0.2419664652091791
mmh0lku3ip54e4,patch_leaving,0.6143856143856143,0.6200787401574803,0.23690090606350078
mmh0lku3ip54e4,softmax_mvt,0.6033966033966034,0.6347746090156394,0.22992474372245583
mmh0lpcdm9wdcu,mvt_threshold,0.9285714285714286,0.9329758713136729,0.856660819620279
mmh0lpcdm9wdcu,patch_leaving,0.9171428571428571,0.9209809264305178,0.8340291934966639
mmh0lpcdm9wdcu,softmax_mvt,0.6714285714285714,0.7578947368421053,0.40570386997522156
mmh0m3latwun95,mvt_threshold,0.8076555023923445,0.8130232558139535,0.61532700379695
mmh0m3latwun95,patch_leaving,0.5904306220095694,0.599250936329588,0.1805334745547355
mmh0m3latwun95,softmax_mvt,0.6200956937799043,0.7137707281903388,0.30073052686640117
mmh0mm0schxk59,mvt_threshold,0.5643070787637089,0.5616850551654965,0.12871873905392983
mmh0mm0schxk59,patch_leaving,0.45862412761714855,0.47024390243902436,-0.08300938595622089
mmh0mm0schxk59,softmax_mvt,0.5633100697906281,0.6512738853503185,0.14328728892271758
mmh0mmptqfyu87,mvt_threshold,0.5566801619433198,0.5484536082474227,0.11343565162162876
mmh0mmptqfyu87,patch_leaving,0.5182186234817814,0.5,0.03515625
mmh0mmptqfyu87,softmax_mvt,0.5,0.6415094339622641,0.053412353784485035
mmh0nnjg95y0zn,mvt_threshold,0.8034118602761983,0.8091482649842271,0.6064724452156464
mmh0nnjg95y0zn,patch_leaving,0.3379366368805849,0.3453815261044177,-0.32410131283913507
mmh0nnjg95y0zn,softmax_mvt,0.6068237205523964,0.705237515225335,0.2543093191221084
mmh0ocgvf4p325,mvt_threshold,0.8616161616161616,0.8553326293558606,0.7227109662478981
mmh0ocgvf4p325,patch_leaving,0.6777777777777778,0.6793969849246231,0.35860132216892154
mmh0ocgvf4p325,softmax_mvt,0.6686868686868687,0.7167530224525043,0.38290018927608493
mmh0opq734nw1a,mvt_threshold,0.8496732026143791,0.8470066518847007,0.6993276790304116
mmh0opq734nw1a,patch_leaving,0.6949891067538126,0.7071129707112971,0.3927491548314605
mmh0opq734nw1a,softmax_mvt,0.7145969498910676,0.7369477911646586,0.4384166924171423
mmh0ozswma6i3j,mvt_threshold,0.8529121421520237,0.8543499511241447,0.7059968113910361
mmh0ozswma6i3j,patch_leaving,0.5320829220138203,0.5459770114942529,0.06435183879276542
mmh0ozswma6i3j,softmax_mvt,0.6920039486673247,0.7412935323383084,0.41593449169960833
mmh0pa4lgnz2nd,mvt_threshold,0.7039106145251397,0.7032474804031354,0.40782002946752016
mmh0pa4lgnz2nd,patch_leaving,0.6670391061452514,0.6526806526806527,0.3351038246287272
mmh0pa4lgnz2nd,softmax_mvt,0.5832402234636872,0.667853962600178,0.194288411086669
mmh0pj6zqdvwmg,mvt_threshold,0.8670427074939565,0.8663967611336032,0.7342695163780395
mmh0pj6zqdvwmg,patch_leaving,0.48831587429492346,0.4980237154150198,-0.02257724177272775
mmh0pj6zqdvwmg,softmax_mvt,0.6575342465753424,0.7216764898493778,0.3666434868198602
mmh0pjhqfbciu8,mvt_threshold,0.6653005464480874,0.6711409395973155,0.33220324497640485
mmh0pjhqfbciu8,patch_leaving,0.6489071038251366,0.6531713900134952,0.2989907735488042
mmh0pjhqfbciu8,softmax_mvt,0.6352459016393442,0.7107258938244854,0.33398192085013567
mmh0puch6r88f0,mvt_threshold,0.6446188340807175,0.6481687014428413,0.2891798883949983
mmh0puch6r88f0,patch_leaving,0.554932735426009,0.5564245810055866,0.10996840042727941
mmh0puch6r88f0,softmax_mvt,0.6401345291479821,0.7057745187901008,0.30445475397944954
mmh0r154h7irg3,mvt_threshold,0.8937977909940527,0.8912097476066144,0.7875799386990449
mmh0r154h7irg3,patch_leaving,0.5539507221750213,0.5485812553740327,0.10819845689060566
mmh0r154h7irg3,softmax_mvt,0.6805437553101105,0.7314285714285714,0.41031244637549735
mmh0r34rqnesgg,mvt_threshold,0.7265795206971678,0.7303974221267454,0.45325808550522984
mmh0r34rqnesgg,patch_leaving,0.7690631808278867,0.7685589519650655,0.5393589924802213
mmh0r34rqnesgg,softmax_mvt,0.6503267973856209,0.7239896818572656,0.3336675516411424
mmh0rqn6g1cadb,mvt_threshold,0.7366003062787136,0.7295597484276729,0.4742277965418031
mmh0rqn6g1cadb,patch_leaving,0.7503828483920367,0.7400318979266348,0.5029450917178272
mmh0rqn6g1cadb,softmax_mvt,0.6431852986217458,0.7119901112484549,0.3226041338409872
mmh0tro0khha5x,mvt_threshold,0.7821052631578947,0.7737704918032787,0.5636616236417221
mmh0tro0khha5x,patch_leaving,0.631578947368421,0.6212121212121212,0.2626279721401382
mmh0tro0khha5x,softmax_mvt,0.5715789473684211,0.6682966585167074,0.20621922211168342
mmh0uacrkmrg83,mvt_threshold,0.8272980501392758,0.8324324324324325,0.6543872363698893
mmh0uacrkmrg83,patch_leaving,0.8008356545961003,0.8059701492537313,0.6016441427000055
mmh0uacrkmrg83,softmax_mvt,0.7005571030640668,0.7381242387332522,0.40436756986545364
mmh0ueb9o9dis7,mvt_threshold,0.6692307692307692,0.6709183673469388,0.3407007678828501
mmh0ueb9o9dis7,patch_leaving,0.6064102564102564,0.6089171974522293,0.21496299811595326
mmh0ueb9o9dis7,softmax_mvt,0.5397435897435897,0.6434955312810328,0.1293985536893559
mmh0vbvu4yn6l1,mvt_threshold,0.8597816960537363,0.8588334742180896,0.7195616498105004
mmh0vbvu4yn6l1,patch_leaving,0.4399664147774979,0.47021445591739475,-0.1198486762380273
mmh0vbvu4yn6l1,softmax_mvt,0.7027707808564232,0.7419825072886297,0.4300879207537184
mmh0vh7gck5q8n,mvt_threshold,0.8517587939698492,0.854679802955665,0.7037852517066563
mmh0vh7gck5q8n,patch_leaving,0.7361809045226131,0.75177304964539,0.4714029877596914
mmh0vh7gck5q8n,softmax_mvt,0.6695979899497487,0.7468719923002888,0.39021717773922765
mmh0wavycmn4y3,mvt_threshold,0.672972972972973,0.6641998149861239,0.34589394948202384
mmh0wavycmn4y3,patch_leaving,0.5540540540540541,0.5576407506702413,0.10837424442975443
mmh0wavycmn4y3,softmax_mvt,0.6189189189189189,0.6585956416464891,0.24734018943616987
mmh0x9u4kgtvxn,mvt_threshold,0.607413647851727,0.570902394106814,0.21748236876596727
mmh0x9u4kgtvxn,patch_leaving,0.5619208087615838,0.543859649122807,0.12401322518275178
mmh0x9u4kgtvxn,softmax_mvt,0.5796124684077506,0.5580159433126661,0.15971018943222864
mmh0yegg0emahk,mvt_threshold,0.8265440210249672,0.8272251308900523,0.6533681547725335
mmh0yegg0emahk,patch_leaving,0.7293035479632063,0.7185792349726776,0.4590420265455276
mmh0yegg0emahk,softmax_mvt,0.6136662286465178,0.7089108910891089,0.3120577872074941
mmh115pr1lsvkw,mvt_threshold,0.7093023255813954,0.7044917257683215,0.4218431693643435
mmh115pr1lsvkw,patch_leaving,0.6872093023255814,0.6890173410404624,0.3753812529053179
mmh115pr1lsvkw,softmax_mvt,0.6302325581395349,0.6794354838709677,0.26171097606138566
mmh16ou0ocswzc,mvt_threshold,0.7111334002006018,0.7067209775967414,0.4222276015748938
mmh16ou0ocswzc,patch_leaving,0.6529588766298897,0.6587771203155819,0.3064732835700823
mmh16ou0ocswzc,softmax_mvt,0.6078234704112337,0.6771263418662262,0.24307227139108986
mmh19xdl74m2p5,mvt_threshold,0.8524762908324552,0.8562628336755647,0.7048689901469826
mmh19xdl74m2p5,patch_leaving,0.6743940990516333,0.6811145510835913,0.3485123204688599
mmh19xdl74m2p5,softmax_mvt,0.6807165437302424,0.7262872628726287,0.37494239332185314
mmh1cyh0ahaw8s,mvt_threshold,0.75390625,0.775,0.5040305466792185
mmh1cyh0ahaw8s,patch_leaving,0.59375,0.596116504854369,0.19304747351504942
mmh1cyh0ahaw8s,softmax_mvt,0.638671875,0.727540500736377,0.2881119144530044
mmh1eq07kkdfkw,mvt_threshold,0.7813653136531366,0.7753554502369668,0.5632499463480221
mmh1eq07kkdfkw,patch_leaving,0.5239852398523985,0.5425531914893617,0.05503814221470525
mmh1eq07kkdfkw,softmax_mvt,0.5636531365313653,0.6628652886671419,0.2069638247991176
mmh1jfrxrszco0,mvt_threshold,0.8104448742746615,0.8191881918819188,0.6200012000120001
mmh1jfrxrszco0,patch_leaving,0.8007736943907157,0.8096118299445472,0.6006928919379415
mmh1jfrxrszco0,softmax_mvt,0.6305609284332688,0.6800670016750419,0.25772775888301597
mmh1qje9negjr0,mvt_threshold,0.6706783369803063,0.6780748663101605,0.34102325568620834
mmh1qje9negjr0,patch_leaving,0.6477024070021882,0.65,0.29559778987641466
mmh1qje9negjr0,softmax_mvt,0.5929978118161926,0.6388349514563106,0.18660675476692837
mmh1sestgp7zew,mvt_threshold,0.8879082082965578,0.8867082961641392,0.7758037184517417
mmh1sestgp7zew,patch_leaving,0.5710503089143866,0.5721830985915493,0.14222273491916676
mmh1sestgp7zew,softmax_mvt,0.677846425419241,0.7086991221069433,0.36640796809948206
mmh1tezp242ppu,mvt_threshold,0.6684045881126173,0.6761710794297352,0.33643330731180154
mmh1tezp242ppu,patch_leaving,0.6955161626694474,0.7038539553752535,0.39055528982990895
mmh1tezp242ppu,softmax_mvt,0.607924921793535,0.6845637583892618,0.22965377639171897
mmh1wzqpu4iob1,mvt_threshold,0.8370720188902007,0.8296296296296296,0.6742797921991197
mmh1wzqpu4iob1,patch_leaving,0.7567886658795749,0.7559241706161137,0.5141115359027161
mmh1wzqpu4iob1,softmax_mvt,0.7390791027154664,0.7508455467869222,0.4842201516603469
mmh250jg0prrne,mvt_threshold,0.583941605839416,0.5476190476190477,0.1664947675794493
mmh250jg0prrne,patch_leaving,0.5559610705596107,0.546583850931677,0.11154378051249908
mmh250jg0prrne,softmax_mvt,0.6204379562043796,0.6486486486486487,0.24911339724193168
mmh28cu87aoonk,mvt_threshold,0.560145808019441,0.5923423423423423,0.14087256748040458
mmh28cu87aoonk,patch_leaving,0.44106925880923453,0.41624365482233505,-0.11913680688447519
mmh28cu87aoonk,softmax_mvt,0.5783718104495748,0.619934282584885,0.18603747445718158
