session_id,model,phase,accuracy,f1,mcc
mmgkzukxb91bym,hmm_2state,Full,0.5174081237911026,0.6584531143052703,-0.010994366703421687
mmgkzukxb91bym,hmm_2state,Ph 1,0.4715447154471545,0.4921875,-0.0510592416430743
mmgkzukxb91bym,hmm_2state,Ph 2,0.6192307692307693,0.7637231503579952,-0.11276676676790144
mmgkzukxb91bym,hmm_2state,Ph 3,0.43346007604562736,0.6047745358090185,0.0
mmgkzukxb91bym,hmm_2state,Ph 4,0.5433962264150943,0.7041564792176039,0.0
mmgkzukxb91bym,hmm_3state,Full,0.5164410058027079,0.6626180836707153,-0.019089489239892385
mmgkzukxb91bym,hmm_3state,Ph 1,0.45528455284552843,0.5109489051094891,-0.07912020669308091
mmgkzukxb91bym,hmm_3state,Ph 2,0.6307692307692307,0.7725118483412322,-0.08282603134277655
mmgkzukxb91bym,hmm_3state,Ph 3,0.43346007604562736,0.6047745358090185,0.0
mmgkzukxb91bym,hmm_3state,Ph 4,0.5433962264150943,0.7041564792176039,0.0
mmgkzukxb91bym,hmm_4state,Full,0.9874274661508704,0.9882139619220308,0.9750574355325887
mmgkzukxb91bym,hmm_4state,Ph 1,0.9878048780487805,0.9873417721518988,0.9758717033480113
mmgkzukxb91bym,hmm_4state,Ph 2,0.9961538461538462,0.9970674486803519,0.9915169756138693
mmgkzukxb91bym,hmm_4state,Ph 3,0.9809885931558935,0.9785407725321889,0.9622037758471864
mmgkzukxb91bym,hmm_4state,Ph 4,0.9849056603773585,0.9863013698630136,0.9699528736862496
mmglwqjl2idcz3,hmm_2state,Full,1.0,1.0,1.0
mmglwqjl2idcz3,hmm_2state,Ph 1,1.0,1.0,1.0
mmglwqjl2idcz3,hmm_2state,Ph 2,1.0,1.0,1.0
mmglwqjl2idcz3,hmm_2state,Ph 3,1.0,1.0,1.0
mmglwqjl2idcz3,hmm_2state,Ph 4,1.0,1.0,1.0
mmglwqjl2idcz3,hmm_3state,Full,0.9449378330373002,0.9502407704654896,0.8944835333542425
mmglwqjl2idcz3,hmm_3state,Ph 1,0.9714285714285714,0.9798657718120806,0.9329935550067913
mmglwqjl2idcz3,hmm_3state,Ph 2,0.9878048780487805,0.993421052631579,0.9138342363709077
mmglwqjl2idcz3,hmm_3state,Ph 3,0.9593023255813954,0.7878787878787878,0.7882789149779044
mmglwqjl2idcz3,hmm_3state,Ph 4,0.8442622950819673,0.8613138686131386,0.7268332190306992
mmglwqjl2idcz3,hmm_4state,Full,0.9982238010657194,0.9983136593591906,0.9964438211863419
mmglwqjl2idcz3,hmm_4state,Ph 1,0.9904761904761905,0.9931972789115646,0.977578019282238
mmglwqjl2idcz3,hmm_4state,Ph 2,1.0,1.0,1.0
mmglwqjl2idcz3,hmm_4state,Ph 3,1.0,1.0,1.0
mmglwqjl2idcz3,hmm_4state,Ph 4,1.0,1.0,1.0
mmgnnwif7rgnag,hmm_2state,Full,0.5858585858585859,0.5889724310776943,0.17169952155787904
mmgnnwif7rgnag,hmm_2state,Ph 1,0.485,0.5761316872427984,-0.033228888017745054
mmgnnwif7rgnag,hmm_2state,Ph 2,0.6956521739130435,0.8066298342541437,0.16564822179112462
mmgnnwif7rgnag,hmm_2state,Ph 3,0.6061946902654868,0.1834862385321101,-0.055694096758113064
mmgnnwif7rgnag,hmm_2state,Ph 4,0.5147058823529411,0.21428571428571427,0.0652471494525912
mmgnnwif7rgnag,hmm_3state,Full,0.9911616161616161,0.991128010139417,0.9824019908244418
mmgnnwif7rgnag,hmm_3state,Ph 1,1.0,1.0,1.0
mmgnnwif7rgnag,hmm_3state,Ph 2,0.9956521739130435,0.9968652037617555,0.9898249952020612
mmgnnwif7rgnag,hmm_3state,Ph 3,1.0,1.0,1.0
mmgnnwif7rgnag,hmm_3state,Ph 4,0.9558823529411765,0.9545454545454546,0.9154227486876054
mmgnnwif7rgnag,hmm_4state,Full,0.6338383838383839,0.6985446985446986,0.29479360001041083
mmgnnwif7rgnag,hmm_4state,Ph 1,0.53,0.6147540983606558,0.0668153104781061
mmgnnwif7rgnag,hmm_4state,Ph 2,0.808695652173913,0.875,0.5271439802239123
mmgnnwif7rgnag,hmm_4state,Ph 3,0.4424778761061947,0.5,0.17448632519356935
mmgnnwif7rgnag,hmm_4state,Ph 4,0.8088235294117647,0.7719298245614035,0.6616872481306972
mmgp4bc84vs4qt,hmm_2state,Full,0.5133394664213431,0.4154696132596685,0.018312131165269956
mmgp4bc84vs4qt,hmm_2state,Ph 1,0.5362903225806451,0.0,0.0
mmgp4bc84vs4qt,hmm_2state,Ph 2,0.5843137254901961,0.66875,0.11092936496329849
mmgp4bc84vs4qt,hmm_2state,Ph 3,0.43006993006993005,0.49846153846153846,-0.0028687492769558587
mmgp4bc84vs4qt,hmm_2state,Ph 4,0.5134228187919463,0.0,0.0
mmgp4bc84vs4qt,hmm_3state,Full,0.5354185832566697,0.3863912515188335,0.06406701021797467
mmgp4bc84vs4qt,hmm_3state,Ph 1,0.5201612903225806,0.23225806451612904,-0.012055979603602497
mmgp4bc84vs4qt,hmm_3state,Ph 2,0.6862745098039216,0.7122302158273381,0.40993326744654074
mmgp4bc84vs4qt,hmm_3state,Ph 3,0.43356643356643354,0.22857142857142856,-0.2189030344343728
mmgp4bc84vs4qt,hmm_3state,Ph 4,0.5167785234899329,0.2,0.02022349582985234
mmgp4bc84vs4qt,hmm_4state,Full,0.7056117755289788,0.5652173913043478,0.4982671632762777
mmgp4bc84vs4qt,hmm_4state,Ph 1,0.7540322580645161,0.6432748538011696,0.5614526395475912
mmgp4bc84vs4qt,hmm_4state,Ph 2,0.803921568627451,0.8161764705882353,0.6708589716433466
mmgp4bc84vs4qt,hmm_4state,Ph 3,0.7132867132867133,0.36923076923076925,0.3944012612680354
mmgp4bc84vs4qt,hmm_4state,Ph 4,0.5738255033557047,0.22085889570552147,0.26044675524043476
mmgp4tj5hwk1cr,hmm_2state,Full,1.0,1.0,1.0
mmgp4tj5hwk1cr,hmm_2state,Ph 1,1.0,1.0,1.0
mmgp4tj5hwk1cr,hmm_2state,Ph 2,1.0,1.0,1.0
mmgp4tj5hwk1cr,hmm_2state,Ph 3,1.0,1.0,1.0
mmgp4tj5hwk1cr,hmm_2state,Ph 4,1.0,1.0,1.0
mmgp4tj5hwk1cr,hmm_3state,Full,0.7181913774973712,0.7398058252427184,0.44331813023022265
mmgp4tj5hwk1cr,hmm_3state,Ph 1,0.49504950495049505,0.3780487804878049,-0.021537539696458847
mmgp4tj5hwk1cr,hmm_3state,Ph 2,0.8232758620689655,0.8783382789317508,0.6109612220969501
mmgp4tj5hwk1cr,hmm_3state,Ph 3,0.5725490196078431,0.6093189964157706,0.31477232912569403
mmgp4tj5hwk1cr,hmm_3state,Ph 4,0.9389312977099237,0.936,0.8830043590356366
mmgp4tj5hwk1cr,hmm_4state,Full,0.9968454258675079,0.996832101372756,0.993692944628786
mmgp4tj5hwk1cr,hmm_4state,Ph 1,0.9900990099009901,0.9897959183673469,0.9801805337519623
mmgp4tj5hwk1cr,hmm_4state,Ph 2,0.9956896551724138,0.9966777408637874,0.9905872621276315
mmgp4tj5hwk1cr,hmm_4state,Ph 3,1.0,1.0,1.0
mmgp4tj5hwk1cr,hmm_4state,Ph 4,1.0,1.0,1.0
mmgp5kmoz5itw5,hmm_2state,Full,0.5808823529411765,0.7348837209302326,0.0
mmgp5kmoz5itw5,hmm_2state,Ph 1,0.73,0.8439306358381503,0.0
mmgp5kmoz5itw5,hmm_2state,Ph 2,0.9090909090909091,0.9523809523809523,0.0
mmgp5kmoz5itw5,hmm_2state,Ph 3,0.43373493975903615,0.6050420168067226,0.0
mmgp5kmoz5itw5,hmm_2state,Ph 4,0.5,0.6666666666666666,0.0
mmgp5kmoz5itw5,hmm_3state,Full,0.5698529411764706,0.7259953161592506,-0.08970328955076252
mmgp5kmoz5itw5,hmm_3state,Ph 1,0.71,0.8304093567251462,-0.0868805200799339
mmgp5kmoz5itw5,hmm_3state,Ph 2,0.8181818181818182,0.9,-0.1
mmgp5kmoz5itw5,hmm_3state,Ph 3,0.43373493975903615,0.6050420168067226,0.0
mmgp5kmoz5itw5,hmm_3state,Ph 4,0.5,0.6666666666666666,0.0
mmgp5kmoz5itw5,hmm_4state,Full,0.9485294117647058,0.9567901234567902,0.894916163068938
mmgp5kmoz5itw5,hmm_4state,Ph 1,0.95,0.9659863945578231,0.8719505178065926
mmgp5kmoz5itw5,hmm_4state,Ph 2,0.8181818181818182,0.9,-0.1
mmgp5kmoz5itw5,hmm_4state,Ph 3,1.0,1.0,1.0
mmgp5kmoz5itw5,hmm_4state,Ph 4,0.9102564102564102,0.9176470588235294,0.8340576562282991
mmgp92mez7ni28,hmm_2state,Full,0.53719723183391,0.69893078221722,-0.02726367801318324
mmgp92mez7ni28,hmm_2state,Ph 1,0.5253456221198156,0.6888217522658611,-0.06408026367951926
mmgp92mez7ni28,hmm_2state,Ph 2,0.6179401993355482,0.7638603696098563,0.0
mmgp92mez7ni28,hmm_2state,Ph 3,0.43478260869565216,0.6060606060606061,0.0
mmgp92mez7ni28,hmm_2state,Ph 4,0.5727848101265823,0.7283702213279678,0.0
mmgp92mez7ni28,hmm_3state,Full,0.5320069204152249,0.6707242848447961,0.008851857186419716
mmgp92mez7ni28,hmm_3state,Ph 1,0.5345622119815668,0.6576271186440678,0.03948565133587709
mmgp92mez7ni28,hmm_3state,Ph 2,0.6046511627906976,0.7104622871046229,0.1095942656177802
mmgp92mez7ni28,hmm_3state,Ph 3,0.422360248447205,0.5772727272727273,-0.08528711962478727
mmgp92mez7ni28,hmm_3state,Ph 4,0.5727848101265823,0.7283702213279678,0.0
mmgp92mez7ni28,hmm_4state,Full,0.8503460207612457,0.8779110797459422,0.7272682035393794
mmgp92mez7ni28,hmm_4state,Ph 1,0.7557603686635944,0.8127208480565371,0.5734456114410902
mmgp92mez7ni28,hmm_4state,Ph 2,0.920265780730897,0.9393939393939394,0.8371795298604663
mmgp92mez7ni28,hmm_4state,Ph 3,0.7577639751552795,0.7821229050279329,0.6057825328153826
mmgp92mez7ni28,hmm_4state,Ph 4,0.9430379746835443,0.9526315789473684,0.8878483580362536
mmgp978syi159c,hmm_2state,Full,0.5062761506276151,0.4143920595533499,0.01537011432163109
mmgp978syi159c,hmm_2state,Ph 1,0.5598290598290598,0.176,0.10416093841147403
mmgp978syi159c,hmm_2state,Ph 2,0.47520661157024796,0.5381818181818182,-0.04148696973602096
mmgp978syi159c,hmm_2state,Ph 3,0.4775510204081633,0.49606299212598426,0.023640612256021244
mmgp978syi159c,hmm_2state,Ph 4,0.5148936170212766,0.25,0.06601117541914425
mmgp978syi159c,hmm_3state,Full,0.9843096234309623,0.9846153846153847,0.9689712235749819
mmgp978syi159c,hmm_3state,Ph 1,0.9914529914529915,0.9907407407407407,0.9828042328042328
mmgp978syi159c,hmm_3state,Ph 2,0.9834710743801653,0.9875,0.9637766200265587
mmgp978syi159c,hmm_3state,Ph 3,0.9795918367346939,0.9743589743589743,0.9582971007643367
mmgp978syi159c,hmm_3state,Ph 4,0.9829787234042553,0.9836065573770492,0.9664788390976609
mmgp978syi159c,hmm_4state,Full,0.9926778242677824,0.9926854754440961,0.9854099419569889
mmgp978syi159c,hmm_4state,Ph 1,0.9957264957264957,0.9953917050691244,0.9914443968959148
mmgp978syi159c,hmm_4state,Ph 2,0.9917355371900827,0.9936305732484076,0.9820286836901592
mmgp978syi159c,hmm_4state,Ph 3,0.9959183673469387,0.9947089947089947,0.9914236623940481
mmgp978syi159c,hmm_4state,Ph 4,0.9872340425531915,0.9873417721518988,0.9747881125694853
mmgp9zmmm2qlbz,hmm_2state,Full,0.5256410256410257,0.5165829145728643,0.051490032320727415
mmgp9zmmm2qlbz,hmm_2state,Ph 1,0.5263157894736842,0.26666666666666666,-0.022132303322491914
mmgp9zmmm2qlbz,hmm_2state,Ph 2,0.5469387755102041,0.6686567164179105,-0.04730974781328546
mmgp9zmmm2qlbz,hmm_2state,Ph 3,0.49280575539568344,0.5252525252525253,0.13102838013624332
mmgp9zmmm2qlbz,hmm_2state,Ph 4,0.5390070921985816,0.4298245614035088,0.05710884033517751
mmgp9zmmm2qlbz,hmm_3state,Full,0.9960552268244576,0.9958932238193019,0.99210593144113
mmgp9zmmm2qlbz,hmm_3state,Ph 1,1.0,1.0,1.0
mmgp9zmmm2qlbz,hmm_3state,Ph 2,1.0,1.0,1.0
mmgp9zmmm2qlbz,hmm_3state,Ph 3,0.9964028776978417,0.9949238578680203,0.9921691141464833
mmgp9zmmm2qlbz,hmm_3state,Ph 4,0.9893617021276596,0.9885057471264368,0.9786299147042448
mmgp9zmmm2qlbz,hmm_4state,Full,0.9990138067061144,0.998972250770812,0.9980263330735852
mmgp9zmmm2qlbz,hmm_4state,Ph 1,1.0,1.0,1.0
mmgp9zmmm2qlbz,hmm_4state,Ph 2,1.0,1.0,1.0
mmgp9zmmm2qlbz,hmm_4state,Ph 3,0.9964028776978417,0.9949238578680203,0.9921691141464833
mmgp9zmmm2qlbz,hmm_4state,Ph 4,1.0,1.0,1.0
mmgpaypnopkm1q,hmm_2state,Full,0.4794841735052755,0.5524193548387096,-0.04602481280779852
mmgpaypnopkm1q,hmm_2state,Ph 1,0.44285714285714284,0.5185185185185185,-0.1145047287665417
mmgpaypnopkm1q,hmm_2state,Ph 2,0.5801886792452831,0.7261538461538461,-0.03548188019842803
mmgpaypnopkm1q,hmm_2state,Ph 3,0.37073170731707317,0.43171806167400884,-0.1026619123593182
mmgpaypnopkm1q,hmm_2state,Ph 4,0.5176991150442478,0.4467005076142132,0.10702171434538614
mmgpaypnopkm1q,hmm_3state,Full,0.9167643610785463,0.9182968929804373,0.8336743990412092
mmgpaypnopkm1q,hmm_3state,Ph 1,0.8952380952380953,0.8932038834951457,0.7904001451773887
mmgpaypnopkm1q,hmm_3state,Ph 2,0.9339622641509434,0.9461538461538461,0.8615214487026283
mmgpaypnopkm1q,hmm_3state,Ph 3,0.9073170731707317,0.8707482993197279,0.8025748827603931
mmgpaypnopkm1q,hmm_3state,Ph 4,0.9292035398230089,0.9375,0.8564691338801284
mmgpaypnopkm1q,hmm_4state,Full,1.0,1.0,1.0
mmgpaypnopkm1q,hmm_4state,Ph 1,1.0,1.0,1.0
mmgpaypnopkm1q,hmm_4state,Ph 2,1.0,1.0,1.0
mmgpaypnopkm1q,hmm_4state,Ph 3,1.0,1.0,1.0
mmgpaypnopkm1q,hmm_4state,Ph 4,1.0,1.0,1.0
mmgpciu4e2yunz,hmm_2state,Full,0.4914572864321608,0.6240713224368499,-0.004714528121403609
mmgpciu4e2yunz,hmm_2state,Ph 1,0.4595744680851064,0.5665529010238908,-0.09078482689832384
mmgpciu4e2yunz,hmm_2state,Ph 2,0.6324110671936759,0.7703703703703704,0.017041932135801918
mmgpciu4e2yunz,hmm_2state,Ph 3,0.4153225806451613,0.5425867507886435,0.0563436169819011
mmgpciu4e2yunz,hmm_2state,Ph 4,0.4555984555984556,0.5740181268882175,-0.02674251360934078
mmgpciu4e2yunz,hmm_3state,Full,0.48040201005025124,0.5508253692441355,-0.034833525116392955
mmgpciu4e2yunz,hmm_3state,Ph 1,0.4765957446808511,0.5622775800711743,-0.049136363706345144
mmgpciu4e2yunz,hmm_3state,Ph 2,0.6324110671936759,0.7223880597014926,0.18111323179756048
mmgpciu4e2yunz,hmm_3state,Ph 3,0.3548387096774194,0.4326241134751773,-0.1931632722373181
mmgpciu4e2yunz,hmm_3state,Ph 4,0.4555984555984556,0.4426877470355731,-0.08335895351179787
mmgpciu4e2yunz,hmm_4state,Full,0.9869346733668342,0.986639260020555,0.9738745271240841
mmgpciu4e2yunz,hmm_4state,Ph 1,0.9787234042553191,0.9790794979079498,0.9583215042901232
mmgpciu4e2yunz,hmm_4state,Ph 2,0.9881422924901185,0.9906542056074766,0.9747602804858861
mmgpciu4e2yunz,hmm_4state,Ph 3,0.9879032258064516,0.9836065573770492,0.9743547036924464
mmgpciu4e2yunz,hmm_4state,Ph 4,0.9922779922779923,0.991304347826087,0.9844812488665277
mmgpgi4g1jzpv2,hmm_2state,Full,0.5215646940822467,0.4015056461731493,0.021993834964063975
mmgpgi4g1jzpv2,hmm_2state,Ph 1,0.4673913043478261,0.5775862068965517,-0.07022019489382103
mmgpgi4g1jzpv2,hmm_2state,Ph 2,0.5220588235294118,0.5038167938931297,0.04486055764646103
mmgpgi4g1jzpv2,hmm_2state,Ph 3,0.5703971119133574,0.20134228187919462,-0.004870059500152344
mmgpgi4g1jzpv2,hmm_2state,Ph 4,0.5075757575757576,0.15584415584415584,-0.033584792380143745
mmgpgi4g1jzpv2,hmm_3state,Full,0.9167502507522568,0.9170829170829171,0.8428438766287126
mmgpgi4g1jzpv2,hmm_3state,Ph 1,0.8586956521739131,0.875,0.7485549599571588
mmgpgi4g1jzpv2,hmm_3state,Ph 2,0.9448529411764706,0.9480968858131488,0.8950807732508138
mmgpgi4g1jzpv2,hmm_3state,Ph 3,0.924187725631769,0.9135802469135802,0.8570466878715977
mmgpgi4g1jzpv2,hmm_3state,Ph 4,0.9204545454545454,0.9195402298850575,0.8430310269018029
mmgpgi4g1jzpv2,hmm_4state,Full,0.9227683049147443,0.9235352532274081,0.8565973279941197
mmgpgi4g1jzpv2,hmm_4state,Ph 1,0.8695652173913043,0.883495145631068,0.7662224051759048
mmgpgi4g1jzpv2,hmm_4state,Ph 2,0.9522058823529411,0.9547038327526133,0.9085057600529469
mmgpgi4g1jzpv2,hmm_4state,Ph 3,0.924187725631769,0.9135802469135802,0.8570466878715977
mmgpgi4g1jzpv2,hmm_4state,Ph 4,0.928030303030303,0.9298892988929889,0.8656357994741982
mmgpiq4ct3r8s1,hmm_2state,Full,0.5240963855421686,0.3449419568822554,0.02044148888205182
mmgpiq4ct3r8s1,hmm_2state,Ph 1,0.4975609756097561,0.10434782608695652,-0.06284081931046158
mmgpiq4ct3r8s1,hmm_2state,Ph 2,0.654275092936803,0.6463878326996197,0.34943226438116437
mmgpiq4ct3r8s1,hmm_2state,Ph 3,0.21359223300970873,0.24299065420560748,-0.1460382937064386
mmgpiq4ct3r8s1,hmm_2state,Ph 4,0.5335968379446641,0.0,0.0
mmgpiq4ct3r8s1,hmm_3state,Full,0.7409638554216867,0.7211413748378729,0.479402714766255
mmgpiq4ct3r8s1,hmm_3state,Ph 1,0.6,0.3387096774193548,0.266301923224262
mmgpiq4ct3r8s1,hmm_3state,Ph 2,0.8698884758364313,0.8909657320872274,0.7327844041755665
mmgpiq4ct3r8s1,hmm_3state,Ph 3,0.2524271844660194,0.3063063063063063,0.1375727957182012
mmgpiq4ct3r8s1,hmm_3state,Ph 4,0.9169960474308301,0.9023255813953488,0.8434307849004931
mmgpiq4ct3r8s1,hmm_4state,Full,1.0,1.0,1.0
mmgpiq4ct3r8s1,hmm_4state,Ph 1,1.0,1.0,1.0
mmgpiq4ct3r8s1,hmm_4state,Ph 2,1.0,1.0,1.0
mmgpiq4ct3r8s1,hmm_4state,Ph 3,1.0,1.0,1.0
mmgpiq4ct3r8s1,hmm_4state,Ph 4,1.0,1.0,1.0
mmgpqa16u4u07b,hmm_2state,Full,0.489648033126294,0.5570530098831986,-0.024846699480642487
mmgpqa16u4u07b,hmm_2state,Ph 1,0.49074074074074076,0.09836065573770492,-0.05210863338275885
mmgpqa16u4u07b,hmm_2state,Ph 2,0.5914893617021276,0.7303370786516854,-0.013318079476375018
mmgpqa16u4u07b,hmm_2state,Ph 3,0.4074074074074074,0.5555555555555556,-0.07897451829776285
mmgpqa16u4u07b,hmm_2state,Ph 4,0.4816326530612245,0.5381818181818182,-0.03886160130527942
mmgpqa16u4u07b,hmm_3state,Full,0.9461697722567288,0.9440860215053763,0.8965019280466299
mmgpqa16u4u07b,hmm_3state,Ph 1,0.9351851851851852,0.9320388349514563,0.8726714329622236
mmgpqa16u4u07b,hmm_3state,Ph 2,0.9446808510638298,0.953405017921147,0.8915471376679178
mmgpqa16u4u07b,hmm_3state,Ph 3,0.9629629629629629,0.9532710280373832,0.9254756085607099
mmgpqa16u4u07b,hmm_3state,Ph 4,0.9387755102040817,0.935064935064935,0.8842579107348542
mmgpqa16u4u07b,hmm_4state,Full,0.9989648033126294,0.9989764585465711,0.9979314797304626
mmgpqa16u4u07b,hmm_4state,Ph 1,0.9953703703703703,0.9953488372093023,0.9907832134966705
mmgpqa16u4u07b,hmm_4state,Ph 2,1.0,1.0,1.0
mmgpqa16u4u07b,hmm_4state,Ph 3,1.0,1.0,1.0
mmgpqa16u4u07b,hmm_4state,Ph 4,1.0,1.0,1.0
mmgpy8l4xh9nto,hmm_2state,Full,0.5287569573283859,0.51434034416826,0.056861113499648994
mmgpy8l4xh9nto,hmm_2state,Ph 1,0.5272727272727272,0.6107784431137725,0.062249396118470926
mmgpy8l4xh9nto,hmm_2state,Ph 2,0.7841726618705036,0.8136645962732919,0.5575911771599444
mmgpy8l4xh9nto,hmm_2state,Ph 3,0.3272058823529412,0.2077922077922078,-0.3707030062139605
mmgpy8l4xh9nto,hmm_2state,Ph 4,0.466403162055336,0.1509433962264151,-0.05348329680801463
mmgpy8l4xh9nto,hmm_3state,Full,0.5306122448979592,0.5153256704980843,0.06052358535688601
mmgpy8l4xh9nto,hmm_3state,Ph 1,0.5345454545454545,0.6144578313253012,0.07773545407503853
mmgpy8l4xh9nto,hmm_3state,Ph 2,0.7805755395683454,0.8099688473520249,0.5505825968141906
mmgpy8l4xh9nto,hmm_3state,Ph 3,0.33088235294117646,0.21551724137931033,-0.3610705962030112
mmgpy8l4xh9nto,hmm_3state,Ph 4,0.466403162055336,0.1509433962264151,-0.05348329680801463
mmgpy8l4xh9nto,hmm_4state,Full,0.9972170686456401,0.9971777986829727,0.9944485118272312
mmgpy8l4xh9nto,hmm_4state,Ph 1,1.0,1.0,1.0
mmgpy8l4xh9nto,hmm_4state,Ph 2,0.9964028776978417,0.9968652037617555,0.9926727354288853
mmgpy8l4xh9nto,hmm_4state,Ph 3,0.9963235294117647,0.9951219512195122,0.9922026100638295
mmgpy8l4xh9nto,hmm_4state,Ph 4,0.9960474308300395,0.9962264150943396,0.9921083000437608
mmgq3qouddjc6z,hmm_2state,Full,0.5481023830538394,0.5477031802120141,0.09621772540212653
mmgq3qouddjc6z,hmm_2state,Ph 1,0.463519313304721,0.25149700598802394,-0.10099966538911521
mmgq3qouddjc6z,hmm_2state,Ph 2,0.6164383561643836,0.7565217391304347,-0.0390479298677981
mmgq3qouddjc6z,hmm_2state,Ph 3,0.5227272727272727,0.23834196891191708,-0.09284766908852593
mmgq3qouddjc6z,hmm_2state,Ph 4,0.5733333333333334,0.5897435897435898,0.147803848476893
mmgq3qouddjc6z,hmm_3state,Full,0.47925860547219773,0.5390625,-0.04362650854552367
mmgq3qouddjc6z,hmm_3state,Ph 1,0.4678111587982833,0.27058823529411763,-0.0883928857220012
mmgq3qouddjc6z,hmm_3state,Ph 2,0.5958904109589042,0.7434782608695653,-0.12227417454952837
mmgq3qouddjc6z,hmm_3state,Ph 3,0.37337662337662336,0.5326876513317191,-0.06705664989726873
mmgq3qouddjc6z,hmm_3state,Ph 4,0.48333333333333334,0.3459915611814346,-0.039633749016250074
mmgq3qouddjc6z,hmm_4state,Full,1.0,1.0,1.0
mmgq3qouddjc6z,hmm_4state,Ph 1,1.0,1.0,1.0
mmgq3qouddjc6z,hmm_4state,Ph 2,1.0,1.0,1.0
mmgq3qouddjc6z,hmm_4state,Ph 3,1.0,1.0,1.0
mmgq3qouddjc6z,hmm_4state,Ph 4,1.0,1.0,1.0
mmgqyc7ozjls4u,hmm_2state,Full,1.0,1.0,1.0
mmgqyc7ozjls4u,hmm_2state,Ph 1,1.0,1.0,1.0
mmgqyc7ozjls4u,hmm_2state,Ph 2,1.0,1.0,1.0
mmgqyc7ozjls4u,hmm_2state,Ph 3,1.0,1.0,1.0
mmgqyc7ozjls4u,hmm_2state,Ph 4,1.0,1.0,1.0
mmgqyc7ozjls4u,hmm_3state,Full,0.9960199004975124,0.9959183673469387,0.9920348722013077
mmgqyc7ozjls4u,hmm_3state,Ph 1,0.9951923076923077,0.9951219512195122,0.9904286404069773
mmgqyc7ozjls4u,hmm_3state,Ph 2,0.9960629921259843,0.9966777408637874,0.9918799205912652
mmgqyc7ozjls4u,hmm_3state,Ph 3,0.996415770609319,0.995260663507109,0.9924077435575557
mmgqyc7ozjls4u,hmm_3state,Ph 4,0.9962121212121212,0.9961977186311787,0.9924527223072329
mmgqyc7ozjls4u,hmm_4state,Full,1.0,1.0,1.0
mmgqyc7ozjls4u,hmm_4state,Ph 1,1.0,1.0,1.0
mmgqyc7ozjls4u,hmm_4state,Ph 2,1.0,1.0,1.0
mmgqyc7ozjls4u,hmm_4state,Ph 3,1.0,1.0,1.0
mmgqyc7ozjls4u,hmm_4state,Ph 4,1.0,1.0,1.0
mmgr4s188ypj5i,hmm_2state,Full,1.0,1.0,1.0
mmgr4s188ypj5i,hmm_2state,Ph 1,1.0,1.0,1.0
mmgr4s188ypj5i,hmm_2state,Ph 2,1.0,1.0,1.0
mmgr4s188ypj5i,hmm_2state,Ph 3,1.0,1.0,1.0
mmgr4s188ypj5i,hmm_2state,Ph 4,1.0,1.0,1.0
mmgr4s188ypj5i,hmm_3state,Full,0.9899598393574297,0.9897750511247444,0.9799131181858883
mmgr4s188ypj5i,hmm_3state,Ph 1,0.9761904761904762,0.976303317535545,0.9527784166245715
mmgr4s188ypj5i,hmm_3state,Ph 2,0.996031746031746,0.9970501474926253,0.9910299319445008
mmgr4s188ypj5i,hmm_3state,Ph 3,0.9881422924901185,0.9822485207100592,0.9736964698105244
mmgr4s188ypj5i,hmm_3state,Ph 4,0.99644128113879,0.9961389961389961,0.9928642164096362
mmgr4s188ypj5i,hmm_4state,Full,0.7098393574297188,0.7152709359605911,0.42143019353545513
mmgr4s188ypj5i,hmm_4state,Ph 1,0.7952380952380952,0.7962085308056872,0.590791568183128
mmgr4s188ypj5i,hmm_4state,Ph 2,0.7658730158730159,0.7958477508650519,0.5836591058760575
mmgr4s188ypj5i,hmm_4state,Ph 3,0.7351778656126482,0.7048458149779736,0.5387769091650576
mmgr4s188ypj5i,hmm_4state,Ph 4,0.5729537366548043,0.5833333333333334,0.15687275076145463
mmgr4wtlfg07a6,hmm_2state,Full,1.0,1.0,1.0
mmgr4wtlfg07a6,hmm_2state,Ph 1,1.0,1.0,1.0
mmgr4wtlfg07a6,hmm_2state,Ph 2,1.0,1.0,1.0
mmgr4wtlfg07a6,hmm_2state,Ph 3,1.0,1.0,1.0
mmgr4wtlfg07a6,hmm_2state,Ph 4,1.0,1.0,1.0
mmgr4wtlfg07a6,hmm_3state,Full,0.9903846153846154,0.9902491874322861,0.9807858765388981
mmgr4wtlfg07a6,hmm_3state,Ph 1,0.9957081545064378,0.9957081545064378,0.9914529914529915
mmgr4wtlfg07a6,hmm_3state,Ph 2,1.0,1.0,1.0
mmgr4wtlfg07a6,hmm_3state,Ph 3,0.9879032258064516,0.9828571428571429,0.9735497688212277
mmgr4wtlfg07a6,hmm_3state,Ph 4,0.9773755656108597,0.9765258215962441,0.955695412091724
mmgr4wtlfg07a6,hmm_4state,Full,0.5715811965811965,0.46461949265687585,0.15089313521471973
mmgr4wtlfg07a6,hmm_4state,Ph 1,0.5150214592274678,0.2097902097902098,0.04178007423349785
mmgr4wtlfg07a6,hmm_4state,Ph 2,0.7649572649572649,0.8096885813148789,0.5075456018874999
mmgr4wtlfg07a6,hmm_4state,Ph 3,0.4838709677419355,0.3402061855670103,-0.07738887136011066
mmgr4wtlfg07a6,hmm_4state,Ph 4,0.5248868778280543,0.14634146341463414,0.07784120318125935
mmgr8c41csnx7y,hmm_2state,Full,0.55052790346908,0.032467532467532464,-0.017168805150683523
mmgr8c41csnx7y,hmm_2state,Ph 1,0.7092198581560284,0.19607843137254902,0.08267903206892549
mmgr8c41csnx7y,hmm_2state,Ph 2,0.419811320754717,0.0,0.0
mmgr8c41csnx7y,hmm_2state,Ph 3,0.6,0.0,0.0
mmgr8c41csnx7y,hmm_2state,Ph 4,0.5130434782608696,0.0,0.0
mmgr8c41csnx7y,hmm_3state,Full,1.0,1.0,1.0
mmgr8c41csnx7y,hmm_3state,Ph 1,1.0,1.0,1.0
mmgr8c41csnx7y,hmm_3state,Ph 2,1.0,1.0,1.0
mmgr8c41csnx7y,hmm_3state,Ph 3,1.0,1.0,1.0
mmgr8c41csnx7y,hmm_3state,Ph 4,1.0,1.0,1.0
mmgr8c41csnx7y,hmm_4state,Full,0.6802413273001509,0.4564102564102564,0.4047981898436824
mmgr8c41csnx7y,hmm_4state,Ph 1,0.7659574468085106,0.32653061224489793,0.30010962165019234
mmgr8c41csnx7y,hmm_4state,Ph 2,0.5707547169811321,0.42038216560509556,0.3457220458959879
mmgr8c41csnx7y,hmm_4state,Ph 3,0.8256410256410256,0.7258064516129032,0.655849158618072
mmgr8c41csnx7y,hmm_4state,Ph 4,0.5304347826086957,0.1,0.09990192712833106
mmh0l2c7syhpy7,hmm_2state,Full,0.5124131082423039,0.6611456176673568,-0.014115558870198807
mmh0l2c7syhpy7,hmm_2state,Ph 1,0.5022026431718062,0.5830258302583026,-0.01540507527849553
mmh0l2c7syhpy7,hmm_2state,Ph 2,0.6192307692307693,0.7648456057007126,0.0
mmh0l2c7syhpy7,hmm_2state,Ph 3,0.4053030303030303,0.5722070844686649,-0.053950003805402186
mmh0l2c7syhpy7,hmm_2state,Ph 4,0.5234375,0.6871794871794872,0.0
mmh0l2c7syhpy7,hmm_3state,Full,0.9751737835153923,0.9761677788369876,0.9502784120213517
mmh0l2c7syhpy7,hmm_3state,Ph 1,0.9647577092511013,0.9663865546218487,0.9294999903435807
mmh0l2c7syhpy7,hmm_3state,Ph 2,0.9807692307692307,0.9845201238390093,0.9591720832816105
mmh0l2c7syhpy7,hmm_3state,Ph 3,0.9696969696969697,0.9629629629629629,0.9373219373219374
mmh0l2c7syhpy7,hmm_3state,Ph 4,0.984375,0.9852941176470589,0.9691119398746477
mmh0l2c7syhpy7,hmm_4state,Full,1.0,1.0,1.0
mmh0l2c7syhpy7,hmm_4state,Ph 1,1.0,1.0,1.0
mmh0l2c7syhpy7,hmm_4state,Ph 2,1.0,1.0,1.0
mmh0l2c7syhpy7,hmm_4state,Ph 3,1.0,1.0,1.0
mmh0l2c7syhpy7,hmm_4state,Ph 4,1.0,1.0,1.0
mmh0l48d4j1y4y,hmm_2state,Full,0.5338785046728972,0.5376593279258401,0.06787101926464503
mmh0l48d4j1y4y,hmm_2state,Ph 1,0.5301204819277109,0.30357142857142855,0.06828603868588824
mmh0l48d4j1y4y,hmm_2state,Ph 2,0.5601851851851852,0.6274509803921569,0.09133571234390185
mmh0l48d4j1y4y,hmm_2state,Ph 3,0.49361702127659574,0.5641025641025641,0.09423925969804087
mmh0l48d4j1y4y,hmm_2state,Ph 4,0.5523012552301255,0.5201793721973094,0.12482759269128495
mmh0l48d4j1y4y,hmm_3state,Full,0.5058411214953271,0.6005665722379604,0.0024134892614075033
mmh0l48d4j1y4y,hmm_3state,Ph 1,0.5060240963855421,0.6666666666666666,0.10910894511799618
mmh0l48d4j1y4y,hmm_3state,Ph 2,0.7222222222222222,0.7761194029850746,0.4123963852462898
mmh0l48d4j1y4y,hmm_3state,Ph 3,0.3021276595744681,0.31666666666666665,-0.3700999327332039
mmh0l48d4j1y4y,hmm_3state,Ph 4,0.5104602510460251,0.6163934426229508,-0.018974011116699854
mmh0l48d4j1y4y,hmm_4state,Full,0.6845794392523364,0.7423664122137404,0.39851180127801045
mmh0l48d4j1y4y,hmm_4state,Ph 1,0.3795180722891566,0.5253456221198156,-0.299496494867178
mmh0l48d4j1y4y,hmm_4state,Ph 2,0.8009259259259259,0.8458781362007168,0.5791059609609055
mmh0l48d4j1y4y,hmm_4state,Ph 3,0.548936170212766,0.6442953020134228,0.3358996115537417
mmh0l48d4j1y4y,hmm_4state,Ph 4,0.9246861924686193,0.9291338582677166,0.8492986551736728
mmh0le5hn8utpd,hmm_2state,Full,1.0,1.0,1.0
mmh0le5hn8utpd,hmm_2state,Ph 1,1.0,1.0,1.0
mmh0le5hn8utpd,hmm_2state,Ph 2,1.0,1.0,1.0
mmh0le5hn8utpd,hmm_2state,Ph 3,1.0,1.0,1.0
mmh0le5hn8utpd,hmm_2state,Ph 4,1.0,1.0,1.0
mmh0le5hn8utpd,hmm_3state,Full,0.9958932238193019,0.9958677685950413,0.9917945347858427
mmh0le5hn8utpd,hmm_3state,Ph 1,0.9911111111111112,0.991304347826087,0.9822134387351779
mmh0le5hn8utpd,hmm_3state,Ph 2,1.0,1.0,1.0
mmh0le5hn8utpd,hmm_3state,Ph 3,0.996031746031746,0.9942196531791907,0.9912370519850864
mmh0le5hn8utpd,hmm_3state,Ph 4,0.996031746031746,0.9959183673469387,0.9920887813566932
mmh0le5hn8utpd,hmm_4state,Full,1.0,1.0,1.0
mmh0le5hn8utpd,hmm_4state,Ph 1,1.0,1.0,1.0
mmh0le5hn8utpd,hmm_4state,Ph 2,1.0,1.0,1.0
mmh0le5hn8utpd,hmm_4state,Ph 3,1.0,1.0,1.0
mmh0le5hn8utpd,hmm_4state,Ph 4,1.0,1.0,1.0
mmh0lgop76n6ez,hmm_2state,Full,0.5016949152542373,0.5549949545913219,0.01280368829010242
mmh0lgop76n6ez,hmm_2state,Ph 1,0.4756756756756757,0.5872340425531914,-0.03283190867690426
mmh0lgop76n6ez,hmm_2state,Ph 2,0.5695067264573991,0.6962025316455697,-0.011219780439123351
mmh0lgop76n6ez,hmm_2state,Ph 3,0.4351464435146444,0.532871972318339,0.0590920937198044
mmh0lgop76n6ez,hmm_2state,Ph 4,0.5252100840336135,0.25165562913907286,0.0011252651718503572
mmh0lgop76n6ez,hmm_3state,Full,1.0,1.0,1.0
mmh0lgop76n6ez,hmm_3state,Ph 1,1.0,1.0,1.0
mmh0lgop76n6ez,hmm_3state,Ph 2,1.0,1.0,1.0
mmh0lgop76n6ez,hmm_3state,Ph 3,1.0,1.0,1.0
mmh0lgop76n6ez,hmm_3state,Ph 4,1.0,1.0,1.0
mmh0lgop76n6ez,hmm_4state,Full,0.9977401129943503,0.9976689976689976,0.9954862253153638
mmh0lgop76n6ez,hmm_4state,Ph 1,0.9945945945945946,0.994413407821229,0.9892360501735482
mmh0lgop76n6ez,hmm_4state,Ph 2,0.9955156950672646,0.99644128113879,0.9904267044173622
mmh0lgop76n6ez,hmm_4state,Ph 3,1.0,1.0,1.0
mmh0lgop76n6ez,hmm_4state,Ph 4,1.0,1.0,1.0
mmh0lku3ip54e4,hmm_2state,Full,1.0,1.0,1.0
mmh0lku3ip54e4,hmm_2state,Ph 1,1.0,1.0,1.0
mmh0lku3ip54e4,hmm_2state,Ph 2,1.0,1.0,1.0
mmh0lku3ip54e4,hmm_2state,Ph 3,1.0,1.0,1.0
mmh0lku3ip54e4,hmm_2state,Ph 4,1.0,1.0,1.0
mmh0lku3ip54e4,hmm_3state,Full,1.0,1.0,1.0
mmh0lku3ip54e4,hmm_3state,Ph 1,1.0,1.0,1.0
mmh0lku3ip54e4,hmm_3state,Ph 2,1.0,1.0,1.0
mmh0lku3ip54e4,hmm_3state,Ph 3,1.0,1.0,1.0
mmh0lku3ip54e4,hmm_3state,Ph 4,1.0,1.0,1.0
mmh0lku3ip54e4,hmm_4state,Full,0.9989806320081549,0.9989094874591058,0.9979546435338352
mmh0lku3ip54e4,hmm_4state,Ph 1,0.9954954954954955,0.9955156950672646,0.9910312089651148
mmh0lku3ip54e4,hmm_4state,Ph 2,1.0,1.0,1.0
mmh0lku3ip54e4,hmm_4state,Ph 3,1.0,1.0,1.0
mmh0lku3ip54e4,hmm_4state,Ph 4,1.0,1.0,1.0
mmh0lpcdm9wdcu,hmm_2state,Full,0.509090909090909,0.6508620689655172,-0.06364652169896334
mmh0lpcdm9wdcu,hmm_2state,Ph 1,0.5794392523364486,0.6666666666666666,0.1098233918380111
mmh0lpcdm9wdcu,hmm_2state,Ph 2,0.9230769230769231,0.96,0.0
mmh0lpcdm9wdcu,hmm_2state,Ph 3,0.13043478260869565,0.23076923076923078,0.0
mmh0lpcdm9wdcu,hmm_2state,Ph 4,0.41509433962264153,0.5866666666666667,0.0
mmh0lpcdm9wdcu,hmm_3state,Full,0.6909090909090909,0.7524271844660194,0.3820596494781896
mmh0lpcdm9wdcu,hmm_3state,Ph 1,0.5887850467289719,0.6901408450704225,0.08075138653986075
mmh0lpcdm9wdcu,hmm_3state,Ph 2,0.9230769230769231,0.96,0.0
mmh0lpcdm9wdcu,hmm_3state,Ph 3,0.7065217391304348,0.47058823529411764,0.45149324894859044
mmh0lpcdm9wdcu,hmm_3state,Ph 4,0.5283018867924528,0.6376811594202898,0.30099355037018233
mmh0lpcdm9wdcu,hmm_4state,Full,0.9151515151515152,0.9263157894736842,0.8348415420104253
mmh0lpcdm9wdcu,hmm_4state,Ph 1,0.9345794392523364,0.9523809523809523,0.8481189674592374
mmh0lpcdm9wdcu,hmm_4state,Ph 2,0.9871794871794872,0.993103448275862,0.9065968278232491
mmh0lpcdm9wdcu,hmm_4state,Ph 3,0.9456521739130435,0.8275862068965517,0.8134892168199608
mmh0lpcdm9wdcu,hmm_4state,Ph 4,0.7169811320754716,0.7457627118644068,0.5539743068897549
mmh0m3latwun95,hmm_2state,Full,0.5053658536585366,0.6328747284576394,0.012056911214225351
mmh0m3latwun95,hmm_2state,Ph 1,0.4796747967479675,0.6363636363636364,-0.08013602614850499
mmh0m3latwun95,hmm_2state,Ph 2,0.6529850746268657,0.7891156462585034,-0.002229750012769848
mmh0m3latwun95,hmm_2state,Ph 3,0.36363636363636365,0.5172413793103449,-0.04114062979236136
mmh0m3latwun95,hmm_2state,Ph 4,0.5222672064777328,0.5083333333333333,0.04376640419947506
mmh0m3latwun95,hmm_3state,Full,0.9834146341463414,0.9834469328140214,0.9668310140748909
mmh0m3latwun95,hmm_3state,Ph 1,0.991869918699187,0.9919354838709677,0.9838699100999075
mmh0m3latwun95,hmm_3state,Ph 2,0.996268656716418,0.9971671388101983,0.9917369244116425
mmh0m3latwun95,hmm_3state,Ph 3,0.9848484848484849,0.9791666666666666,0.9673935316162853
mmh0m3latwun95,hmm_3state,Ph 4,0.9595141700404858,0.9572649572649573,0.9199425053900635
mmh0m3latwun95,hmm_4state,Full,0.6936585365853658,0.7221238938053097,0.39486358748448236
mmh0m3latwun95,hmm_4state,Ph 1,0.7479674796747967,0.7987012987012987,0.5742209763929995
mmh0m3latwun95,hmm_4state,Ph 2,0.7388059701492538,0.8341232227488151,0.41362445420061983
mmh0m3latwun95,hmm_4state,Ph 3,0.7272727272727273,0.6697247706422018,0.4546768233277144
mmh0m3latwun95,hmm_4state,Ph 4,0.5546558704453441,0.3956043956043956,0.10982277769417134
mmh0mm0schxk59,hmm_2state,Full,0.4486266531027467,0.5593495934959349,-0.11833242698161205
mmh0mm0schxk59,hmm_2state,Ph 1,0.3316582914572864,0.26519337016574585,-0.34171174381774044
mmh0mm0schxk59,hmm_2state,Ph 2,0.6577946768060836,0.7804878048780488,0.0878992403492861
mmh0mm0schxk59,hmm_2state,Ph 3,0.3719298245614035,0.5421994884910486,0.0
mmh0mm0schxk59,hmm_2state,Ph 4,0.4067796610169492,0.43548387096774194,-0.1761845061998604
mmh0mm0schxk59,hmm_3state,Full,0.9989827060020345,0.9989827060020345,0.9979674796747967
mmh0mm0schxk59,hmm_3state,Ph 1,0.9949748743718593,0.9950248756218906,0.9899989948484695
mmh0mm0schxk59,hmm_3state,Ph 2,1.0,1.0,1.0
mmh0mm0schxk59,hmm_3state,Ph 3,1.0,1.0,1.0
mmh0mm0schxk59,hmm_3state,Ph 4,1.0,1.0,1.0
mmh0mm0schxk59,hmm_4state,Full,0.9989827060020345,0.9989827060020345,0.9979674796747967
mmh0mm0schxk59,hmm_4state,Ph 1,0.9949748743718593,0.9950248756218906,0.9899989948484695
mmh0mm0schxk59,hmm_4state,Ph 2,1.0,1.0,1.0
mmh0mm0schxk59,hmm_4state,Ph 3,1.0,1.0,1.0
mmh0mm0schxk59,hmm_4state,Ph 4,1.0,1.0,1.0
mmh0mmptqfyu87,hmm_2state,Full,0.5021097046413502,0.04065040650406504,-0.08081564476987052
mmh0mmptqfyu87,hmm_2state,Ph 1,0.49514563106796117,0.16129032258064516,-0.13898940942823834
mmh0mmptqfyu87,hmm_2state,Ph 2,0.4846153846153846,0.0,0.0
mmh0mmptqfyu87,hmm_2state,Ph 3,0.5303030303030303,0.0,0.0
mmh0mmptqfyu87,hmm_2state,Ph 4,0.4954128440366973,0.0,0.0
mmh0mmptqfyu87,hmm_3state,Full,0.5084388185654009,0.08627450980392157,-0.03620597790900264
mmh0mmptqfyu87,hmm_3state,Ph 1,0.5242718446601942,0.30985915492957744,-0.023829869675197728
mmh0mmptqfyu87,hmm_3state,Ph 2,0.4846153846153846,0.0,0.0
mmh0mmptqfyu87,hmm_3state,Ph 3,0.5303030303030303,0.0,0.0
mmh0mmptqfyu87,hmm_3state,Ph 4,0.4954128440366973,0.0,0.0
mmh0mmptqfyu87,hmm_4state,Full,0.9725738396624473,0.9707865168539326,0.9459973922741418
mmh0mmptqfyu87,hmm_4state,Ph 1,0.9902912621359223,0.9887640449438202,0.9804107675202675
mmh0mmptqfyu87,hmm_4state,Ph 2,1.0,1.0,1.0
mmh0mmptqfyu87,hmm_4state,Ph 3,0.9772727272727273,0.9752066115702479,0.9552515499287003
mmh0mmptqfyu87,hmm_4state,Ph 4,0.9174311926605505,0.9108910891089109,0.8466895044129914
mmh0nnjg95y0zn,hmm_2state,Full,0.5061932287365813,0.6721491228070176,0.0
mmh0nnjg95y0zn,hmm_2state,Ph 1,0.498220640569395,0.665083135391924,0.0
mmh0nnjg95y0zn,hmm_2state,Ph 2,0.6116504854368932,0.7590361445783133,0.0
mmh0nnjg95y0zn,hmm_2state,Ph 3,0.4032258064516129,0.5747126436781609,0.0
mmh0nnjg95y0zn,hmm_2state,Ph 4,0.5112540192926045,0.676595744680851,0.0
mmh0nnjg95y0zn,hmm_3state,Full,0.5053674649050371,0.6659230340211936,-0.003221114419557127
mmh0nnjg95y0zn,hmm_3state,Ph 1,0.5124555160142349,0.6583541147132169,0.05437887919204991
mmh0nnjg95y0zn,hmm_3state,Ph 2,0.5954692556634305,0.7433264887063655,-0.045579184510953434
mmh0nnjg95y0zn,hmm_3state,Ph 3,0.4032258064516129,0.5747126436781609,0.0
mmh0nnjg95y0zn,hmm_3state,Ph 4,0.5112540192926045,0.676595744680851,0.0
mmh0nnjg95y0zn,hmm_4state,Full,0.5342691990090834,0.6824324324324325,0.14643015679206206
mmh0nnjg95y0zn,hmm_4state,Ph 1,0.5480427046263345,0.6768447837150128,0.16515411262920945
mmh0nnjg95y0zn,hmm_4state,Ph 2,0.6343042071197411,0.769857433808554,0.19106706287729522
mmh0nnjg95y0zn,hmm_4state,Ph 3,0.42258064516129035,0.5827505827505828,0.1154803192114475
mmh0nnjg95y0zn,hmm_4state,Ph 4,0.5337620578778135,0.6868250539956804,0.15519902779059802
mmh0ocgvf4p325,hmm_2state,Full,1.0,1.0,1.0
mmh0ocgvf4p325,hmm_2state,Ph 1,1.0,1.0,1.0
mmh0ocgvf4p325,hmm_2state,Ph 2,1.0,1.0,1.0
mmh0ocgvf4p325,hmm_2state,Ph 3,1.0,1.0,1.0
mmh0ocgvf4p325,hmm_2state,Ph 4,1.0,1.0,1.0
mmh0ocgvf4p325,hmm_3state,Full,0.9855670103092784,0.9846491228070176,0.9710388849381362
mmh0ocgvf4p325,hmm_3state,Ph 1,0.9822222222222222,0.98,0.9646364032414211
mmh0ocgvf4p325,hmm_3state,Ph 2,0.9882352941176471,0.9908814589665653,0.9743430375551312
mmh0ocgvf4p325,hmm_3state,Ph 3,0.9879518072289156,0.9822485207100592,0.9731694971130349
mmh0ocgvf4p325,hmm_3state,Ph 4,0.983402489626556,0.9813084112149533,0.9669386321802385
mmh0ocgvf4p325,hmm_4state,Full,0.9876288659793815,0.986784140969163,0.9752324262607694
mmh0ocgvf4p325,hmm_4state,Ph 1,0.9822222222222222,0.9797979797979798,0.9640846767896317
mmh0ocgvf4p325,hmm_4state,Ph 2,0.9921568627450981,0.9939024390243902,0.9830580664718315
mmh0ocgvf4p325,hmm_4state,Ph 3,0.9919678714859438,0.9880952380952381,0.9821944218702024
mmh0ocgvf4p325,hmm_4state,Ph 4,0.983402489626556,0.9813084112149533,0.9669386321802385
mmh0opq734nw1a,hmm_2state,Full,0.49665924276169265,0.5611650485436893,-0.008979942131713112
mmh0opq734nw1a,hmm_2state,Ph 1,0.4792626728110599,0.4792626728110599,-0.02640207075064711
mmh0opq734nw1a,hmm_2state,Ph 2,0.6171171171171171,0.7492625368731564,0.037464401607672136
mmh0opq734nw1a,hmm_2state,Ph 3,0.3938053097345133,0.5650793650793651,0.0
mmh0opq734nw1a,hmm_2state,Ph 4,0.4978540772532189,0.2641509433962264,-0.08617931149762752
mmh0opq734nw1a,hmm_3state,Full,0.755011135857461,0.779559118236473,0.520890764679827
mmh0opq734nw1a,hmm_3state,Ph 1,0.6543778801843319,0.6606334841628959,0.32339544557872635
mmh0opq734nw1a,hmm_3state,Ph 2,0.8333333333333334,0.872852233676976,0.6342425926612155
mmh0opq734nw1a,hmm_3state,Ph 3,0.6283185840707964,0.6793893129770993,0.4461178525329298
mmh0opq734nw1a,hmm_3state,Ph 4,0.8969957081545065,0.8928571428571429,0.8129738678598128
mmh0opq734nw1a,hmm_4state,Full,0.9476614699331849,0.9488574537540805,0.8957951848252818
mmh0opq734nw1a,hmm_4state,Ph 1,0.9400921658986175,0.9490196078431372,0.881529903039553
mmh0opq734nw1a,hmm_4state,Ph 2,0.9819819819819819,0.986013986013986,0.9614537736553523
mmh0opq734nw1a,hmm_4state,Ph 3,0.9513274336283186,0.9398907103825137,0.8999977870396909
mmh0opq734nw1a,hmm_4state,Ph 4,0.9184549356223176,0.9025641025641026,0.8333422778435225
mmh0ozswma6i3j,hmm_2state,Full,0.486404833836858,0.6222222222222222,-0.02371498530039191
mmh0ozswma6i3j,hmm_2state,Ph 1,0.5140845070422535,0.6790697674418604,0.0
mmh0ozswma6i3j,hmm_2state,Ph 2,0.583941605839416,0.7373271889400922,0.0
mmh0ozswma6i3j,hmm_2state,Ph 3,0.3848797250859107,0.5398457583547558,-0.08437265812054381
mmh0ozswma6i3j,hmm_2state,Ph 4,0.4825174825174825,0.5256410256410257,-0.03426175180492451
mmh0ozswma6i3j,hmm_3state,Full,0.998992950654582,0.9989785495403473,0.997987527942151
mmh0ozswma6i3j,hmm_3state,Ph 1,1.0,1.0,1.0
mmh0ozswma6i3j,hmm_3state,Ph 2,0.9963503649635036,0.9968847352024922,0.9925076191583582
mmh0ozswma6i3j,hmm_3state,Ph 3,1.0,1.0,1.0
mmh0ozswma6i3j,hmm_3state,Ph 4,1.0,1.0,1.0
mmh0ozswma6i3j,hmm_4state,Full,0.9919436052366566,0.9918864097363083,0.9840151959759871
mmh0ozswma6i3j,hmm_4state,Ph 1,0.9929577464788732,0.9931972789115646,0.9859967448654348
mmh0ozswma6i3j,hmm_4state,Ph 2,0.9890510948905109,0.9907120743034056,0.9776316495666558
mmh0ozswma6i3j,hmm_4state,Ph 3,1.0,1.0,1.0
mmh0ozswma6i3j,hmm_4state,Ph 4,0.986013986013986,0.9861111111111112,0.9724124623614507
mmh0pa4lgnz2nd,hmm_2state,Full,1.0,1.0,1.0
mmh0pa4lgnz2nd,hmm_2state,Ph 1,1.0,1.0,1.0
mmh0pa4lgnz2nd,hmm_2state,Ph 2,1.0,1.0,1.0
mmh0pa4lgnz2nd,hmm_2state,Ph 3,1.0,1.0,1.0
mmh0pa4lgnz2nd,hmm_2state,Ph 4,1.0,1.0,1.0
mmh0pa4lgnz2nd,hmm_3state,Full,0.9897142857142858,0.9895953757225433,0.9794491588719672
mmh0pa4lgnz2nd,hmm_3state,Ph 1,0.9792746113989638,0.978494623655914,0.958705508752984
mmh0pa4lgnz2nd,hmm_3state,Ph 2,1.0,1.0,1.0
mmh0pa4lgnz2nd,hmm_3state,Ph 3,0.9957081545064378,0.9937888198757764,0.990554927294663
mmh0pa4lgnz2nd,hmm_3state,Ph 4,0.9817351598173516,0.9813084112149533,0.9641071806193923
mmh0pa4lgnz2nd,hmm_4state,Full,1.0,1.0,1.0
mmh0pa4lgnz2nd,hmm_4state,Ph 1,1.0,1.0,1.0
mmh0pa4lgnz2nd,hmm_4state,Ph 2,1.0,1.0,1.0
mmh0pa4lgnz2nd,hmm_4state,Ph 3,1.0,1.0,1.0
mmh0pa4lgnz2nd,hmm_4state,Ph 4,1.0,1.0,1.0
mmh0pj6zqdvwmg,hmm_2state,Full,0.4987714987714988,0.5255813953488372,-0.00021922586264765684
mmh0pj6zqdvwmg,hmm_2state,Ph 1,0.5151515151515151,0.6559139784946236,-0.023959351667720848
mmh0pj6zqdvwmg,hmm_2state,Ph 2,0.5015290519877675,0.6401766004415012,0.024384430451509034
mmh0pj6zqdvwmg,hmm_2state,Ph 3,0.5124223602484472,0.47840531561461797,0.030271708308067555
mmh0pj6zqdvwmg,hmm_2state,Ph 4,0.4675324675324675,0.0,0.0
mmh0pj6zqdvwmg,hmm_3state,Full,0.5143325143325144,0.44939647168059427,0.025525513141813824
mmh0pj6zqdvwmg,hmm_3state,Ph 1,0.4962121212121212,0.580441640378549,-0.030091510107885577
mmh0pj6zqdvwmg,hmm_3state,Ph 2,0.6207951070336392,0.6050955414012739,0.24113414644041944
mmh0pj6zqdvwmg,hmm_3state,Ph 3,0.39751552795031053,0.21774193548387097,-0.26870143478672504
mmh0pj6zqdvwmg,hmm_3state,Ph 4,0.538961038961039,0.2828282828282828,0.20549300955350872
mmh0pj6zqdvwmg,hmm_4state,Full,1.0,1.0,1.0
mmh0pj6zqdvwmg,hmm_4state,Ph 1,1.0,1.0,1.0
mmh0pj6zqdvwmg,hmm_4state,Ph 2,1.0,1.0,1.0
mmh0pj6zqdvwmg,hmm_4state,Ph 3,1.0,1.0,1.0
mmh0pj6zqdvwmg,hmm_4state,Ph 4,1.0,1.0,1.0
mmh0pjhqfbciu8,hmm_2state,Full,0.5,0.5963718820861678,0.020062439561757156
mmh0pjhqfbciu8,hmm_2state,Ph 1,0.5087719298245614,0.6744186046511628,-0.1267731382092775
mmh0pjhqfbciu8,hmm_2state,Ph 2,0.6945812807881774,0.7891156462585034,0.30705210513649384
mmh0pjhqfbciu8,hmm_2state,Ph 3,0.3113207547169811,0.3652173913043478,-0.20224353252587307
mmh0pjhqfbciu8,hmm_2state,Ph 4,0.49206349206349204,0.36,-0.01742625780188712
mmh0pjhqfbciu8,hmm_3state,Full,0.6067415730337079,0.6895787139689579,0.282648632541329
mmh0pjhqfbciu8,hmm_3state,Ph 1,0.5380116959064327,0.6901960784313725,0.07370277311900889
mmh0pjhqfbciu8,hmm_3state,Ph 2,0.6896551724137931,0.7878787878787878,0.29367344621322017
mmh0pjhqfbciu8,hmm_3state,Ph 3,0.6367924528301887,0.5276073619631901,0.2700642713428594
mmh0pjhqfbciu8,hmm_3state,Ph 4,0.5158730158730159,0.6737967914438503,0.1270001270001905
mmh0pjhqfbciu8,hmm_4state,Full,0.8764044943820225,0.8603174603174604,0.7614708059909007
mmh0pjhqfbciu8,hmm_4state,Ph 1,0.935672514619883,0.9405405405405406,0.8720983634634086
mmh0pjhqfbciu8,hmm_4state,Ph 2,0.916256157635468,0.9317269076305221,0.8246706605649643
mmh0pjhqfbciu8,hmm_4state,Ph 3,0.8915094339622641,0.7850467289719626,0.7415115190839217
mmh0pjhqfbciu8,hmm_4state,Ph 4,0.7063492063492064,0.5842696629213483,0.5099019513592785
mmh0puch6r88f0,hmm_2state,Full,1.0,1.0,1.0
mmh0puch6r88f0,hmm_2state,Ph 1,1.0,1.0,1.0
mmh0puch6r88f0,hmm_2state,Ph 2,1.0,1.0,1.0
mmh0puch6r88f0,hmm_2state,Ph 3,1.0,1.0,1.0
mmh0puch6r88f0,hmm_2state,Ph 4,1.0,1.0,1.0
mmh0puch6r88f0,hmm_3state,Full,1.0,1.0,1.0
mmh0puch6r88f0,hmm_3state,Ph 1,1.0,1.0,1.0
mmh0puch6r88f0,hmm_3state,Ph 2,1.0,1.0,1.0
mmh0puch6r88f0,hmm_3state,Ph 3,1.0,1.0,1.0
mmh0puch6r88f0,hmm_3state,Ph 4,1.0,1.0,1.0
mmh0puch6r88f0,hmm_4state,Full,1.0,1.0,1.0
mmh0puch6r88f0,hmm_4state,Ph 1,1.0,1.0,1.0
mmh0puch6r88f0,hmm_4state,Ph 2,1.0,1.0,1.0
mmh0puch6r88f0,hmm_4state,Ph 3,1.0,1.0,1.0
mmh0puch6r88f0,hmm_4state,Ph 4,1.0,1.0,1.0
mmh0r154h7irg3,hmm_2state,Full,0.5012964563526361,0.40454076367389064,-0.004664764069766502
mmh0r154h7irg3,hmm_2state,Ph 1,0.5131578947368421,0.27450980392156865,0.012509357595487044
mmh0r154h7irg3,hmm_2state,Ph 2,0.5234899328859061,0.5506329113924051,0.059008171603876926
mmh0r154h7irg3,hmm_2state,Ph 3,0.4774193548387097,0.47058823529411764,-0.008174497019945215
mmh0r154h7irg3,hmm_2state,Ph 4,0.4953271028037383,0.16494845360824742,-0.05403649015631669
mmh0r154h7irg3,hmm_3state,Full,0.780466724286949,0.7865546218487395,0.5647900384954081
mmh0r154h7irg3,hmm_3state,Ph 1,0.631578947368421,0.5172413793103449,0.2811787315240594
mmh0r154h7irg3,hmm_3state,Ph 2,0.889261744966443,0.9100817438692098,0.7709526488928489
mmh0r154h7irg3,hmm_3state,Ph 3,0.6903225806451613,0.7073170731707317,0.48290475389274745
mmh0r154h7irg3,hmm_3state,Ph 4,0.8722741433021807,0.8722741433021807,0.7465993004275165
mmh0r154h7irg3,hmm_4state,Full,0.8038029386343993,0.8155970755483347,0.6184168865815134
mmh0r154h7irg3,hmm_4state,Ph 1,0.6491228070175439,0.5789473684210527,0.30499690498910165
mmh0r154h7irg3,hmm_4state,Ph 2,0.8959731543624161,0.9173333333333333,0.7892083095495512
mmh0r154h7irg3,hmm_4state,Ph 3,0.7096774193548387,0.7289156626506024,0.5356550679083095
mmh0r154h7irg3,hmm_4state,Ph 4,0.9190031152647975,0.9221556886227545,0.8481036806077911
mmh0r34rqnesgg,hmm_2state,Full,0.48552338530066813,0.6292134831460674,-0.07382575849897527
mmh0r34rqnesgg,hmm_2state,Ph 1,0.45454545454545453,0.5887096774193549,-0.1621426404719048
mmh0r34rqnesgg,hmm_2state,Ph 2,0.6858407079646017,0.8054794520547945,0.07937883643992437
mmh0r34rqnesgg,hmm_2state,Ph 3,0.28820960698689957,0.3985239852398524,-0.202586470527643
mmh0r34rqnesgg,hmm_2state,Ph 4,0.5078125,0.6519337016574586,-0.033672835513040414
mmh0r34rqnesgg,hmm_3state,Full,1.0,1.0,1.0
mmh0r34rqnesgg,hmm_3state,Ph 1,1.0,1.0,1.0
mmh0r34rqnesgg,hmm_3state,Ph 2,1.0,1.0,1.0
mmh0r34rqnesgg,hmm_3state,Ph 3,1.0,1.0,1.0
mmh0r34rqnesgg,hmm_3state,Ph 4,1.0,1.0,1.0
mmh0r34rqnesgg,hmm_4state,Full,1.0,1.0,1.0
mmh0r34rqnesgg,hmm_4state,Ph 1,1.0,1.0,1.0
mmh0r34rqnesgg,hmm_4state,Ph 2,1.0,1.0,1.0
mmh0r34rqnesgg,hmm_4state,Ph 3,1.0,1.0,1.0
mmh0r34rqnesgg,hmm_4state,Ph 4,1.0,1.0,1.0
mmh0rqn6g1cadb,hmm_2state,Full,0.4913112164296998,0.603448275862069,-0.01786491068523303
mmh0rqn6g1cadb,hmm_2state,Ph 1,0.4420289855072464,0.5698324022346368,-0.11463093857377761
mmh0rqn6g1cadb,hmm_2state,Ph 2,0.5878787878787879,0.7322834645669292,-0.044620382984303084
mmh0rqn6g1cadb,hmm_2state,Ph 3,0.41361256544502617,0.5087719298245614,-0.05582045430298882
mmh0rqn6g1cadb,hmm_2state,Ph 4,0.5323741007194245,0.5695364238410596,0.060437295560408014
mmh0rqn6g1cadb,hmm_3state,Full,0.5829383886255924,0.6544502617801047,0.1848399969826564
mmh0rqn6g1cadb,hmm_3state,Ph 1,0.4855072463768116,0.5895953757225434,-0.006045055464752897
mmh0rqn6g1cadb,hmm_3state,Ph 2,0.6363636363636364,0.76,0.14399681450050783
mmh0rqn6g1cadb,hmm_3state,Ph 3,0.4607329842931937,0.5422222222222223,0.05482102967686998
mmh0rqn6g1cadb,hmm_3state,Ph 4,0.7841726618705036,0.7413793103448276,0.6255470044734578
mmh0rqn6g1cadb,hmm_4state,Full,0.5813586097946287,0.6526867627785059,0.1810553099841162
mmh0rqn6g1cadb,hmm_4state,Ph 1,0.4855072463768116,0.5895953757225434,-0.006045055464752897
mmh0rqn6g1cadb,hmm_4state,Ph 2,0.6363636363636364,0.76,0.14399681450050783
mmh0rqn6g1cadb,hmm_4state,Ph 3,0.4607329842931937,0.5422222222222223,0.05482102967686998
mmh0rqn6g1cadb,hmm_4state,Ph 4,0.7769784172661871,0.7304347826086957,0.6144604811253088
mmh0tro0khha5x,hmm_2state,Full,1.0,1.0,1.0
mmh0tro0khha5x,hmm_2state,Ph 1,1.0,1.0,1.0
mmh0tro0khha5x,hmm_2state,Ph 2,1.0,1.0,1.0
mmh0tro0khha5x,hmm_2state,Ph 3,1.0,1.0,1.0
mmh0tro0khha5x,hmm_2state,Ph 4,1.0,1.0,1.0
mmh0tro0khha5x,hmm_3state,Full,0.7505376344086021,0.7444933920704846,0.5008237031161202
mmh0tro0khha5x,hmm_3state,Ph 1,0.5815217391304348,0.2376237623762376,0.24552456146444956
mmh0tro0khha5x,hmm_3state,Ph 2,0.8145161290322581,0.8722222222222222,0.5595488891939718
mmh0tro0khha5x,hmm_3state,Ph 3,0.6275303643724697,0.6101694915254238,0.36342964078908946
mmh0tro0khha5x,hmm_3state,Ph 4,0.9322709163346613,0.919431279620853,0.87002827032213
mmh0tro0khha5x,hmm_4state,Full,0.7602150537634409,0.749156355455568,0.5198929027408105
mmh0tro0khha5x,hmm_4state,Ph 1,0.592391304347826,0.32432432432432434,0.23028309323591914
mmh0tro0khha5x,hmm_4state,Ph 2,0.8104838709677419,0.8621700879765396,0.5605612823151539
mmh0tro0khha5x,hmm_4state,Ph 3,0.659919028340081,0.6283185840707964,0.39836775941858416
mmh0tro0khha5x,hmm_4state,Ph 4,0.9322709163346613,0.919431279620853,0.87002827032213
mmh0uacrkmrg83,hmm_2state,Full,1.0,1.0,1.0
mmh0uacrkmrg83,hmm_2state,Ph 1,1.0,1.0,1.0
mmh0uacrkmrg83,hmm_2state,Ph 2,1.0,1.0,1.0
mmh0uacrkmrg83,hmm_2state,Ph 3,1.0,1.0,1.0
mmh0uacrkmrg83,hmm_2state,Ph 4,1.0,1.0,1.0
mmh0uacrkmrg83,hmm_3state,Full,0.998567335243553,0.9986013986013986,0.9971370738645211
mmh0uacrkmrg83,hmm_3state,Ph 1,0.9929078014184397,0.9922480620155039,0.9858134569116876
mmh0uacrkmrg83,hmm_3state,Ph 2,1.0,1.0,1.0
mmh0uacrkmrg83,hmm_3state,Ph 3,1.0,1.0,1.0
mmh0uacrkmrg83,hmm_3state,Ph 4,1.0,1.0,1.0
mmh0uacrkmrg83,hmm_4state,Full,0.671919770773639,0.751357220412595,0.4186879437349606
mmh0uacrkmrg83,hmm_4state,Ph 1,0.5460992907801419,0.627906976744186,0.16750698235636205
mmh0uacrkmrg83,hmm_4state,Ph 2,0.8502673796791443,0.9119496855345912,0.5096860416171716
mmh0uacrkmrg83,hmm_4state,Ph 3,0.44761904761904764,0.5572519083969466,0.24332116757909064
mmh0uacrkmrg83,hmm_4state,Ph 4,0.86875,0.8757396449704142,0.7672934836721078
mmh0ueb9o9dis7,hmm_2state,Full,1.0,1.0,1.0
mmh0ueb9o9dis7,hmm_2state,Ph 1,1.0,1.0,1.0
mmh0ueb9o9dis7,hmm_2state,Ph 2,1.0,1.0,1.0
mmh0ueb9o9dis7,hmm_2state,Ph 3,1.0,1.0,1.0
mmh0ueb9o9dis7,hmm_2state,Ph 4,1.0,1.0,1.0
mmh0ueb9o9dis7,hmm_3state,Full,0.5578947368421052,0.6299559471365639,0.1364916243336323
mmh0ueb9o9dis7,hmm_3state,Ph 1,0.5240963855421686,0.6775510204081633,-0.06645225021591596
mmh0ueb9o9dis7,hmm_3state,Ph 2,0.7942857142857143,0.8378378378378378,0.6185186802225332
mmh0ueb9o9dis7,hmm_3state,Ph 3,0.4626865671641791,0.41304347826086957,-0.06901510597898868
mmh0ueb9o9dis7,hmm_3state,Ph 4,0.481651376146789,0.5603112840466926,-0.02828615226554584
mmh0ueb9o9dis7,hmm_4state,Full,0.9986842105263158,0.9986577181208054,0.997370856286119
mmh0ueb9o9dis7,hmm_4state,Ph 1,1.0,1.0,1.0
mmh0ueb9o9dis7,hmm_4state,Ph 2,1.0,1.0,1.0
mmh0ueb9o9dis7,hmm_4state,Ph 3,1.0,1.0,1.0
mmh0ueb9o9dis7,hmm_4state,Ph 4,0.9954128440366973,0.9953051643192489,0.9908627951294243
mmh0vbvu4yn6l1,hmm_2state,Full,0.4807856532877882,0.5824175824175825,-0.035024537403807704
mmh0vbvu4yn6l1,hmm_2state,Ph 1,0.42857142857142855,0.5760869565217391,-0.19101559777959087
mmh0vbvu4yn6l1,hmm_2state,Ph 2,0.6174496644295302,0.7634854771784232,-0.07769450525041738
mmh0vbvu4yn6l1,hmm_2state,Ph 3,0.38333333333333336,0.5340050377833753,0.12999505374142775
mmh0vbvu4yn6l1,hmm_2state,Ph 4,0.49,0.2679425837320574,-0.03467712820500678
mmh0vbvu4yn6l1,hmm_3state,Full,0.9171648163962425,0.9157254561251086,0.8342826299837135
mmh0vbvu4yn6l1,hmm_3state,Ph 1,0.8974358974358975,0.8955223880597015,0.7948993575027925
mmh0vbvu4yn6l1,hmm_3state,Ph 2,0.9161073825503355,0.9340369393139841,0.8194223841062055
mmh0vbvu4yn6l1,hmm_3state,Ph 3,0.92,0.8928571428571429,0.8323557296807338
mmh0vbvu4yn6l1,hmm_3state,Ph 4,0.9333333333333333,0.9285714285714286,0.8714406966043996
mmh0vbvu4yn6l1,hmm_4state,Full,0.9171648163962425,0.9157254561251086,0.8342826299837135
mmh0vbvu4yn6l1,hmm_4state,Ph 1,0.8974358974358975,0.8955223880597015,0.7948993575027925
mmh0vbvu4yn6l1,hmm_4state,Ph 2,0.9161073825503355,0.9340369393139841,0.8194223841062055
mmh0vbvu4yn6l1,hmm_4state,Ph 3,0.92,0.8928571428571429,0.8323557296807338
mmh0vbvu4yn6l1,hmm_4state,Ph 4,0.9333333333333333,0.9285714285714286,0.8714406966043996
mmh0vh7gck5q8n,hmm_2state,Full,1.0,1.0,1.0
mmh0vh7gck5q8n,hmm_2state,Ph 1,1.0,1.0,1.0
mmh0vh7gck5q8n,hmm_2state,Ph 2,1.0,1.0,1.0
mmh0vh7gck5q8n,hmm_2state,Ph 3,1.0,1.0,1.0
mmh0vh7gck5q8n,hmm_2state,Ph 4,1.0,1.0,1.0
mmh0vh7gck5q8n,hmm_3state,Full,0.9987113402061856,0.9987546699875467,0.9974228815519772
mmh0vh7gck5q8n,hmm_3state,Ph 1,1.0,1.0,1.0
mmh0vh7gck5q8n,hmm_3state,Ph 2,1.0,1.0,1.0
mmh0vh7gck5q8n,hmm_3state,Ph 3,1.0,1.0,1.0
mmh0vh7gck5q8n,hmm_3state,Ph 4,0.9950980392156863,0.994535519125683,0.9901399234972381
mmh0vh7gck5q8n,hmm_4state,Full,0.9987113402061856,0.9987546699875467,0.9974228815519772
mmh0vh7gck5q8n,hmm_4state,Ph 1,1.0,1.0,1.0
mmh0vh7gck5q8n,hmm_4state,Ph 2,1.0,1.0,1.0
mmh0vh7gck5q8n,hmm_4state,Ph 3,1.0,1.0,1.0
mmh0vh7gck5q8n,hmm_4state,Ph 4,0.9950980392156863,0.994535519125683,0.9901399234972381
mmh0wavycmn4y3,hmm_2state,Full,1.0,1.0,1.0
mmh0wavycmn4y3,hmm_2state,Ph 1,1.0,1.0,1.0
mmh0wavycmn4y3,hmm_2state,Ph 2,1.0,1.0,1.0
mmh0wavycmn4y3,hmm_2state,Ph 3,1.0,1.0,1.0
mmh0wavycmn4y3,hmm_2state,Ph 4,1.0,1.0,1.0
mmh0wavycmn4y3,hmm_3state,Full,0.6522935779816513,0.6380133715377269,0.3044286775831839
mmh0wavycmn4y3,hmm_3state,Ph 1,0.6474820143884892,0.6524822695035462,0.3029805833753989
mmh0wavycmn4y3,hmm_3state,Ph 2,0.7116788321167883,0.8,0.2986056716287055
mmh0wavycmn4y3,hmm_3state,Ph 3,0.7230769230769231,0.6170212765957447,0.4047769790426391
mmh0wavycmn4y3,hmm_3state,Ph 4,0.5323741007194245,0.2857142857142857,0.06770640118717403
mmh0wavycmn4y3,hmm_4state,Full,1.0,1.0,1.0
mmh0wavycmn4y3,hmm_4state,Ph 1,1.0,1.0,1.0
mmh0wavycmn4y3,hmm_4state,Ph 2,1.0,1.0,1.0
mmh0wavycmn4y3,hmm_4state,Ph 3,1.0,1.0,1.0
mmh0wavycmn4y3,hmm_4state,Ph 4,1.0,1.0,1.0
mmh0x9u4kgtvxn,hmm_2state,Full,0.4892887746358183,0.5336463223787168,-0.021327029513314017
mmh0x9u4kgtvxn,hmm_2state,Ph 1,0.46779661016949153,0.47840531561461797,-0.06397574783820448
mmh0x9u4kgtvxn,hmm_2state,Ph 2,0.5390334572490706,0.6309523809523809,0.02313896221200159
mmh0x9u4kgtvxn,hmm_2state,Ph 3,0.42955326460481097,0.5174418604651163,-0.044406995104258336
mmh0x9u4kgtvxn,hmm_2state,Ph 4,0.5224358974358975,0.4983164983164983,0.04837063063376844
mmh0x9u4kgtvxn,hmm_3state,Full,1.0,1.0,1.0
mmh0x9u4kgtvxn,hmm_3state,Ph 1,1.0,1.0,1.0
mmh0x9u4kgtvxn,hmm_3state,Ph 2,1.0,1.0,1.0
mmh0x9u4kgtvxn,hmm_3state,Ph 3,1.0,1.0,1.0
mmh0x9u4kgtvxn,hmm_3state,Ph 4,1.0,1.0,1.0
mmh0x9u4kgtvxn,hmm_4state,Full,0.922879177377892,0.9281150159744409,0.8555957920710269
mmh0x9u4kgtvxn,hmm_4state,Ph 1,0.8338983050847457,0.855457227138643,0.7053672725900296
mmh0x9u4kgtvxn,hmm_4state,Ph 2,0.9925650557620818,0.9937106918238994,0.9847371259413384
mmh0x9u4kgtvxn,hmm_4state,Ph 3,0.9759450171821306,0.9711934156378601,0.9517370793491722
mmh0x9u4kgtvxn,hmm_4state,Ph 4,0.8974358974358975,0.9090909090909091,0.8111071056538127
mmh0yegg0emahk,hmm_2state,Full,0.5087719298245614,0.558252427184466,0.022450072384030507
mmh0yegg0emahk,hmm_2state,Ph 1,0.43781094527363185,0.41450777202072536,-0.12596715925285185
mmh0yegg0emahk,hmm_2state,Ph 2,0.652,0.7642276422764228,0.11803026100152685
mmh0yegg0emahk,hmm_2state,Ph 3,0.38596491228070173,0.3712574850299401,0.02455718797224677
mmh0yegg0emahk,hmm_2state,Ph 4,0.5042016806722689,0.37894736842105264,-0.007276853998108247
mmh0yegg0emahk,hmm_3state,Full,1.0,1.0,1.0
mmh0yegg0emahk,hmm_3state,Ph 1,1.0,1.0,1.0
mmh0yegg0emahk,hmm_3state,Ph 2,1.0,1.0,1.0
mmh0yegg0emahk,hmm_3state,Ph 3,1.0,1.0,1.0
mmh0yegg0emahk,hmm_3state,Ph 4,1.0,1.0,1.0
mmh0yegg0emahk,hmm_4state,Full,0.9946018893387314,0.9945054945054945,0.9892004547176961
mmh0yegg0emahk,hmm_4state,Ph 1,0.9950248756218906,0.9947643979057592,0.9900745636109606
mmh0yegg0emahk,hmm_4state,Ph 2,1.0,1.0,1.0
mmh0yegg0emahk,hmm_4state,Ph 3,1.0,1.0,1.0
mmh0yegg0emahk,hmm_4state,Ph 4,0.9747899159663865,0.9734513274336283,0.949589694189322
mmh115pr1lsvkw,hmm_2state,Full,0.5773809523809523,0.5454545454545454,0.1603836735511221
mmh115pr1lsvkw,hmm_2state,Ph 1,0.6104651162790697,0.6298342541436464,0.23086088810129513
mmh115pr1lsvkw,hmm_2state,Ph 2,0.6053639846743295,0.6508474576271186,0.21242283790650085
mmh115pr1lsvkw,hmm_2state,Ph 3,0.5625,0.16,0.05846054221936677
mmh115pr1lsvkw,hmm_2state,Ph 4,0.5042016806722689,0.6193548387096774,0.04672126439004214
mmh115pr1lsvkw,hmm_3state,Full,1.0,1.0,1.0
mmh115pr1lsvkw,hmm_3state,Ph 1,1.0,1.0,1.0
mmh115pr1lsvkw,hmm_3state,Ph 2,1.0,1.0,1.0
mmh115pr1lsvkw,hmm_3state,Ph 3,1.0,1.0,1.0
mmh115pr1lsvkw,hmm_3state,Ph 4,1.0,1.0,1.0
mmh115pr1lsvkw,hmm_4state,Full,1.0,1.0,1.0
mmh115pr1lsvkw,hmm_4state,Ph 1,1.0,1.0,1.0
mmh115pr1lsvkw,hmm_4state,Ph 2,1.0,1.0,1.0
mmh115pr1lsvkw,hmm_4state,Ph 3,1.0,1.0,1.0
mmh115pr1lsvkw,hmm_4state,Ph 4,1.0,1.0,1.0
mmh16ou0ocswzc,hmm_2state,Full,1.0,1.0,1.0
mmh16ou0ocswzc,hmm_2state,Ph 1,1.0,1.0,1.0
mmh16ou0ocswzc,hmm_2state,Ph 2,1.0,1.0,1.0
mmh16ou0ocswzc,hmm_2state,Ph 3,1.0,1.0,1.0
mmh16ou0ocswzc,hmm_2state,Ph 4,1.0,1.0,1.0
mmh16ou0ocswzc,hmm_3state,Full,0.9938587512794268,0.9937888198757764,0.9877242771423789
mmh16ou0ocswzc,hmm_3state,Ph 1,0.9957627118644068,0.9956709956709957,0.9915574077702013
mmh16ou0ocswzc,hmm_3state,Ph 2,0.9919678714859438,0.9938650306748467,0.9823933631355194
mmh16ou0ocswzc,hmm_3state,Ph 3,0.9919028340080972,0.989010989010989,0.9826007326007326
mmh16ou0ocswzc,hmm_3state,Ph 4,0.9959183673469387,0.9955947136563876,0.9918259759723494
mmh16ou0ocswzc,hmm_4state,Full,0.9938587512794268,0.9937888198757764,0.9877242771423789
mmh16ou0ocswzc,hmm_4state,Ph 1,0.9957627118644068,0.9956709956709957,0.9915574077702013
mmh16ou0ocswzc,hmm_4state,Ph 2,0.9919678714859438,0.9938650306748467,0.9823933631355194
mmh16ou0ocswzc,hmm_4state,Ph 3,0.9919028340080972,0.989010989010989,0.9826007326007326
mmh16ou0ocswzc,hmm_4state,Ph 4,0.9959183673469387,0.9955947136563876,0.9918259759723494
mmh19xdl74m2p5,hmm_2state,Full,0.48869752421959095,0.6530314097881665,-0.06802849462682867
mmh19xdl74m2p5,hmm_2state,Ph 1,0.5159817351598174,0.676829268292683,0.041985319132965146
mmh19xdl74m2p5,hmm_2state,Ph 2,0.6083333333333333,0.7526315789473684,-0.01864636235276897
mmh19xdl74m2p5,hmm_2state,Ph 3,0.371900826446281,0.5365853658536586,-0.03436055438545137
mmh19xdl74m2p5,hmm_2state,Ph 4,0.4605263157894737,0.6306306306306306,-0.19237266060192532
mmh19xdl74m2p5,hmm_3state,Full,0.9580193756727664,0.9596690796277145,0.919291661542513
mmh19xdl74m2p5,hmm_3state,Ph 1,0.9406392694063926,0.9451476793248945,0.8872092125963795
mmh19xdl74m2p5,hmm_3state,Ph 2,0.9583333333333334,0.9675324675324676,0.9133061567814642
mmh19xdl74m2p5,hmm_3state,Ph 3,0.9752066115702479,0.967741935483871,0.9489433181453103
mmh19xdl74m2p5,hmm_3state,Ph 4,0.956140350877193,0.9576271186440678,0.9158669669588972
mmh19xdl74m2p5,hmm_4state,Full,0.9989235737351991,0.9989235737351991,0.9978494623655914
mmh19xdl74m2p5,hmm_4state,Ph 1,0.9954337899543378,0.9955555555555555,0.9909022929786869
mmh19xdl74m2p5,hmm_4state,Ph 2,1.0,1.0,1.0
mmh19xdl74m2p5,hmm_4state,Ph 3,1.0,1.0,1.0
mmh19xdl74m2p5,hmm_4state,Ph 4,1.0,1.0,1.0
mmh1cyh0ahaw8s,hmm_2state,Full,0.5428286852589641,0.6365795724465558,0.05674266829445723
mmh1cyh0ahaw8s,hmm_2state,Ph 1,0.5135135135135135,0.6707317073170732,-0.139648951241477
mmh1cyh0ahaw8s,hmm_2state,Ph 2,0.6352941176470588,0.7769784172661871,0.0
mmh1cyh0ahaw8s,hmm_2state,Ph 3,0.50390625,0.5171102661596958,0.07653222691146146
mmh1cyh0ahaw8s,hmm_2state,Ph 4,0.5166051660516605,0.48627450980392156,0.07769744359136853
mmh1cyh0ahaw8s,hmm_3state,Full,0.9950199203187251,0.9954001839926403,0.9899893145698803
mmh1cyh0ahaw8s,hmm_3state,Ph 1,1.0,1.0,1.0
mmh1cyh0ahaw8s,hmm_3state,Ph 2,0.9882352941176471,0.9908256880733946,0.9747546499329882
mmh1cyh0ahaw8s,hmm_3state,Ph 3,0.9921875,0.98989898989899,0.9835295631473976
mmh1cyh0ahaw8s,hmm_3state,Ph 4,1.0,1.0,1.0
mmh1cyh0ahaw8s,hmm_4state,Full,0.9970119521912351,0.9972350230414746,0.9939867562805254
mmh1cyh0ahaw8s,hmm_4state,Ph 1,1.0,1.0,1.0
mmh1cyh0ahaw8s,hmm_4state,Ph 2,0.9921568627450981,0.9938650306748467,0.9831387299826091
mmh1cyh0ahaw8s,hmm_4state,Ph 3,0.99609375,0.9949238578680203,0.9917831448550719
mmh1cyh0ahaw8s,hmm_4state,Ph 4,1.0,1.0,1.0
mmh1eq07kkdfkw,hmm_2state,Full,1.0,1.0,1.0
mmh1eq07kkdfkw,hmm_2state,Ph 1,1.0,1.0,1.0
mmh1eq07kkdfkw,hmm_2state,Ph 2,1.0,1.0,1.0
mmh1eq07kkdfkw,hmm_2state,Ph 3,1.0,1.0,1.0
mmh1eq07kkdfkw,hmm_2state,Ph 4,1.0,1.0,1.0
mmh1eq07kkdfkw,hmm_3state,Full,0.9990601503759399,0.9990147783251232,0.9981180782076465
mmh1eq07kkdfkw,hmm_3state,Ph 1,0.9957627118644068,0.995475113122172,0.9915270965162692
mmh1eq07kkdfkw,hmm_3state,Ph 2,1.0,1.0,1.0
mmh1eq07kkdfkw,hmm_3state,Ph 3,1.0,1.0,1.0
mmh1eq07kkdfkw,hmm_3state,Ph 4,1.0,1.0,1.0
mmh1eq07kkdfkw,hmm_4state,Full,0.9990601503759399,0.9990147783251232,0.9981180782076465
mmh1eq07kkdfkw,hmm_4state,Ph 1,0.9957627118644068,0.995475113122172,0.9915270965162692
mmh1eq07kkdfkw,hmm_4state,Ph 2,1.0,1.0,1.0
mmh1eq07kkdfkw,hmm_4state,Ph 3,1.0,1.0,1.0
mmh1eq07kkdfkw,hmm_4state,Ph 4,1.0,1.0,1.0
mmh1jfrxrszco0,hmm_2state,Full,1.0,1.0,1.0
mmh1jfrxrszco0,hmm_2state,Ph 1,1.0,1.0,1.0
mmh1jfrxrszco0,hmm_2state,Ph 2,1.0,1.0,1.0
mmh1jfrxrszco0,hmm_2state,Ph 3,1.0,1.0,1.0
mmh1jfrxrszco0,hmm_2state,Ph 4,1.0,1.0,1.0
mmh1jfrxrszco0,hmm_3state,Full,0.9577464788732394,0.96045197740113,0.9157296102229115
mmh1jfrxrszco0,hmm_3state,Ph 1,0.9719626168224299,0.9798657718120806,0.9339467425295288
mmh1jfrxrszco0,hmm_3state,Ph 2,0.9527027027027027,0.9699570815450643,0.8590302299283251
mmh1jfrxrszco0,hmm_3state,Ph 3,1.0,1.0,1.0
mmh1jfrxrszco0,hmm_3state,Ph 4,0.9043478260869565,0.912,0.8241720905784411
mmh1jfrxrszco0,hmm_4state,Full,0.9979879275653923,0.9980879541108987,0.995972936794347
mmh1jfrxrszco0,hmm_4state,Ph 1,0.9906542056074766,0.9933774834437086,0.977754207085648
mmh1jfrxrszco0,hmm_4state,Ph 2,1.0,1.0,1.0
mmh1jfrxrszco0,hmm_4state,Ph 3,1.0,1.0,1.0
mmh1jfrxrszco0,hmm_4state,Ph 4,1.0,1.0,1.0
mmh1qje9negjr0,hmm_2state,Full,1.0,1.0,1.0
mmh1qje9negjr0,hmm_2state,Ph 1,1.0,1.0,1.0
mmh1qje9negjr0,hmm_2state,Ph 2,1.0,1.0,1.0
mmh1qje9negjr0,hmm_2state,Ph 3,1.0,1.0,1.0
mmh1qje9negjr0,hmm_2state,Ph 4,1.0,1.0,1.0
mmh1qje9negjr0,hmm_3state,Full,0.9854586129753915,0.9858233369683751,0.9709596962938084
mmh1qje9negjr0,hmm_3state,Ph 1,0.990909090909091,0.9902912621359223,0.9819093764029638
mmh1qje9negjr0,hmm_3state,Ph 2,0.9922480620155039,0.9945945945945946,0.9810763976341338
mmh1qje9negjr0,hmm_3state,Ph 3,0.9922178988326849,0.9876543209876543,0.9819725028058361
mmh1qje9negjr0,hmm_3state,Ph 4,0.9559748427672956,0.9608938547486033,0.9124852844063266
mmh1qje9negjr0,hmm_4state,Full,0.9966442953020134,0.9967069154774972,0.9932886587060925
mmh1qje9negjr0,hmm_4state,Ph 1,0.9954545454545455,0.9951219512195122,0.9909081507911125
mmh1qje9negjr0,hmm_4state,Ph 2,1.0,1.0,1.0
mmh1qje9negjr0,hmm_4state,Ph 3,1.0,1.0,1.0
mmh1qje9negjr0,hmm_4state,Ph 4,0.9874213836477987,0.9883720930232558,0.9749901426127267
mmh1sestgp7zew,hmm_2state,Full,0.48966756513926324,0.5305785123966942,-0.020511715743528197
mmh1sestgp7zew,hmm_2state,Ph 1,0.4979757085020243,0.48760330578512395,-0.004394883804758633
mmh1sestgp7zew,hmm_2state,Ph 2,0.6126760563380281,0.6944444444444444,0.16566192417950779
mmh1sestgp7zew,hmm_2state,Ph 3,0.3620689655172414,0.463768115942029,-0.20034094117291262
mmh1sestgp7zew,hmm_2state,Ph 4,0.4897260273972603,0.43346007604562736,-0.028771299536963616
mmh1sestgp7zew,hmm_3state,Full,1.0,1.0,1.0
mmh1sestgp7zew,hmm_3state,Ph 1,1.0,1.0,1.0
mmh1sestgp7zew,hmm_3state,Ph 2,1.0,1.0,1.0
mmh1sestgp7zew,hmm_3state,Ph 3,1.0,1.0,1.0
mmh1sestgp7zew,hmm_3state,Ph 4,1.0,1.0,1.0
mmh1sestgp7zew,hmm_4state,Full,1.0,1.0,1.0
mmh1sestgp7zew,hmm_4state,Ph 1,1.0,1.0,1.0
mmh1sestgp7zew,hmm_4state,Ph 2,1.0,1.0,1.0
mmh1sestgp7zew,hmm_4state,Ph 3,1.0,1.0,1.0
mmh1sestgp7zew,hmm_4state,Ph 4,1.0,1.0,1.0
mmh1tezp242ppu,hmm_2state,Full,1.0,1.0,1.0
mmh1tezp242ppu,hmm_2state,Ph 1,1.0,1.0,1.0
mmh1tezp242ppu,hmm_2state,Ph 2,1.0,1.0,1.0
mmh1tezp242ppu,hmm_2state,Ph 3,1.0,1.0,1.0
mmh1tezp242ppu,hmm_2state,Ph 4,1.0,1.0,1.0
mmh1tezp242ppu,hmm_3state,Full,1.0,1.0,1.0
mmh1tezp242ppu,hmm_3state,Ph 1,1.0,1.0,1.0
mmh1tezp242ppu,hmm_3state,Ph 2,1.0,1.0,1.0
mmh1tezp242ppu,hmm_3state,Ph 3,1.0,1.0,1.0
mmh1tezp242ppu,hmm_3state,Ph 4,1.0,1.0,1.0
mmh1tezp242ppu,hmm_4state,Full,0.7742279020234292,0.792156862745098,0.5514868648487695
mmh1tezp242ppu,hmm_4state,Ph 1,0.8235294117647058,0.8186046511627907,0.6508938558385816
mmh1tezp242ppu,hmm_4state,Ph 2,0.8940677966101694,0.9174917491749175,0.7740763432850645
mmh1tezp242ppu,hmm_4state,Ph 3,0.8257261410788381,0.7272727272727273,0.619841847646845
mmh1tezp242ppu,hmm_4state,Ph 4,0.5601659751037344,0.6954022988505747,0.24937513686010104
mmh1wzqpu4iob1,hmm_2state,Full,0.5042321644498187,0.5562770562770563,0.014181260444381283
mmh1wzqpu4iob1,hmm_2state,Ph 1,0.5743589743589743,0.5363128491620112,0.16221725401520934
mmh1wzqpu4iob1,hmm_2state,Ph 2,0.5833333333333334,0.7181008902077152,-0.03688555567816588
mmh1wzqpu4iob1,hmm_2state,Ph 3,0.3813953488372093,0.50187265917603,0.0007342785175523347
mmh1wzqpu4iob1,hmm_2state,Ph 4,0.47619047619047616,0.2978723404255319,-0.10828114425674669
mmh1wzqpu4iob1,hmm_3state,Full,0.9081015719467956,0.9090909090909091,0.8179786805100813
mmh1wzqpu4iob1,hmm_3state,Ph 1,0.9487179487179487,0.9532710280373832,0.9015475685914636
mmh1wzqpu4iob1,hmm_3state,Ph 2,0.9210526315789473,0.9391891891891891,0.8268571226947926
mmh1wzqpu4iob1,hmm_3state,Ph 3,0.8744186046511628,0.8211920529801324,0.7244621362420648
mmh1wzqpu4iob1,hmm_3state,Ph 4,0.8888888888888888,0.88,0.7850851647679907
mmh1wzqpu4iob1,hmm_4state,Full,0.9419588875453446,0.9440559440559441,0.890139321497324
mmh1wzqpu4iob1,hmm_4state,Ph 1,0.9487179487179487,0.9532710280373832,0.9015475685914636
mmh1wzqpu4iob1,hmm_4state,Ph 2,0.9605263157894737,0.9702970297029703,0.9152086306448589
mmh1wzqpu4iob1,hmm_4state,Ph 3,0.9348837209302325,0.9146341463414634,0.8708771246807065
mmh1wzqpu4iob1,hmm_4state,Ph 4,0.9206349206349206,0.9152542372881356,0.852386356061616
mmh250jg0prrne,hmm_2state,Full,0.5074812967581047,0.6241674595623216,0.03841773707493596
mmh250jg0prrne,hmm_2state,Ph 1,0.5,0.662613981762918,-0.08976448154089
mmh250jg0prrne,hmm_2state,Ph 2,0.5960591133004927,0.7354838709677419,0.03902296293651116
mmh250jg0prrne,hmm_2state,Ph 3,0.44761904761904764,0.4774774774774775,0.05271658289876807
mmh250jg0prrne,hmm_2state,Ph 4,0.48502994011976047,0.5473684210526316,-0.035777513909983655
mmh250jg0prrne,hmm_3state,Full,1.0,1.0,1.0
mmh250jg0prrne,hmm_3state,Ph 1,1.0,1.0,1.0
mmh250jg0prrne,hmm_3state,Ph 2,1.0,1.0,1.0
mmh250jg0prrne,hmm_3state,Ph 3,1.0,1.0,1.0
mmh250jg0prrne,hmm_3state,Ph 4,1.0,1.0,1.0
mmh250jg0prrne,hmm_4state,Full,0.9987531172069826,0.9987261146496815,0.9975082217789494
mmh250jg0prrne,hmm_4state,Ph 1,0.9954954954954955,0.9956709956709957,0.9910166916582904
mmh250jg0prrne,hmm_4state,Ph 2,1.0,1.0,1.0
mmh250jg0prrne,hmm_4state,Ph 3,1.0,1.0,1.0
mmh250jg0prrne,hmm_4state,Ph 4,1.0,1.0,1.0
mmh28cu87aoonk,hmm_2state,Full,1.0,1.0,1.0
mmh28cu87aoonk,hmm_2state,Ph 1,1.0,1.0,1.0
mmh28cu87aoonk,hmm_2state,Ph 2,1.0,1.0,1.0
mmh28cu87aoonk,hmm_2state,Ph 3,1.0,1.0,1.0
mmh28cu87aoonk,hmm_2state,Ph 4,1.0,1.0,1.0
mmh28cu87aoonk,hmm_3state,Full,0.8779576587795765,0.848297213622291,0.7746662056306232
mmh28cu87aoonk,hmm_3state,Ph 1,0.9701492537313433,0.9659090909090909,0.9411440797538001
mmh28cu87aoonk,hmm_3state,Ph 2,0.9947916666666666,0.995850622406639,0.9889193255806497
mmh28cu87aoonk,hmm_3state,Ph 3,0.8888888888888888,0.7967479674796748,0.753727428753284
mmh28cu87aoonk,hmm_3state,Ph 4,0.6432432432432432,0.37735849056603776,0.3735436838188142
mmh28cu87aoonk,hmm_4state,Full,0.8779576587795765,0.848297213622291,0.7746662056306232
mmh28cu87aoonk,hmm_4state,Ph 1,0.9701492537313433,0.9659090909090909,0.9411440797538001
mmh28cu87aoonk,hmm_4state,Ph 2,0.9947916666666666,0.995850622406639,0.9889193255806497
mmh28cu87aoonk,hmm_4state,Ph 3,0.8888888888888888,0.7967479674796748,0.753727428753284
mmh28cu87aoonk,hmm_4state,Ph 4,0.6432432432432432,0.37735849056603776,0.3735436838188142
