session_id,overall_switch_rate,mean_run_length,choice_entropy,win_stay_rate,lose_shift_rate,overall_reward_rate,total_rewards,choice_prop_a,total_clicks,adaptation_lag_phase2_s,adaptation_lag_phase3_s,best_E,ccm_asymmetry
mmgkzukxb91bym,0.11859582542694497,6.166034155597723,0.9973387206808634,0.9544419134396356,0.17100977198697068,0.41650853889943074,439,0.530360531309298,1054,4.024,6.144,3,0.04604900000000006
mmglwqjl2idcz3,0.10806174957118353,21.156089193825043,0.9956980583124986,0.9400386847195358,0.49230769230769234,0.8867924528301887,517,0.5385934819897084,583,8.034,11.224,2,0.6501804
mmgnnwif7rgnag,0.29310344827586204,3.9273399014778323,1.0,0.7927461139896373,0.5086206896551724,0.7142857142857143,580,0.5,812,10.863,6.896,1,0.12536980000000003
mmgp4bc84vs4qt,0.27822944896115626,4.407407407407407,0.9991940026021565,0.7330097087378641,0.28530259365994237,0.3721770551038844,412,0.4832881662149955,1107,4.456,17.757,5,0.06386939999999999
mmgp4tj5hwk1cr,0.3223480947476828,5.06076210092688,0.9999931142811856,0.6264367816091954,0.26339285714285715,0.537590113285273,522,0.4984552008238929,971,0.124,16.562,1,0.16321319999999992
mmgp5kmoz5itw5,0.11301369863013698,7.534246575342466,0.9751875821170082,0.9315589353612167,0.5357142857142857,0.9041095890410958,264,0.5924657534246576,292,0.698,55.301,2,0.20147520000000008
mmgp92mez7ni28,0.11224489795918367,6.773809523809524,0.9953863036764091,0.889196675900277,0.11302211302211303,0.30697278911564624,361,0.5399659863945578,1176,5.041,7.07,4,-0.06399139999999989
mmgp978syi159c,0.22848360655737704,4.411885245901639,0.9998909518398613,0.82,0.28,0.5122950819672131,500,0.49385245901639346,976,1.269,16.196,2,0.06241640000000001
mmgp9zmmm2qlbz,0.28239845261121854,3.876208897485493,0.998693408098057,0.8155136268343816,0.3669064748201439,0.46131528046421666,477,0.4787234042553192,1034,4.174,3.031,5,0.1281658000000001
mmgpaypnopkm1q,0.10882016036655212,6.981672394043528,0.9997264470834905,0.9574468085106383,0.1865671641791045,0.5395189003436426,471,0.5097365406643757,873,6.548,8.911,4,-0.1346178
mmgpciu4e2yunz,0.09064039408866995,7.473891625615764,0.9997976372334331,0.974477958236659,0.13893653516295026,0.4246305418719212,431,0.4916256157635468,1015,3.508,6.944,2,0.3877366
mmgpgi4g1jzpv2,0.11504424778761062,7.409046214355949,0.9970513351604614,0.9009009009009009,0.12762237762237763,0.4365781710914454,444,0.46804326450344147,1017,0.035,7.224,4,-0.16846759999999994
mmgpiq4ct3r8s1,0.24705882352941178,8.792941176470588,0.9961587212310236,0.6831460674157304,0.1707920792079208,0.5235294117647059,445,0.46352941176470586,850,7.09,13.89,2,0.07302700000000001
mmgpqa16u4u07b,0.10344827586206896,6.9574036511156185,0.9999525129214223,0.9570135746606335,0.15285451197053407,0.4482758620689655,442,0.5040567951318459,986,8.267,3.91,1,0.046580000000000094
mmgpy8l4xh9nto,0.42349726775956287,2.6939890710382515,0.999846822421679,0.652605459057072,0.46829971181556196,0.3670309653916211,403,0.49271402550091076,1098,24.711,14.278,1,0.1827488000000001
mmgq3qouddjc6z,0.24024284475281873,3.432784041630529,0.9999734120608191,0.8858858858858859,0.29181929181929184,0.2888117953165655,333,0.49696444058976585,1153,6.688,6.142,1,-0.05686260000000001
mmgqyc7ozjls4u,0.25170731707317073,3.4682926829268292,0.9995708393473225,0.782,0.28435114503816794,0.4878048780487805,500,0.4878048780487805,1025,23.025,12.284,2,-0.11209200000000011
mmgr4s188ypj5i,0.11909448818897637,6.72244094488189,0.9997204592214384,0.918859649122807,0.15026833631484796,0.44881889763779526,456,0.49015748031496065,1016,8.253,7.482,5,0.015648400000000007
mmgr4wtlfg07a6,0.4476987447698745,3.303347280334728,0.9998452964234804,0.5472027972027972,0.4412532637075718,0.5983263598326359,572,0.49267782426778245,956,14.343,11.693,4,0.11069519999999991
mmgr8c41csnx7y,0.2635431918008785,6.8345534407027815,0.9917438279491075,0.7030927835051546,0.18274111675126903,0.7115666178623719,486,0.4465592972181552,683,16.292,17.342,2,0.29250020000000004
mmh0l2c7syhpy7,0.27945472249269715,4.625121713729309,0.9988500292632153,0.7719665271966527,0.3248175182481752,0.46543330087633883,478,0.5199610516066212,1027,9.483,3.923,2,-0.03647349999999999
mmh0l48d4j1y4y,0.6038812785388128,3.3447488584474887,0.9996954126191551,0.3066132264529058,0.4867021276595745,0.5707762557077626,500,0.5102739726027398,876,28.785,15.526,1,0.1780909999999999
mmh0le5hn8utpd,0.12977867203219315,5.498993963782696,0.9999737168803201,0.9271653543307087,0.18969072164948453,0.5110663983903421,508,0.4969818913480885,994,3.598,9.815,2,-0.1563974999999999
mmh0lgop76n6ez,0.19889502762430938,4.148066298342542,0.99935784575519,0.8368121442125237,0.2493368700265252,0.5823204419889503,527,0.4850828729281768,905,28.361,8.64,1,0.009403000000000106
mmh0lku3ip54e4,0.4275724275724276,2.2877122877122877,0.9967659202090546,0.6815533980582524,0.5443298969072164,0.5144855144855145,515,0.46653346653346656,1001,30.774,10.253,1,0.0043600000000000305
mmh0lpcdm9wdcu,0.06857142857142857,26.054285714285715,0.9976432959863937,0.9932432432432432,0.41509433962264153,0.8457142857142858,296,0.5285714285714286,350,28.135,20.134,2,0.35150299999999995
mmh0m3latwun95,0.14641148325358852,5.6976076555023925,0.9998513690015975,0.9176470588235294,0.19063004846526657,0.40669856459330145,425,0.507177033492823,1045,5.858,8.1,3,0.051273999999999986
mmh0mm0schxk59,0.4675972083748754,2.6689930209371884,0.9999820739549017,0.47368421052631576,0.4194139194139194,0.4546360917248255,456,0.5024925224327019,1003,9.033,11.495,1,0.19344499999999998
mmh0mmptqfyu87,0.4797570850202429,1.9008097165991902,0.9990420743634416,0.5321888412017167,0.7037037037037037,0.9433198380566802,466,0.4817813765182186,494,4.385,22.992,6,0.3513114999999999
mmh0nnjg95y0zn,0.15190901705930138,4.948822095857027,0.9994167925619497,0.9102564102564102,0.17320261437908496,0.25345247766043866,312,0.5142160844841592,1231,5.977,7.945,5,-0.0291075
mmh0ocgvf4p325,0.10202020202020202,8.16161616161616,0.9987013172132608,0.9327548806941431,0.13257575757575757,0.46565656565656566,461,0.47878787878787876,990,0.057,5.979,5,0.096231
mmh0opq734nw1a,0.11546840958605664,7.76797385620915,0.9999144011814889,0.9204545454545454,0.1488469601677149,0.4793028322440087,440,0.49455337690631807,918,13.949,6.214,2,-0.031636
mmh0ozswma6i3j,0.09970384995064166,7.496544916090819,0.9999992970479156,0.9472295514511874,0.12796208530805686,0.3741362290227048,379,0.49950641658440276,1013,0.841,8.981,3,-0.021387500000000087
mmh0pa4lgnz2nd,0.22793296089385476,3.8201117318435753,0.999999099469217,0.8406593406593407,0.33620689655172414,0.6100558659217877,546,0.4994413407821229,895,8.637,10.767,1,-0.0503755000000001
mmh0pj6zqdvwmg,0.09669621273166801,6.995165189363417,0.9998309071865779,0.9512820512820512,0.1188235294117647,0.314262691377921,390,0.492344883158743,1241,5.978,5.023,5,-0.1530725000000001
mmh0pjhqfbciu8,0.37158469945355194,3.9795081967213113,0.9997361209374863,0.7208029197080292,0.6502732240437158,0.7486338797814208,548,0.49043715846994534,732,9.646,7.294,1,0.0830364999999999
mmh0puch6r88f0,0.5100896860986547,2.9439461883408073,0.9998694459264538,0.5714285714285714,0.6945454545454546,0.6905829596412556,616,0.5067264573991032,892,6.369,12.657,2,0.1751595
mmh0r154h7irg3,0.08411214953271028,8.08071367884452,0.9992870376154209,0.9569160997732427,0.10884353741496598,0.3746813933729822,441,0.4842820730671198,1177,4.07,9.51,3,-0.12803949999999992
mmh0r34rqnesgg,0.27342047930283225,4.4411764705882355,0.9995069043761566,0.9347408829174664,0.547979797979798,0.5675381263616558,521,0.5130718954248366,918,8.421,10.413,4,0.49875100000000006
mmh0rqn6g1cadb,0.3016845329249617,3.2695252679938744,0.9999847748276378,0.8073217726396917,0.7293233082706767,0.7963246554364471,520,0.5022970903522205,653,10.938,11.462,1,-0.009772000000000003
mmh0tro0khha5x,0.16,5.085263157894737,0.999280531064971,0.857429718875502,0.17960088691796008,0.5242105263157895,498,0.4842105263157895,950,1.441,0.193,2,0.1513410000000001
mmh0uacrkmrg83,0.17827298050139276,6.967966573816156,0.9989027089208061,0.9125,0.3628691983122363,0.6685236768802229,480,0.5194986072423399,718,8.069,10.309,3,-0.20862050000000004
mmh0ueb9o9dis7,0.2935897435897436,3.7051282051282053,0.9990702531566406,0.7539149888143176,0.35843373493975905,0.573076923076923,447,0.48205128205128206,780,14.33,6.653,1,0.055884500000000004
mmh0vbvu4yn6l1,0.10999160369437448,6.028547439126784,0.9999384663658332,0.9536784741144414,0.1385176184690158,0.30814441645675905,367,0.49538203190596136,1191,1.942,5.988,3,-0.06758
mmh0vh7gck5q8n,0.12562814070351758,6.541457286432161,0.999107261904943,0.9779559118236473,0.30067567567567566,0.6268844221105527,499,0.5175879396984925,796,2.309,11.716,5,-0.5000275
mmh0wavycmn4y3,0.34684684684684686,3.7432432432432434,0.999941453025042,0.7258883248730964,0.38741258741258744,0.35495495495495494,394,0.4954954954954955,1110,5.817,11.03,3,0.2657234999999999
mmh0x9u4kgtvxn,0.493681550126369,3.2561078348778434,0.9999953922800321,0.5726495726495726,0.5221556886227545,0.2965459140690817,352,0.4987363100252738,1187,14.361,11.195,2,0.01639549999999998
mmh0yegg0emahk,0.16557161629434955,7.474375821287779,0.9999389652128616,0.9096267190569745,0.3187250996015936,0.668856767411301,509,0.49540078843626806,761,3.537,10.945,1,0.13534149999999995
mmh115pr1lsvkw,0.33488372093023255,3.6697674418604653,0.9992352130706913,0.7927565392354124,0.511049723756906,0.5790697674418605,498,0.5162790697674419,860,3.625,21.108,1,-0.054498500000000005
mmh16ou0ocswzc,0.20361083249749248,3.978936810431294,0.9999644406449978,0.8546845124282982,0.26849894291754756,0.5245737211634904,523,0.49648946840521563,997,4.554,31.478,4,-0.0795835
mmh19xdl74m2p5,0.11169652265542676,6.245521601685986,0.9997685094904741,0.9481641468682506,0.16907216494845362,0.48788198103266595,463,0.5089567966280295,949,1.538,0.925,1,0.114089
mmh1cyh0ahaw8s,0.1796875,5.5322265625,0.9960228568316535,0.8586497890295358,0.21311475409836064,0.462890625,474,0.537109375,1024,7.785,14.772,5,-0.17196500000000012
mmh1eq07kkdfkw,0.13284132841328414,5.371771217712177,0.9982091745284157,0.9254079254079254,0.1712538226299694,0.39575645756457567,429,0.47509225092250923,1084,0.032,10.35,3,-0.215726
mmh1jfrxrszco0,0.19729206963249515,12.410058027079303,0.9983126201788569,0.8414376321353065,0.627906976744186,0.9168278529980658,474,0.5241779497098646,517,0.155,11.972,1,0.4314229999999999
mmh1qje9negjr0,0.2986870897155361,4.171772428884026,0.9997202144774338,0.7700892857142857,0.3655913978494624,0.49015317286652077,448,0.5098468271334792,914,0.312,7.235,2,0.2275644999999999
mmh1sestgp7zew,0.08737864077669903,8.311562224183584,0.9999544829287736,0.950354609929078,0.11001410437235543,0.3733451015004413,423,0.4960282436010591,1133,3.908,4.74,2,-0.09229699999999999
mmh1tezp242ppu,0.3149113660062565,3.4744525547445257,0.9995097286142537,0.7996219281663516,0.4568764568764569,0.5516162669447341,529,0.5130344108446299,959,0.33,6.49,1,0.18018699999999993
mmh1wzqpu4iob1,0.12514757969303425,6.113341204250295,0.9996369876894684,0.9324055666003976,0.2099125364431487,0.5938606847697757,503,0.4887839433293979,847,7.909,13.023,1,-0.058026000000000105
mmh250jg0prrne,0.5669099756690997,2.794403892944039,0.9996540760494435,0.48873483535528595,0.7008196721311475,0.7019464720194647,577,0.48905109489051096,822,9.601,4.804,3,-0.07844299999999998
mmh28cu87aoonk,0.6852976913730255,1.7533414337788578,0.9962895934465072,0.3231292517006803,0.7094017094017094,0.7144592952612394,588,0.4641555285540705,823,38.607,13.73,2,-0.156018
mmjs6b0lllgkvm,0.15931372549019607,4.802696078431373,0.9999956666411797,0.9166666666666666,0.3090909090909091,0.6617647058823529,540,0.4987745098039216,816,0.34,5.988,4,0.1751585
