session_id,model,split,accuracy,f1,mcc
mmgkzukxb91bym,xgboost,75_25,0.7462121212121212,0.7845659163987139,0.4877240674111269
mmgkzukxb91bym,nn_engineered,75_25,0.6818181818181818,0.7586206896551724,0.37625606633113623
mmgkzukxb91bym,nn_raw,75_25,0.7969348659003831,0.8306709265175719,0.5927728052653962
mmgkzukxb91bym,xgboost,phase1_rest,0.7753807106598984,0.802675585284281,0.5463249330818096
mmgkzukxb91bym,nn_engineered,phase1_rest,0.7538071065989848,0.75,0.5232056797214701
mmgkzukxb91bym,nn_raw,phase1_rest,0.5406091370558376,0.44984802431610943,0.12931094048003194
mmglwqjl2idcz3,xgboost,75_25,0.7465753424657534,0.7448275862068966,0.5460040158704673
mmglwqjl2idcz3,nn_engineered,75_25,0.6095890410958904,0.6545454545454545,0.34939689723340533
mmglwqjl2idcz3,nn_raw,75_25,0.5972222222222222,0.3829787234042553,0.12048358329891926
mmglwqjl2idcz3,xgboost,phase1_rest,0.8624454148471615,0.8633405639913232,0.7267313227078307
mmglwqjl2idcz3,nn_engineered,phase1_rest,0.8144104803493449,0.8355899419729207,0.6637769902552578
mmglwqjl2idcz3,nn_raw,phase1_rest,0.777292576419214,0.7681818181818182,0.554163539067441
mmgnnwif7rgnag,xgboost,75_25,0.625615763546798,0.5529411764705883,0.2310312636664429
mmgnnwif7rgnag,nn_engineered,75_25,0.6847290640394089,0.5949367088607594,0.3403829602110095
mmgnnwif7rgnag,nn_raw,75_25,0.5771144278606966,0.5812807881773399,0.1946308962112365
mmgnnwif7rgnag,xgboost,phase1_rest,0.7010135135135135,0.7035175879396985,0.40202037644108407
mmgnnwif7rgnag,nn_engineered,phase1_rest,0.5760135135135135,0.33421750663129973,0.22595457497863378
mmgnnwif7rgnag,nn_raw,phase1_rest,0.5709459459459459,0.6080246913580247,0.14376861162529686
mmgp4bc84vs4qt,xgboost,75_25,0.7472924187725631,0.7222222222222222,0.49327499889856313
mmgp4bc84vs4qt,nn_engineered,75_25,0.6028880866425993,0.5299145299145299,0.20071685000895556
mmgp4bc84vs4qt,nn_raw,75_25,0.8181818181818182,0.8134328358208955,0.6369079924012456
mmgp4bc84vs4qt,xgboost,phase1_rest,0.5840286054827175,0.6126526082130965,0.1734434010188994
mmgp4bc84vs4qt,nn_engineered,phase1_rest,0.6579261025029798,0.6627497062279671,0.3170766358612296
mmgp4bc84vs4qt,nn_raw,phase1_rest,0.6293206197854588,0.5814266487213997,0.26077947995323403
mmgp4tj5hwk1cr,xgboost,75_25,0.49382716049382713,0.5176470588235295,-0.014669937612417947
mmgp4tj5hwk1cr,nn_engineered,75_25,0.7407407407407407,0.749003984063745,0.4809440025038484
mmgp4tj5hwk1cr,nn_raw,75_25,0.7385892116182573,0.7657992565055762,0.4775434363421092
mmgp4tj5hwk1cr,xgboost,phase1_rest,0.5126835781041389,0.35168738898756663,0.03162137952565392
mmgp4tj5hwk1cr,nn_engineered,phase1_rest,0.520694259012016,0.11358024691358025,0.11684485562148077
mmgp4tj5hwk1cr,nn_raw,phase1_rest,0.5500667556742324,0.5402455661664393,0.10043119204925113
mmgp5kmoz5itw5,xgboost,75_25,0.8493150684931506,0.8764044943820225,0.7263931847309206
mmgp5kmoz5itw5,nn_engineered,75_25,0.5205479452054794,0.6788990825688074,-0.05495618647565657
mmgp5kmoz5itw5,nn_raw,75_25,0.4647887323943662,0.3448275862068966,-0.027917461691377418
mmgp5kmoz5itw5,xgboost,phase1_rest,0.7441860465116279,0.7884615384615384,0.5465805564778069
mmgp5kmoz5itw5,nn_engineered,phase1_rest,0.4883720930232558,0.6535433070866141,-0.04596390705862674
mmgp5kmoz5itw5,nn_raw,phase1_rest,0.5290697674418605,0.6582278481012658,0.10461062468872463
mmgp92mez7ni28,xgboost,75_25,0.8639455782312925,0.875,0.7309477787778155
mmgp92mez7ni28,nn_engineered,75_25,0.7891156462585034,0.8037974683544303,0.5832550942753513
mmgp92mez7ni28,nn_raw,75_25,0.928082191780822,0.9373134328358209,0.8529987510019501
mmgp92mez7ni28,xgboost,phase1_rest,0.7742279020234292,0.7937743190661478,0.5447112605477009
mmgp92mez7ni28,nn_engineered,phase1_rest,0.47816826411075614,0.3039772727272727,0.0033197511207018137
mmgp92mez7ni28,nn_raw,phase1_rest,0.46006389776357826,0.0,0.0
mmgp978syi159c,xgboost,75_25,0.680327868852459,0.6486486486486487,0.3737363265553444
mmgp978syi159c,nn_engineered,75_25,0.5778688524590164,0.5118483412322274,0.17064145291635038
mmgp978syi159c,nn_raw,75_25,0.6157024793388429,0.6666666666666666,0.23677662206273226
mmgp978syi159c,xgboost,phase1_rest,0.6343490304709142,0.5111111111111111,0.3399856659560121
mmgp978syi159c,nn_engineered,phase1_rest,0.6925207756232687,0.6605504587155964,0.4026360411379911
mmgp978syi159c,nn_raw,phase1_rest,0.5457063711911357,0.48427672955974843,0.10441313155653174
mmgp9zmmm2qlbz,xgboost,75_25,0.5637065637065637,0.6646884272997032,0.23061688613015427
mmgp9zmmm2qlbz,nn_engineered,75_25,0.5714285714285714,0.5276595744680851,0.13627235691345757
mmgp9zmmm2qlbz,nn_raw,75_25,0.453125,0.554140127388535,-0.06185710021525316
mmgp9zmmm2qlbz,xgboost,phase1_rest,0.5888198757763975,0.5167883211678832,0.1788264418894305
mmgp9zmmm2qlbz,nn_engineered,phase1_rest,0.6683229813664596,0.5972850678733032,0.34949923584874143
mmgp9zmmm2qlbz,nn_raw,phase1_rest,0.5105590062111801,0.0,0.0
mmgpaypnopkm1q,xgboost,75_25,0.6467889908256881,0.6010362694300518,0.3734379395723702
mmgpaypnopkm1q,nn_engineered,75_25,0.6834862385321101,0.7063829787234043,0.3680101090933649
mmgpaypnopkm1q,nn_raw,75_25,0.8888888888888888,0.905511811023622,0.7721307115745352
mmgpaypnopkm1q,xgboost,phase1_rest,0.7620528771384136,0.7495908346972177,0.5297944506289385
mmgpaypnopkm1q,nn_engineered,phase1_rest,0.76049766718507,0.7638036809815951,0.5209161920646248
mmgpaypnopkm1q,nn_raw,phase1_rest,0.49144634525660963,0.0,0.0
mmgpciu4e2yunz,xgboost,75_25,0.7755905511811023,0.7849056603773585,0.5770448657678608
mmgpciu4e2yunz,nn_engineered,75_25,0.5905511811023622,0.6510067114093959,0.2434511486321965
mmgpciu4e2yunz,nn_raw,75_25,0.8214285714285714,0.8085106382978723,0.6414589246841694
mmgpciu4e2yunz,xgboost,phase1_rest,0.8473684210526315,0.8328530259365994,0.6992899176496564
mmgpciu4e2yunz,nn_engineered,phase1_rest,0.75,0.7588832487309645,0.5048458580425714
mmgpciu4e2yunz,nn_raw,phase1_rest,0.5486842105263158,0.2839248434237996,0.11518862550926953
mmgpgi4g1jzpv2,xgboost,75_25,0.8779527559055118,0.8646288209606987,0.7597674811402889
mmgpgi4g1jzpv2,nn_engineered,75_25,0.7992125984251969,0.7487684729064039,0.62720665523005
mmgpgi4g1jzpv2,nn_raw,75_25,0.8650793650793651,0.8583333333333333,0.7295454545454545
mmgpgi4g1jzpv2,xgboost,phase1_rest,0.6728167281672817,0.6763990267639902,0.3567961571203344
mmgpgi4g1jzpv2,nn_engineered,phase1_rest,0.6531365313653137,0.4149377593360996,0.36587585456897714
mmgpgi4g1jzpv2,nn_raw,phase1_rest,0.5399753997539976,0.0,0.0
mmgpiq4ct3r8s1,xgboost,75_25,0.6995305164319249,0.7264957264957265,0.44494316197454425
mmgpiq4ct3r8s1,nn_engineered,75_25,0.6854460093896714,0.524822695035461,0.3949875521673717
mmgpiq4ct3r8s1,nn_raw,75_25,0.7952380952380952,0.7962085308056872,0.6035943564810059
mmgpiq4ct3r8s1,xgboost,phase1_rest,0.72,0.7097844112769486,0.4412609980080498
mmgpiq4ct3r8s1,nn_engineered,phase1_rest,0.64,0.5454545454545454,0.2725286649918194
mmgpiq4ct3r8s1,nn_raw,phase1_rest,0.536,0.0,0.0
mmgpqa16u4u07b,xgboost,75_25,0.8137651821862348,0.8174603174603174,0.6274844548704639
mmgpqa16u4u07b,nn_engineered,75_25,0.6558704453441295,0.6413502109704642,0.3142603700581548
mmgpqa16u4u07b,nn_raw,75_25,0.8155737704918032,0.8275862068965517,0.6373656815285929
mmgpqa16u4u07b,xgboost,phase1_rest,0.7813333333333333,0.7980295566502463,0.5667035600046337
mmgpqa16u4u07b,nn_engineered,phase1_rest,0.748,0.724087591240876,0.5082866671863694
mmgpqa16u4u07b,nn_raw,phase1_rest,0.492,0.0,0.0
mmgpy8l4xh9nto,xgboost,75_25,0.6254545454545455,0.6171003717472119,0.2533550898365301
mmgpy8l4xh9nto,nn_engineered,75_25,0.5490909090909091,0.5118110236220472,0.10442164752190324
mmgpy8l4xh9nto,nn_raw,75_25,0.5698529411764706,0.5714285714285714,0.1409434157257039
mmgpy8l4xh9nto,xgboost,phase1_rest,0.4383561643835616,0.46117084826762245,-0.12175789511894468
mmgpy8l4xh9nto,nn_engineered,phase1_rest,0.4931506849315068,0.4721141374837873,-0.014966764119065541
mmgpy8l4xh9nto,nn_raw,phase1_rest,0.5093399750933998,0.052884615384615384,-0.0038314908915896943
mmgq3qouddjc6z,xgboost,75_25,0.7222222222222222,0.7560975609756098,0.4597571769728217
mmgq3qouddjc6z,nn_engineered,75_25,0.625,0.5178571428571429,0.28368597417998964
mmgq3qouddjc6z,nn_raw,75_25,0.7027972027972028,0.7249190938511327,0.40800343785961957
mmgq3qouddjc6z,xgboost,phase1_rest,0.65,0.6997140133460439,0.31388911327086744
mmgq3qouddjc6z,nn_engineered,phase1_rest,0.6677777777777778,0.6527293844367015,0.3379647224233705
mmgq3qouddjc6z,nn_raw,phase1_rest,0.4955555555555556,0.0,0.0
mmgqyc7ozjls4u,xgboost,75_25,0.6640625,0.6742424242424242,0.3294998549376916
mmgqyc7ozjls4u,nn_engineered,75_25,0.55078125,0.25806451612903225,0.152930318821518
mmgqyc7ozjls4u,nn_raw,75_25,0.6929133858267716,0.6854838709677419,0.3858278557786398
mmgqyc7ozjls4u,xgboost,phase1_rest,0.5671267252195734,0.5887961859356377,0.13898399897705724
mmgqyc7ozjls4u,nn_engineered,phase1_rest,0.5269761606022585,0.1857451403887689,0.05578247641540002
mmgqyc7ozjls4u,nn_raw,phase1_rest,0.5131744040150564,0.0,0.0
mmgr4s188ypj5i,xgboost,75_25,0.7125984251968503,0.6666666666666666,0.41917458207471253
mmgr4s188ypj5i,nn_engineered,75_25,0.610236220472441,0.5892116182572614,0.21935451338862913
mmgr4s188ypj5i,nn_raw,75_25,0.8809523809523809,0.8695652173913043,0.7600761662964138
mmgr4s188ypj5i,xgboost,phase1_rest,0.6526717557251909,0.7016393442622951,0.3334193890150243
mmgr4s188ypj5i,nn_engineered,phase1_rest,0.6997455470737913,0.6346749226006192,0.41695822376848607
mmgr4s188ypj5i,nn_raw,phase1_rest,0.510178117048346,0.0,0.0
mmgr4wtlfg07a6,xgboost,75_25,0.6276150627615062,0.5527638190954773,0.25037713701379655
mmgr4wtlfg07a6,nn_engineered,75_25,0.5899581589958159,0.449438202247191,0.17454922858205288
mmgr4wtlfg07a6,nn_raw,75_25,0.6160337552742616,0.6403162055335968,0.24481110340415113
mmgr4wtlfg07a6,xgboost,phase1_rest,0.43812233285917496,0.34925864909390447,-0.1316366130431831
mmgr4wtlfg07a6,nn_engineered,phase1_rest,0.37268847795163584,0.1694915254237288,-0.29658477005704836
mmgr4wtlfg07a6,nn_raw,phase1_rest,0.5405405405405406,0.45531197301854975,0.08097846382256547
mmgr8c41csnx7y,xgboost,75_25,0.4444444444444444,0.24,-0.1464062940543391
mmgr8c41csnx7y,nn_engineered,75_25,0.30409356725146197,0.327683615819209,-0.391009390935146
mmgr8c41csnx7y,nn_raw,75_25,0.46153846153846156,0.29457364341085274,-0.0955144210729427
mmgr8c41csnx7y,xgboost,phase1_rest,0.6743295019157088,0.5663265306122449,0.3897221145026149
mmgr8c41csnx7y,nn_engineered,phase1_rest,0.5517241379310345,0.502127659574468,0.10238796682586637
mmgr8c41csnx7y,nn_raw,phase1_rest,0.5076628352490421,0.0,0.0
mmh0l2c7syhpy7,xgboost,75_25,0.5525291828793775,0.5267489711934157,0.11474269877121368
mmh0l2c7syhpy7,nn_engineered,75_25,0.5719844357976653,0.5258620689655172,0.16149667301662712
mmh0l2c7syhpy7,nn_raw,75_25,0.6470588235294118,0.6785714285714286,0.29016454267538394
mmh0l2c7syhpy7,xgboost,phase1_rest,0.6115384615384616,0.6169405815423514,0.22337493052059942
mmh0l2c7syhpy7,nn_engineered,phase1_rest,0.6653846153846154,0.7030716723549488,0.331765340768931
mmh0l2c7syhpy7,nn_raw,phase1_rest,0.6756410256410257,0.7121729237770194,0.35280753997203446
mmh0l48d4j1y4y,xgboost,75_25,0.6712328767123288,0.6363636363636364,0.39344384552580813
mmh0l48d4j1y4y,nn_engineered,75_25,0.5753424657534246,0.4624277456647399,0.24320893442804972
mmh0l48d4j1y4y,nn_raw,75_25,0.6451612903225806,0.6637554585152838,0.29147909042998454
mmh0l48d4j1y4y,xgboost,phase1_rest,0.5449275362318841,0.525679758308157,0.09365664151619613
mmh0l48d4j1y4y,nn_engineered,phase1_rest,0.41739130434782606,0.34527687296416937,-0.1632105546166084
mmh0l48d4j1y4y,nn_raw,phase1_rest,0.4855072463768116,0.0,0.0
mmh0le5hn8utpd,xgboost,75_25,0.5421686746987951,0.5777777777777777,0.09169809474822098
mmh0le5hn8utpd,nn_engineered,75_25,0.6987951807228916,0.6376811594202898,0.4091028884627336
mmh0le5hn8utpd,nn_raw,75_25,0.8211382113821138,0.8211382113821138,0.6449947033898306
mmh0le5hn8utpd,xgboost,phase1_rest,0.7489986648865153,0.7283236994219653,0.5012989734447637
mmh0le5hn8utpd,nn_engineered,phase1_rest,0.7343124165554072,0.720112517580872,0.4694657765915216
mmh0le5hn8utpd,nn_raw,phase1_rest,0.69826435246996,0.7102564102564103,0.39949537987888206
mmh0lgop76n6ez,xgboost,75_25,0.588495575221239,0.5326633165829145,0.1690149068952084
mmh0lgop76n6ez,nn_engineered,75_25,0.6371681415929203,0.47435897435897434,0.2894145057635663
mmh0lgop76n6ez,nn_raw,75_25,0.7366071428571429,0.7377777777777778,0.4781826827206195
mmh0lgop76n6ez,xgboost,phase1_rest,0.5285714285714286,0.5059880239520959,0.05538423486033492
mmh0lgop76n6ez,nn_engineered,phase1_rest,0.54,0.22596153846153846,0.0887103788474245
mmh0lgop76n6ez,nn_raw,phase1_rest,0.5157142857142857,0.0,0.0
mmh0lku3ip54e4,xgboost,75_25,0.564,0.37714285714285717,0.05987044987956036
mmh0lku3ip54e4,nn_engineered,75_25,0.62,0.4025157232704403,0.17402916325425621
mmh0lku3ip54e4,nn_raw,75_25,0.5282258064516129,0.38095238095238093,0.004852758664080319
mmh0lku3ip54e4,xgboost,phase1_rest,0.4268774703557312,0.4636251541307028,-0.1309324490146409
mmh0lku3ip54e4,nn_engineered,phase1_rest,0.5151515151515151,0.17857142857142858,-0.04808481775862412
mmh0lku3ip54e4,nn_raw,phase1_rest,0.5375494071146245,0.05390835579514825,-0.014695816686783996
mmh0lpcdm9wdcu,xgboost,75_25,0.8522727272727273,0.7636363636363637,0.6911482839544805
mmh0lpcdm9wdcu,nn_engineered,75_25,0.8409090909090909,0.7083333333333334,0.6039571739702033
mmh0lpcdm9wdcu,nn_raw,75_25,0.5529411764705883,0.4722222222222222,0.22152281195220813
mmh0lpcdm9wdcu,xgboost,phase1_rest,0.9192825112107623,0.9181818181818182,0.8409058222308379
mmh0lpcdm9wdcu,nn_engineered,phase1_rest,0.47533632286995514,0.6355140186915887,-0.009526702198419005
mmh0lpcdm9wdcu,nn_raw,phase1_rest,0.515695067264574,0.6538461538461539,0.13808212372540857
mmh0m3latwun95,xgboost,75_25,0.6666666666666666,0.6329113924050633,0.3333776961738133
mmh0m3latwun95,nn_engineered,75_25,0.5900383141762452,0.49765258215962443,0.18189455379733868
mmh0m3latwun95,nn_raw,75_25,0.7451737451737451,0.7555555555555555,0.4951496143905194
mmh0m3latwun95,xgboost,phase1_rest,0.7650834403080873,0.769811320754717,0.5303951011859429
mmh0m3latwun95,nn_engineered,phase1_rest,0.748395378690629,0.73224043715847,0.5011744821081341
mmh0m3latwun95,nn_raw,phase1_rest,0.6675224646983312,0.7282266526757608,0.37179134482793513
mmh0mm0schxk59,xgboost,75_25,0.6334661354581673,0.5660377358490566,0.251757501312139
mmh0mm0schxk59,nn_engineered,75_25,0.5099601593625498,0.5099601593625498,0.03186022610483042
mmh0mm0schxk59,nn_raw,75_25,0.5020080321285141,0.5633802816901409,0.046017705289417433
mmh0mm0schxk59,xgboost,phase1_rest,0.4987244897959184,0.6371191135734072,-0.0009301569010769376
mmh0mm0schxk59,nn_engineered,phase1_rest,0.5089285714285714,0.14253897550111358,0.02996057068965403
mmh0mm0schxk59,nn_raw,phase1_rest,0.5012755102040817,0.0,0.0
mmh0mmptqfyu87,xgboost,75_25,0.4838709677419355,0.4576271186440678,-0.03367283551304041
mmh0mmptqfyu87,nn_engineered,75_25,0.3951612903225806,0.24242424242424243,-0.23420808128930037
mmh0mmptqfyu87,nn_raw,75_25,0.4793388429752066,0.4793388429752066,-0.0412568306010929
mmh0mmptqfyu87,xgboost,phase1_rest,0.5714285714285714,0.5107692307692308,0.14516068034621396
mmh0mmptqfyu87,nn_engineered,phase1_rest,0.5579514824797843,0.6038647342995169,0.12139132992449941
mmh0mmptqfyu87,nn_raw,phase1_rest,0.5633423180592992,0.31932773109243695,0.1714927837537568
mmh0nnjg95y0zn,xgboost,75_25,0.827922077922078,0.8166089965397924,0.6638719031774104
mmh0nnjg95y0zn,nn_engineered,75_25,0.672077922077922,0.6599326599326599,0.3465181195436355
mmh0nnjg95y0zn,nn_raw,75_25,0.8758169934640523,0.8774193548387097,0.7516663927933706
mmh0nnjg95y0zn,xgboost,phase1_rest,0.6602150537634408,0.587467362924282,0.3517933150833998
mmh0nnjg95y0zn,nn_engineered,phase1_rest,0.5021505376344086,0.15356489945155394,0.03467932454732283
mmh0nnjg95y0zn,nn_raw,phase1_rest,0.6849462365591398,0.7174541947926711,0.37487856543118925
mmh0ocgvf4p325,xgboost,75_25,0.7338709677419355,0.5975609756097561,0.4854991850468759
mmh0ocgvf4p325,nn_engineered,75_25,0.7137096774193549,0.6358974358974359,0.4131127596815559
mmh0ocgvf4p325,nn_raw,75_25,0.7918367346938775,0.775330396475771,0.583571180236281
mmh0ocgvf4p325,xgboost,phase1_rest,0.8040268456375839,0.7801204819277109,0.6120138435224803
mmh0ocgvf4p325,nn_engineered,phase1_rest,0.676510067114094,0.5320388349514563,0.40819956654500233
mmh0ocgvf4p325,nn_raw,phase1_rest,0.7033557046979866,0.6716196136701337,0.4063254324071518
mmh0opq734nw1a,xgboost,75_25,0.7391304347826086,0.6907216494845361,0.4651577397101
mmh0opq734nw1a,nn_engineered,75_25,0.7043478260869566,0.6179775280898876,0.3841139657912647
mmh0opq734nw1a,nn_raw,75_25,0.5859030837004405,0.624,0.23977588782592982
mmh0opq734nw1a,xgboost,phase1_rest,0.7048458149779736,0.7148936170212766,0.41514897229275183
mmh0opq734nw1a,nn_engineered,phase1_rest,0.8193832599118943,0.8050713153724247,0.6398111364211496
mmh0opq734nw1a,nn_raw,phase1_rest,0.6901615271659325,0.7137042062415196,0.39411878565671077
mmh0ozswma6i3j,xgboost,75_25,0.6877470355731226,0.6901960784313725,0.37599251602600714
mmh0ozswma6i3j,nn_engineered,75_25,0.7628458498023716,0.7709923664122137,0.5285368321935093
mmh0ozswma6i3j,nn_raw,75_25,0.852589641434263,0.862453531598513,0.7135676028907386
mmh0ozswma6i3j,xgboost,phase1_rest,0.8096357226792009,0.8014705882352942,0.6192004335879245
mmh0ozswma6i3j,nn_engineered,phase1_rest,0.7591069330199764,0.7478474784747847,0.518010547674597
mmh0ozswma6i3j,nn_raw,phase1_rest,0.6733254994124559,0.654228855721393,0.34611604735516077
mmh0pa4lgnz2nd,xgboost,75_25,0.6830357142857143,0.7053941908713693,0.37458906962432137
mmh0pa4lgnz2nd,nn_engineered,75_25,0.5758928571428571,0.6545454545454545,0.18191952410452922
mmh0pa4lgnz2nd,nn_raw,75_25,0.6216216216216216,0.6379310344827587,0.24667668390829628
mmh0pa4lgnz2nd,xgboost,phase1_rest,0.6348973607038123,0.6727989487516426,0.27645451105773805
mmh0pa4lgnz2nd,nn_engineered,phase1_rest,0.41348973607038125,0.49748743718592964,-0.18441275453625766
mmh0pa4lgnz2nd,nn_raw,phase1_rest,0.49853372434017595,0.0,0.0
mmh0pj6zqdvwmg,xgboost,75_25,0.8516129032258064,0.8525641025641025,0.7089756837898078
mmh0pj6zqdvwmg,nn_engineered,75_25,0.6612903225806451,0.662379421221865,0.3275606600333307
mmh0pj6zqdvwmg,nn_raw,75_25,0.8441558441558441,0.8579881656804734,0.6871358317559062
mmh0pj6zqdvwmg,xgboost,phase1_rest,0.7439916405433646,0.7646493756003843,0.508438723291487
mmh0pj6zqdvwmg,nn_engineered,phase1_rest,0.7502612330198537,0.7654563297350343,0.5147427767681146
mmh0pj6zqdvwmg,nn_raw,phase1_rest,0.8035527690700105,0.8185328185328186,0.6286320079899353
mmh0pjhqfbciu8,xgboost,75_25,0.6939890710382514,0.6111111111111112,0.38031375759610314
mmh0pjhqfbciu8,nn_engineered,75_25,0.6284153005464481,0.5802469135802469,0.2475207600817302
mmh0pjhqfbciu8,nn_raw,75_25,0.5138121546961326,0.5056179775280899,0.031894091488429824
mmh0pjhqfbciu8,xgboost,phase1_rest,0.7356746765249538,0.7521663778162911,0.4934731492730912
mmh0pjhqfbciu8,nn_engineered,phase1_rest,0.4195933456561922,0.5650969529085873,-0.17048466398570744
mmh0pjhqfbciu8,nn_raw,phase1_rest,0.5304990757855823,0.0,0.0
mmh0puch6r88f0,xgboost,75_25,0.6905829596412556,0.684931506849315,0.385678227412914
mmh0puch6r88f0,nn_engineered,75_25,0.5874439461883408,0.5053763440860215,0.1612110559544136
mmh0puch6r88f0,nn_raw,75_25,0.5746606334841629,0.5982905982905983,0.16798689126037775
mmh0puch6r88f0,xgboost,phase1_rest,0.789712556732224,0.7702479338842976,0.5929589180200934
mmh0puch6r88f0,nn_engineered,phase1_rest,0.7095310136157338,0.7064220183486238,0.42005009884832767
mmh0puch6r88f0,nn_raw,phase1_rest,0.491679273827534,0.0,0.0
mmh0r154h7irg3,xgboost,75_25,0.8605442176870748,0.8637873754152824,0.7225461318594674
mmh0r154h7irg3,nn_engineered,75_25,0.8095238095238095,0.8068965517241379,0.6190520380131496
mmh0r154h7irg3,nn_raw,75_25,0.9212328767123288,0.9204152249134948,0.8424707365973917
mmh0r154h7irg3,xgboost,phase1_rest,0.7276641550053822,0.6692810457516339,0.47463833979222986
mmh0r154h7irg3,nn_engineered,phase1_rest,0.7890204520990313,0.7580246913580246,0.5892066439923248
mmh0r154h7irg3,nn_raw,phase1_rest,0.7255113024757804,0.6684005201560468,0.4688056507222556
mmh0r34rqnesgg,xgboost,75_25,0.5478260869565217,0.6338028169014085,0.0741840458334847
mmh0r34rqnesgg,nn_engineered,75_25,0.5043478260869565,0.39361702127659576,0.0433475078629733
mmh0r34rqnesgg,nn_raw,75_25,0.5903083700440529,0.6950819672131148,0.1784846739854507
mmh0r34rqnesgg,xgboost,phase1_rest,0.6652601969057665,0.6972010178117048,0.3339795143210372
mmh0r34rqnesgg,nn_engineered,phase1_rest,0.6835443037974683,0.6467817896389325,0.3802221078638351
mmh0r34rqnesgg,nn_raw,phase1_rest,0.6104078762306611,0.6674669867947179,0.22838304416308322
mmh0rqn6g1cadb,xgboost,75_25,0.6012269938650306,0.6798029556650246,0.22805999595532095
mmh0rqn6g1cadb,nn_engineered,75_25,0.6134969325153374,0.5714285714285714,0.23306660473148938
mmh0rqn6g1cadb,nn_raw,75_25,0.4906832298136646,0.5773195876288659,-0.028176156998885836
mmh0rqn6g1cadb,xgboost,phase1_rest,0.7272727272727273,0.7216494845360825,0.45532719475399325
mmh0rqn6g1cadb,nn_engineered,phase1_rest,0.604040404040404,0.6462093862815884,0.21249061742547848
mmh0rqn6g1cadb,nn_raw,phase1_rest,0.5575757575757576,0.4942263279445728,0.12075050728674774
mmh0tro0khha5x,xgboost,75_25,0.6134453781512605,0.6783216783216783,0.3314521171280472
mmh0tro0khha5x,nn_engineered,75_25,0.6218487394957983,0.6564885496183206,0.29390324797097844
mmh0tro0khha5x,nn_raw,75_25,0.7872340425531915,0.7844827586206896,0.5909976600045695
mmh0tro0khha5x,xgboost,phase1_rest,0.6474530831099196,0.6562091503267974,0.29764365050455766
mmh0tro0khha5x,nn_engineered,phase1_rest,0.5294906166219839,0.18181818181818182,0.06926391356721033
mmh0tro0khha5x,nn_raw,phase1_rest,0.5120643431635389,0.0,0.0
mmh0uacrkmrg83,xgboost,75_25,0.5111111111111111,0.5368421052631579,0.03197743565355802
mmh0uacrkmrg83,nn_engineered,75_25,0.5944444444444444,0.5100671140939598,0.18081638761373
mmh0uacrkmrg83,nn_raw,75_25,0.6271186440677966,0.6632653061224489,0.2883757359489244
mmh0uacrkmrg83,xgboost,phase1_rest,0.7432675044883303,0.7157057654075547,0.5158665149600167
mmh0uacrkmrg83,nn_engineered,phase1_rest,0.7360861759425493,0.7461139896373057,0.47158064879135525
mmh0uacrkmrg83,nn_raw,phase1_rest,0.5816876122082585,0.5175983436853002,0.19001340242721748
mmh0ueb9o9dis7,xgboost,75_25,0.4461538461538462,0.5384615384615384,-0.11137715041497834
mmh0ueb9o9dis7,nn_engineered,75_25,0.5538461538461539,0.4727272727272727,0.10792100366848244
mmh0ueb9o9dis7,nn_raw,75_25,0.5595854922279793,0.6046511627906976,0.1300518209958026
mmh0ueb9o9dis7,xgboost,phase1_rest,0.5993265993265994,0.6085526315789473,0.20544238384764837
mmh0ueb9o9dis7,nn_engineered,phase1_rest,0.40235690235690236,0.4427001569858713,-0.18861183666563805
mmh0ueb9o9dis7,nn_raw,phase1_rest,0.5016835016835017,0.46953405017921146,-0.000261717637705691
mmh0vbvu4yn6l1,xgboost,75_25,0.7986577181208053,0.7709923664122137,0.6080775587896202
mmh0vbvu4yn6l1,nn_engineered,75_25,0.6778523489932886,0.6335877862595419,0.3602635468349384
mmh0vbvu4yn6l1,nn_raw,75_25,0.8716216216216216,0.8689655172413793,0.7432173477222522
mmh0vbvu4yn6l1,xgboost,phase1_rest,0.7928730512249443,0.7973856209150327,0.5880950080185631
mmh0vbvu4yn6l1,nn_engineered,phase1_rest,0.7873051224944321,0.7832009080590239,0.5744596923163463
mmh0vbvu4yn6l1,nn_raw,phase1_rest,0.7483296213808464,0.7472035794183445,0.4969165697233997
mmh0vh7gck5q8n,xgboost,75_25,0.542713567839196,0.6160337552742616,0.16587291543295055
mmh0vh7gck5q8n,nn_engineered,75_25,0.6884422110552764,0.6025641025641025,0.3611670162749003
mmh0vh7gck5q8n,nn_raw,75_25,0.7411167512690355,0.7301587301587301,0.4878751966100617
mmh0vh7gck5q8n,xgboost,phase1_rest,0.7483974358974359,0.7288428324697754,0.5068480878065964
mmh0vh7gck5q8n,nn_engineered,phase1_rest,0.7243589743589743,0.6704980842911877,0.4854719422465777
mmh0vh7gck5q8n,nn_raw,phase1_rest,0.6073717948717948,0.605475040257649,0.2154277930474412
mmh0wavycmn4y3,xgboost,75_25,0.5899280575539568,0.5928571428571429,0.18079156131868673
mmh0wavycmn4y3,nn_engineered,75_25,0.5935251798561151,0.5425101214574899,0.18656980346584215
mmh0wavycmn4y3,nn_raw,75_25,0.56,0.6158730158730159,0.12933119404513455
mmh0wavycmn4y3,xgboost,phase1_rest,0.5985221674876847,0.6441048034934498,0.2022973970432456
mmh0wavycmn4y3,nn_engineered,phase1_rest,0.6810344827586207,0.6675224646983312,0.36385255824421886
mmh0wavycmn4y3,nn_raw,phase1_rest,0.5086206896551724,0.22823984526112184,0.03057324098861895
mmh0x9u4kgtvxn,xgboost,75_25,0.6262626262626263,0.5612648221343873,0.27456103580061175
mmh0x9u4kgtvxn,nn_engineered,75_25,0.5993265993265994,0.5882352941176471,0.20113814703195956
mmh0x9u4kgtvxn,nn_raw,75_25,0.7152542372881356,0.6956521739130435,0.4412075940525383
mmh0x9u4kgtvxn,xgboost,phase1_rest,0.5160550458715596,0.491566265060241,0.032260119846304496
mmh0x9u4kgtvxn,nn_engineered,phase1_rest,0.3956422018348624,0.45837615621788286,-0.21455164365120827
mmh0x9u4kgtvxn,nn_raw,phase1_rest,0.6100917431192661,0.6296296296296297,0.22141926786081456
mmh0yegg0emahk,xgboost,75_25,0.8210526315789474,0.7792207792207793,0.628778301344673
mmh0yegg0emahk,nn_engineered,75_25,0.8526315789473684,0.825,0.6995020211506757
mmh0yegg0emahk,nn_raw,75_25,0.8404255319148937,0.810126582278481,0.6756912218320098
mmh0yegg0emahk,xgboost,phase1_rest,0.737037037037037,0.7360594795539034,0.47406685962770406
mmh0yegg0emahk,nn_engineered,phase1_rest,0.5851851851851851,0.4074074074074074,0.2094799085114375
mmh0yegg0emahk,nn_raw,phase1_rest,0.5481481481481482,0.35789473684210527,0.11644919707789081
mmh115pr1lsvkw,xgboost,75_25,0.7209302325581395,0.6938775510204082,0.43797134777703545
mmh115pr1lsvkw,nn_engineered,75_25,0.6093023255813953,0.5841584158415841,0.2183862960521855
mmh115pr1lsvkw,nn_raw,75_25,0.6619718309859155,0.6504854368932039,0.33073371487196734
mmh115pr1lsvkw,xgboost,phase1_rest,0.6182634730538922,0.6176911544227887,0.2385486690745897
mmh115pr1lsvkw,nn_engineered,phase1_rest,0.6332335329341318,0.608,0.27712288291185355
mmh115pr1lsvkw,nn_raw,phase1_rest,0.5164670658682635,0.40950639853747717,0.053042438035672816
mmh16ou0ocswzc,xgboost,75_25,0.678714859437751,0.6638655462184874,0.3565243488051173
mmh16ou0ocswzc,nn_engineered,75_25,0.5863453815261044,0.430939226519337,0.1643931491694757
mmh16ou0ocswzc,nn_raw,75_25,0.6396761133603239,0.6509803921568628,0.2918499183208312
mmh16ou0ocswzc,xgboost,phase1_rest,0.7233468286099866,0.7203274215552524,0.44663179234144307
mmh16ou0ocswzc,nn_engineered,phase1_rest,0.5978407557354926,0.5114754098360655,0.2049575748282177
mmh16ou0ocswzc,nn_raw,phase1_rest,0.6369770580296896,0.6446499339498019,0.27484449233281916
mmh19xdl74m2p5,xgboost,75_25,0.7088607594936709,0.6532663316582915,0.42460000653465324
mmh19xdl74m2p5,nn_engineered,75_25,0.620253164556962,0.5454545454545454,0.2400132381352633
mmh19xdl74m2p5,nn_raw,75_25,0.774468085106383,0.7685589519650655,0.5488946438180856
mmh19xdl74m2p5,xgboost,phase1_rest,0.8056338028169014,0.7857142857142857,0.6196248899611959
mmh19xdl74m2p5,nn_engineered,phase1_rest,0.5788732394366197,0.453382084095064,0.1724518924831624
mmh19xdl74m2p5,nn_raw,phase1_rest,0.6253521126760564,0.6453333333333333,0.2536040956923255
mmh1cyh0ahaw8s,xgboost,75_25,0.62890625,0.6843853820598007,0.23416808270800762
mmh1cyh0ahaw8s,nn_engineered,75_25,0.5,0.3402061855670103,0.1622331530991091
mmh1cyh0ahaw8s,nn_raw,75_25,0.7795275590551181,0.821656050955414,0.536779421524166
mmh1cyh0ahaw8s,xgboost,phase1_rest,0.7327365728900256,0.7664804469273743,0.4632911690866331
mmh1cyh0ahaw8s,nn_engineered,phase1_rest,0.6470588235294118,0.6123595505617978,0.3209570622503707
mmh1cyh0ahaw8s,nn_raw,phase1_rest,0.5959079283887468,0.6814516129032258,0.18233023875033708
mmh1eq07kkdfkw,xgboost,75_25,0.7564575645756457,0.7421875,0.5329039459349675
mmh1eq07kkdfkw,nn_engineered,75_25,0.7047970479704797,0.5454545454545454,0.3802157594949078
mmh1eq07kkdfkw,nn_raw,75_25,0.7620817843866171,0.7398373983739838,0.5351815677265929
mmh1eq07kkdfkw,xgboost,phase1_rest,0.8140096618357487,0.8015463917525774,0.6273208504513539
mmh1eq07kkdfkw,nn_engineered,phase1_rest,0.6847826086956522,0.6496644295302013,0.3680322507365771
mmh1eq07kkdfkw,nn_raw,phase1_rest,0.5652173913043478,0.5013850415512465,0.12462370746245315
mmh1jfrxrszco0,xgboost,75_25,0.7906976744186046,0.7610619469026548,0.5827700251741181
mmh1jfrxrszco0,nn_engineered,75_25,0.6434108527131783,0.7088607594936709,0.3642464748801493
mmh1jfrxrszco0,nn_raw,75_25,0.48031496062992124,0.5,-0.03499193528826698
mmh1jfrxrszco0,xgboost,phase1_rest,0.6692307692307692,0.7249466950959488,0.40304878710871617
mmh1jfrxrszco0,nn_engineered,phase1_rest,0.46923076923076923,0.637478108581436,-0.0737146192575741
mmh1jfrxrszco0,nn_raw,phase1_rest,0.6435897435897436,0.5255972696245734,0.2987906687042217
mmh1qje9negjr0,xgboost,75_25,0.6026200873362445,0.6374501992031872,0.22357148068296687
mmh1qje9negjr0,nn_engineered,75_25,0.5589519650655022,0.5550660792951542,0.11956607609149243
mmh1qje9negjr0,nn_raw,75_25,0.6061946902654868,0.6715867158671587,0.2718540991297577
mmh1qje9negjr0,xgboost,phase1_rest,0.629080118694362,0.6428571428571429,0.2572321691687669
mmh1qje9negjr0,nn_engineered,phase1_rest,0.6172106824925816,0.6018518518518519,0.24315251104259156
mmh1qje9negjr0,nn_raw,phase1_rest,0.47477744807121663,0.0,0.0
mmh1sestgp7zew,xgboost,75_25,0.6819787985865724,0.6616541353383458,0.3633659162016773
mmh1sestgp7zew,nn_engineered,75_25,0.6360424028268551,0.6600660066006601,0.28016805247134946
mmh1sestgp7zew,nn_raw,75_25,0.8896797153024911,0.8888888888888888,0.7795511059297883
mmh1sestgp7zew,xgboost,phase1_rest,0.812933025404157,0.8142201834862385,0.6259261461286484
mmh1sestgp7zew,nn_engineered,phase1_rest,0.792147806004619,0.8051948051948052,0.5896090504011988
mmh1sestgp7zew,nn_raw,phase1_rest,0.8868360277136259,0.8860465116279069,0.7737463430003587
mmh1tezp242ppu,xgboost,75_25,0.5833333333333334,0.5327102803738317,0.1707220594066741
mmh1tezp242ppu,nn_engineered,75_25,0.49166666666666664,0.32967032967032966,-0.01903812393862834
mmh1tezp242ppu,nn_raw,75_25,0.4411764705882353,0.4701195219123506,-0.11747837924760145
mmh1tezp242ppu,xgboost,phase1_rest,0.6782729805013927,0.642967542503864,0.3706244923234252
mmh1tezp242ppu,nn_engineered,phase1_rest,0.6573816155988857,0.6666666666666666,0.314271973662599
mmh1tezp242ppu,nn_raw,phase1_rest,0.5654596100278552,0.4711864406779661,0.15062216700477327
mmh1wzqpu4iob1,xgboost,75_25,0.6886792452830188,0.49230769230769234,0.3423022386685606
mmh1wzqpu4iob1,nn_engineered,75_25,0.6650943396226415,0.5034965034965035,0.28316406388953874
mmh1wzqpu4iob1,nn_raw,75_25,0.7095238095238096,0.6871794871794872,0.4334051665589692
mmh1wzqpu4iob1,xgboost,phase1_rest,0.7848101265822784,0.7792207792207793,0.5697376715165062
mmh1wzqpu4iob1,nn_engineered,phase1_rest,0.7848101265822784,0.7614035087719299,0.5706202132652349
mmh1wzqpu4iob1,nn_raw,phase1_rest,0.6613924050632911,0.7011173184357542,0.3527261864672652
mmh250jg0prrne,xgboost,75_25,0.6601941747572816,0.6846846846846847,0.3581306539401543
mmh250jg0prrne,nn_engineered,75_25,0.6262135922330098,0.4900662251655629,0.23457927300202394
mmh250jg0prrne,nn_raw,75_25,0.6009852216748769,0.6232558139534884,0.22794667000470223
mmh250jg0prrne,xgboost,phase1_rest,0.6017241379310345,0.5837837837837838,0.2019691838911863
mmh250jg0prrne,nn_engineered,phase1_rest,0.5706896551724138,0.2824207492795389,0.1649652401023402
mmh250jg0prrne,nn_raw,phase1_rest,0.5827586206896552,0.5217391304347826,0.15982068474719172
mmh28cu87aoonk,xgboost,75_25,0.6262135922330098,0.5497076023391813,0.23899457654253684
mmh28cu87aoonk,nn_engineered,75_25,0.5533980582524272,0.14814814814814814,0.062409472721893816
mmh28cu87aoonk,nn_raw,75_25,0.6323529411764706,0.5341614906832298,0.25054430719779697
mmh28cu87aoonk,xgboost,phase1_rest,0.5016611295681063,0.35344827586206895,-0.024758145683597448
mmh28cu87aoonk,nn_engineered,phase1_rest,0.5963455149501661,0.3816793893129771,0.1944060928212731
mmh28cu87aoonk,nn_raw,phase1_rest,0.5348837209302325,0.0070921985815602835,0.04359755359667145
