session_id,model,n_params,nll,aic,bic,n_obs,alpha,beta,alpha_pos,alpha_neg,forget,alpha_base,alpha_gain,decay,alpha_phase1,alpha_phase2,alpha_phase3,alpha_phase4,sensitivity,bias,r_squared,n_bins
mmgkzukxb91bym,random,0,730.5771283101823,1461.1542566203643,1461.1542566203643,1054.0,,,,,,,,,,,,,,,,
mmgkzukxb91bym,bias,1,728.6328585075762,1459.2657170151524,1464.2260647442538,1054.0,,,,,,,,,,,,,,,,
mmgkzukxb91bym,wsls,2,722.1346273623233,1448.2692547246463,1458.189950182849,1054.0,,,,,,,,,,,,,,,,
mmgkzukxb91bym,logistic,5,360.34969665668217,730.6993933133643,755.5011319588709,1054.0,,,,,,,,,,,,,,,,
mmglwqjl2idcz3,random,0,404.1048062664481,808.2096125328962,808.2096125328962,583.0,,,,,,,,,,,,,,,,
mmglwqjl2idcz3,bias,1,402.3663709542508,806.7327419085016,811.1009290948521,583.0,,,,,,,,,,,,,,,,
mmglwqjl2idcz3,wsls,2,401.5917276095599,807.1834552191198,815.9198295918208,583.0,,,,,,,,,,,,,,,,
mmglwqjl2idcz3,logistic,5,161.09015993612758,332.18031987225515,354.02125580400764,583.0,,,,,,,,,,,,,,,,
mmgnnwif7rgnag,random,0,562.8355106146755,1125.671021229351,1125.671021229351,812.0,,,,,,,,,,,,,,,,
mmgnnwif7rgnag,bias,1,562.8355106146755,1127.671021229351,1132.370521569513,812.0,,,,,,,,,,,,,,,,
mmgnnwif7rgnag,wsls,2,562.0862897521732,1128.1725795043465,1137.5715801846698,812.0,,,,,,,,,,,,,,,,
mmgnnwif7rgnag,logistic,5,453.9937037756664,917.9874075513328,941.4849092521412,812.0,,,,,,,,,,,,,,,,
mmgp4bc84vs4qt,random,0,767.3139288798595,1534.627857759719,1534.627857759719,1107.0,,,,,,,,,,,,,,,,
mmgp4bc84vs4qt,bias,1,766.6954758498532,1535.3909516997064,1540.400360632415,1107.0,,,,,,,,,,,,,,,,
mmgp4bc84vs4qt,wsls,2,763.8733297282398,1531.7466594564796,1541.765477321897,1107.0,,,,,,,,,,,,,,,,
mmgp4bc84vs4qt,logistic,5,649.080358407827,1308.160716815654,1333.2077614791972,1107.0,,,,,,,,,,,,,,,,
mmgp4tj5hwk1cr,random,0,673.045912323707,1346.091824647414,1346.091824647414,971.0,,,,,,,,,,,,,,,,
mmgp4tj5hwk1cr,bias,1,673.0412779188056,1348.0825558376112,1352.9608823059025,971.0,,,,,,,,,,,,,,,,
mmgp4tj5hwk1cr,wsls,2,672.2512802885341,1348.5025605770682,1358.2592135136508,971.0,,,,,,,,,,,,,,,,
mmgp4tj5hwk1cr,logistic,5,598.6430079753175,1207.286015950635,1231.6776482920916,971.0,,,,,,,,,,,,,,,,
mmgp5kmoz5itw5,random,0,202.39897672350403,404.79795344700807,404.79795344700807,292.0,,,,,,,,,,,,,,,,
mmgp5kmoz5itw5,bias,1,197.3769687339505,396.753937467901,400.4306912701693,292.0,,,,,,,,,,,,,,,,
mmgp5kmoz5itw5,wsls,2,196.46653947969256,396.9330789593852,404.2865865639217,292.0,,,,,,,,,,,,,,,,
mmgp5kmoz5itw5,logistic,5,81.56949329514967,173.13898659029934,191.5227556016408,292.0,,,,,,,,,,,,,,,,
mmgp92mez7ni28,random,0,815.1410843384956,1630.2821686769912,1630.2821686769912,1176.0,,,,,,,,,,,,,,,,
mmgp92mez7ni28,bias,1,811.3802709144752,1624.7605418289504,1629.830415957409,1176.0,,,,,,,,,,,,,,,,
mmgp92mez7ni28,wsls,2,809.4498546257281,1622.8997092514562,1633.0394575083733,1176.0,,,,,,,,,,,,,,,,
mmgp92mez7ni28,logistic,5,411.7133972351416,833.4267944702832,858.7761651125761,1176.0,,,,,,,,,,,,,,,,
mmgp978syi159c,random,0,676.5116482265066,1353.0232964530132,1353.0232964530132,976.0,,,,,,,,,,,,,,,,
mmgp978syi159c,bias,1,676.4378758759551,1354.8757517519102,1359.759214338323,976.0,,,,,,,,,,,,,,,,
mmgp978syi159c,wsls,2,674.7298152576241,1353.459630515248,1363.2265556880743,976.0,,,,,,,,,,,,,,,,
mmgp978syi159c,logistic,5,515.5617127346284,1041.1234254692567,1065.5407384013222,976.0,,,,,,,,,,,,,,,,
mmgp9zmmm2qlbz,random,0,716.7141846989834,1433.428369397967,1433.428369397967,1034.0,,,,,,,,,,,,,,,,
mmgp9zmmm2qlbz,bias,1,715.7777317492481,1433.5554634984962,1438.4966535535646,1034.0,,,,,,,,,,,,,,,,
mmgp9zmmm2qlbz,wsls,2,713.267751517408,1430.535503034816,1440.4178831449526,1034.0,,,,,,,,,,,,,,,,
mmgp9zmmm2qlbz,logistic,5,586.7864313911912,1183.5728627823823,1208.2788130577242,1034.0,,,,,,,,,,,,,,,,
mmgpaypnopkm1q,random,0,605.1174886288322,1210.2349772576645,1210.2349772576645,873.0,,,,,,,,,,,,,,,,
mmgpaypnopkm1q,bias,1,604.9519569749866,1211.9039139499732,1216.6758495058127,873.0,,,,,,,,,,,,,,,,
mmgpaypnopkm1q,wsls,2,603.8050290650227,1211.6100581300454,1221.1539292417249,873.0,,,,,,,,,,,,,,,,
mmgpaypnopkm1q,logistic,5,272.87335533390126,555.7467106678025,579.6063884470005,873.0,,,,,,,,,,,,,,,,
mmgpciu4e2yunz,random,0,703.5443882683445,1407.088776536689,1407.088776536689,1015.0,,,,,,,,,,,,,,,,
mmgpciu4e2yunz,bias,1,703.4020170795318,1408.8040341590636,1413.7266780505397,1015.0,,,,,,,,,,,,,,,,
mmgpciu4e2yunz,wsls,2,702.5404206759249,1409.0808413518498,1418.9261291348016,1015.0,,,,,,,,,,,,,,,,
mmgpciu4e2yunz,logistic,5,286.0889215793637,582.1778431587275,606.7910626161068,1015.0,,,,,,,,,,,,,,,,
mmgpgi4g1jzpv2,random,0,704.9306826294644,1409.8613652589288,1409.8613652589288,1017.0,,,,,,,,,,,,,,,,
mmgpgi4g1jzpv2,bias,1,702.8520783112831,1407.7041566225662,1412.6287690186148,1017.0,,,,,,,,,,,,,,,,
mmgpgi4g1jzpv2,wsls,2,701.7610785232304,1407.5221570464607,1417.371381838558,1017.0,,,,,,,,,,,,,,,,
mmgpgi4g1jzpv2,logistic,5,359.1081038674447,728.2162077348894,752.8392697151322,1017.0,,,,,,,,,,,,,,,,
mmgpiq4ct3r8s1,random,0,589.1751034759535,1178.350206951907,1178.350206951907,850.0,,,,,,,,,,,,,,,,
mmgpiq4ct3r8s1,bias,1,586.9119176597619,1175.8238353195238,1180.5690716690085,850.0,,,,,,,,,,,,,,,,
mmgpiq4ct3r8s1,wsls,2,585.4338095990744,1174.8676191981488,1184.3580918971174,850.0,,,,,,,,,,,,,,,,
mmgpiq4ct3r8s1,logistic,5,445.7566071993522,901.5132143987043,925.2393961461264,850.0,,,,,,,,,,,,,,,,
mmgpqa16u4u07b,random,0,683.4431200321061,1366.8862400642122,1366.8862400642122,986.0,,,,,,,,,,,,,,,,
mmgpqa16u4u07b,bias,1,683.4106653149618,1368.8213306299235,1373.714986984526,986.0,,,,,,,,,,,,,,,,
mmgpqa16u4u07b,wsls,2,682.6753838008195,1369.350767601639,1379.1380803108443,986.0,,,,,,,,,,,,,,,,
mmgpqa16u4u07b,logistic,5,310.33615255579286,630.6723051115857,655.1405868845989,986.0,,,,,,,,,,,,,,,,
mmgpy8l4xh9nto,random,0,761.07560425482,1522.15120850964,1522.15120850964,1098.0,,,,,,,,,,,,,,,,
mmgpy8l4xh9nto,bias,1,760.9590245368411,1523.918049073682,1528.9192946957517,1098.0,,,,,,,,,,,,,,,,
mmgpy8l4xh9nto,wsls,2,758.205642425074,1520.411284850148,1530.413776094287,1098.0,,,,,,,,,,,,,,,,
mmgpy8l4xh9nto,logistic,5,739.4782845229604,1488.9565690459208,1513.9627971562682,1098.0,,,,,,,,,,,,,,,,
mmgq3qouddjc6z,random,0,799.198699185617,1598.397398371234,1598.397398371234,1153.0,,,,,,,,,,,,,,,,
mmgq3qouddjc6z,bias,1,799.1774501392094,1600.3549002784189,1605.405022798688,1153.0,,,,,,,,,,,,,,,,
mmgq3qouddjc6z,wsls,2,798.4313625113765,1600.862725022753,1610.962970063291,1153.0,,,,,,,,,,,,,,,,
mmgq3qouddjc6z,logistic,5,611.7742921360252,1233.5485842720504,1258.7991968733957,1153.0,,,,,,,,,,,,,,,,
mmgqyc7ozjls4u,random,0,710.475860073944,1420.951720147888,1420.951720147888,1025.0,,,,,,,,,,,,,,,,
mmgqyc7ozjls4u,bias,1,710.1709517901229,1422.3419035802458,1427.2743514718184,1025.0,,,,,,,,,,,,,,,,
mmgqyc7ozjls4u,wsls,2,709.4094890268644,1422.8189780537289,1432.683873836874,1025.0,,,,,,,,,,,,,,,,
mmgqyc7ozjls4u,logistic,5,574.4144659712556,1158.8289319425112,1183.4911714003738,1025.0,,,,,,,,,,,,,,,,
mmgr4s188ypj5i,random,0,704.2375354489045,1408.475070897809,1408.475070897809,1016.0,,,,,,,,,,,,,,,,
mmgr4s188ypj5i,bias,1,704.0406723399528,1410.0813446799057,1415.004973308044,1016.0,,,,,,,,,,,,,,,,
mmgr4s188ypj5i,wsls,2,702.9676236895842,1409.9352473791685,1419.782504635445,1016.0,,,,,,,,,,,,,,,,
mmgr4s188ypj5i,logistic,5,364.4506368314907,738.9012736629815,763.5194168036736,1016.0,,,,,,,,,,,,,,,,
mmgr4wtlfg07a6,random,0,662.6487046153077,1325.2974092306154,1325.2974092306154,956.0,,,,,,,,,,,,,,,,
mmgr4wtlfg07a6,bias,1,662.5461904907276,1327.092380981455,1331.9551388945065,956.0,,,,,,,,,,,,,,,,
mmgr4wtlfg07a6,wsls,2,661.0131667936727,1326.026333587345,1335.751849413448,956.0,,,,,,,,,,,,,,,,
mmgr4wtlfg07a6,logistic,5,655.4418379949714,1320.8836759899427,1345.1974655551996,956.0,,,,,,,,,,,,,,,,
mmgr8c41csnx7y,random,0,473.4195243224426,946.8390486448852,946.8390486448852,683.0,,,,,,,,,,,,,,,,
mmgr8c41csnx7y,bias,1,469.51089127738487,941.0217825547696,945.5482774143404,683.0,,,,,,,,,,,,,,,,
mmgr8c41csnx7y,wsls,2,468.86668607205263,941.7333721441051,950.7863618632468,683.0,,,,,,,,,,,,,,,,
mmgr8c41csnx7y,logistic,5,379.3823952582504,768.7647905165009,791.3972648143548,683.0,,,,,,,,,,,,,,,,
mmh0l2c7syhpy7,random,0,711.8621544350638,1423.7243088701275,1423.7243088701275,1027.0,,,,,,,,,,,,,,,,
mmh0l2c7syhpy7,bias,1,711.0435337888391,1424.0870675776782,1429.0214647876069,1027.0,,,,,,,,,,,,,,,,
mmh0l2c7syhpy7,wsls,2,708.5935279675303,1421.1870559350607,1431.0558503549178,1027.0,,,,,,,,,,,,,,,,
mmh0l2c7syhpy7,logistic,5,601.0823657924859,1212.1647315849718,1236.8367176346146,1027.0,,,,,,,,,,,,,,,,
mmh0l48d4j1y4y,random,0,607.1969301705121,1214.3938603410245,1214.3938603410245,876.0,,,,,,,,,,,,,,,,
mmh0l48d4j1y4y,bias,1,607.0119856478943,1216.023971295789,1220.799337386725,876.0,,,,,,,,,,,,,,,,
mmh0l48d4j1y4y,wsls,2,605.8507801378817,1215.7015602757633,1225.252292457636,876.0,,,,,,,,,,,,,,,,
mmh0l48d4j1y4y,logistic,5,565.2841079441125,1140.568215888225,1164.445046342907,876.0,,,,,,,,,,,,,,,,
mmh0le5hn8utpd,random,0,688.9882974765857,1377.9765949531711,1377.9765949531711,994.0,,,,,,,,,,,,,,,,
mmh0le5hn8utpd,bias,1,688.970188714705,1379.94037742941,1384.8421146360668,994.0,,,,,,,,,,,,,,,,
mmh0le5hn8utpd,wsls,2,686.9510956368027,1377.9021912736057,1387.7056656869186,994.0,,,,,,,,,,,,,,,,
mmh0le5hn8utpd,logistic,5,367.7159709785357,745.4319419570714,769.9406279903543,994.0,,,,,,,,,,,,,,,,
mmh0lgop76n6ez,random,0,627.2981984067505,1254.596396813501,1254.596396813501,905.0,,,,,,,,,,,,,,,,
mmh0lgop76n6ez,bias,1,626.895376205882,1255.790752411764,1260.598687355464,905.0,,,,,,,,,,,,,,,,
mmh0lgop76n6ez,wsls,2,625.4876152520133,1254.9752305040265,1264.5911003914264,905.0,,,,,,,,,,,,,,,,
mmh0lgop76n6ez,logistic,5,445.9435814583327,901.8871629166654,925.926837635165,905.0,,,,,,,,,,,,,,,,
mmh0lku3ip54e4,random,0,693.8403277405052,1387.6806554810105,1387.6806554810105,1001.0,,,,,,,,,,,,,,,,
mmh0lku3ip54e4,bias,1,691.5963927584169,1385.1927855168335,1390.1015402961489,1001.0,,,,,,,,,,,,,,,,
mmh0lku3ip54e4,wsls,2,684.5064680220827,1373.0129360441654,1382.830445602796,1001.0,,,,,,,,,,,,,,,,
mmh0lku3ip54e4,logistic,5,649.588676860521,1309.177353721042,1333.721127617618,1001.0,,,,,,,,,,,,,,,,
mmh0lpcdm9wdcu,random,0,242.60151319598089,485.2030263919617,485.2030263919617,350.0,,,,,,,,,,,,,,,,
mmh0lpcdm9wdcu,bias,1,242.0297732361249,486.0595464722498,489.91747962673327,350.0,,,,,,,,,,,,,,,,
mmh0lpcdm9wdcu,wsls,2,241.11354381622817,486.2270876324564,493.9429539414232,350.0,,,,,,,,,,,,,,,,
mmh0lpcdm9wdcu,logistic,5,47.60170853710117,105.20341707420232,124.49308284661964,350.0,,,,,,,,,,,,,,,,
mmh0m3latwun95,random,0,724.3388036851428,1448.6776073702856,1448.6776073702856,1045.0,,,,,,,,,,,,,,,,
mmh0m3latwun95,bias,1,724.2311444855694,1450.4622889711388,1455.4140611355378,1045.0,,,,,,,,,,,,,,,,
mmh0m3latwun95,wsls,2,723.1064275683257,1450.2128551366511,1460.1163994654491,1045.0,,,,,,,,,,,,,,,,
mmh0m3latwun95,logistic,5,421.34411802407976,852.6882360481595,877.447096870154,1045.0,,,,,,,,,,,,,,,,
mmh0mm0schxk59,random,0,695.2266221016251,1390.4532442032505,1390.4532442032505,1003.0,,,,,,,,,,,,,,,,
mmh0mm0schxk59,bias,1,695.2141594378436,1392.4283188756872,1397.339069663649,1003.0,,,,,,,,,,,,,,,,
mmh0mm0schxk59,wsls,2,694.4596328703199,1392.9192657406395,1402.7407673165635,1003.0,,,,,,,,,,,,,,,,
mmh0mm0schxk59,logistic,5,686.1590054970918,1382.3180109941836,1406.8717649339933,1003.0,,,,,,,,,,,,,,,,
mmh0mmptqfyu87,random,0,342.414707196613,684.829414393226,684.829414393226,494.0,,,,,,,,,,,,,,,,
mmh0mmptqfyu87,bias,1,342.0866993702548,686.1733987405096,690.3759342576975,494.0,,,,,,,,,,,,,,,,
mmh0mmptqfyu87,wsls,2,341.0455818904576,686.0911637809152,694.496234815291,494.0,,,,,,,,,,,,,,,,
mmh0mmptqfyu87,logistic,5,337.5578161705231,685.1156323410462,706.1283099269858,494.0,,,,,,,,,,,,,,,,
mmh0nnjg95y0zn,random,0,853.2641792692928,1706.5283585385855,1706.5283585385855,1231.0,,,,,,,,,,,,,,,,
mmh0nnjg95y0zn,bias,1,852.7665492533209,1707.533098506642,1712.6486806328264,1231.0,,,,,,,,,,,,,,,,
mmh0nnjg95y0zn,wsls,2,851.8750310034135,1707.750062006827,1717.981226259196,1231.0,,,,,,,,,,,,,,,,
mmh0nnjg95y0zn,logistic,5,516.3365568325729,1042.6731136651458,1068.2510242960682,1231.0,,,,,,,,,,,,,,,,
mmh0ocgvf4p325,random,0,686.2157087543459,1372.4314175086918,1372.4314175086918,990.0,,,,,,,,,,,,,,,,
mmh0ocgvf4p325,bias,1,685.3245322253965,1372.649064450793,1377.5467693939215,990.0,,,,,,,,,,,,,,,,
mmh0ocgvf4p325,wsls,2,684.5385807884519,1373.0771615769038,1382.872571463161,990.0,,,,,,,,,,,,,,,,
mmh0ocgvf4p325,logistic,5,317.385559590922,644.771119181844,669.2596438974872,990.0,,,,,,,,,,,,,,,,
mmh0opq734nw1a,random,0,636.3091117540297,1272.6182235080594,1272.6182235080594,918.0,,,,,,,,,,,,,,,,
mmh0opq734nw1a,bias,1,636.2546444458558,1274.5092888917115,1279.331486282332,918.0,,,,,,,,,,,,,,,,
mmh0opq734nw1a,wsls,2,635.2402341204726,1274.4804682409451,1284.1248630221862,918.0,,,,,,,,,,,,,,,,
mmh0opq734nw1a,logistic,5,322.74289072328617,655.4857814465723,679.5967683996748,918.0,,,,,,,,,,,,,,,,
mmh0ozswma6i3j,random,0,702.1580939072246,1404.3161878144492,1404.3161878144492,1013.0,,,,,,,,,,,,,,,,
mmh0ozswma6i3j,bias,1,702.157600323729,1406.315200647458,1411.2358721517066,1013.0,,,,,,,,,,,,,,,,
mmh0ozswma6i3j,wsls,2,701.108447145271,1406.216894290542,1416.0582372990395,1013.0,,,,,,,,,,,,,,,,
mmh0ozswma6i3j,logistic,5,319.4821425799776,648.9642851599551,673.5676426811985,1013.0,,,,,,,,,,,,,,,,
mmh0pa4lgnz2nd,random,0,620.3667266011511,1240.733453202302,1240.733453202302,895.0,,,,,,,,,,,,,,,,
mmh0pa4lgnz2nd,bias,1,620.3661679418169,1242.7323358836338,1247.5291596019088,895.0,,,,,,,,,,,,,,,,
mmh0pa4lgnz2nd,wsls,2,619.6735794206369,1243.3471588412738,1252.9408062778234,895.0,,,,,,,,,,,,,,,,
mmh0pa4lgnz2nd,logistic,5,460.95478438579096,931.909568771582,955.893687362956,895.0,,,,,,,,,,,,,,,,
mmh0pj6zqdvwmg,random,0,860.1956510748921,1720.3913021497842,1720.3913021497842,1241.0,,,,,,,,,,,,,,,,
mmh0pj6zqdvwmg,bias,1,860.0501981721582,1722.1003963443163,1727.224069129521,1241.0,,,,,,,,,,,,,,,,
mmh0pj6zqdvwmg,wsls,2,857.4958614375939,1718.991722875188,1729.239068445597,1241.0,,,,,,,,,,,,,,,,
mmh0pj6zqdvwmg,logistic,5,385.25009340761073,780.5001868152215,806.1185507412445,1241.0,,,,,,,,,,,,,,,,
mmh0pjhqfbciu8,random,0,507.38373616988,1014.76747233976,1014.76747233976,732.0,,,,,,,,,,,,,,,,
mmh0pjhqfbciu8,bias,1,507.2498482252448,1016.4996964504896,1021.095476964451,732.0,,,,,,,,,,,,,,,,
mmh0pjhqfbciu8,wsls,2,505.687871771922,1015.375743543844,1024.5673045717665,732.0,,,,,,,,,,,,,,,,
mmh0pjhqfbciu8,logistic,5,441.8358238786335,893.6716477572669,916.6505503270736,732.0,,,,,,,,,,,,,,,,
mmh0puch6r88f0,random,0,618.2872850594713,1236.5745701189426,1236.5745701189426,892.0,,,,,,,,,,,,,,,,
mmh0puch6r88f0,bias,1,618.2065651357848,1238.4131302715696,1243.2065964041496,892.0,,,,,,,,,,,,,,,,
mmh0puch6r88f0,wsls,2,617.5194595964851,1239.0389191929703,1248.6258514581302,892.0,,,,,,,,,,,,,,,,
mmh0puch6r88f0,logistic,5,589.1348708254711,1188.2697416509425,1212.2370723138422,892.0,,,,,,,,,,,,,,,,
mmh0r154h7irg3,random,0,815.8342315190555,1631.668463038111,1631.668463038111,1177.0,,,,,,,,,,,,,,,,
mmh0r154h7irg3,bias,1,815.2525723999306,1632.5051447998612,1637.5758689071215,1177.0,,,,,,,,,,,,,,,,
mmh0r154h7irg3,wsls,2,814.2082642991,1632.4165285982,1642.5579768127209,1177.0,,,,,,,,,,,,,,,,
mmh0r154h7irg3,logistic,5,330.7824238843427,671.5648477686854,696.9184683049867,1177.0,,,,,,,,,,,,,,,,
mmh0r34rqnesgg,random,0,636.3091117540297,1272.6182235080594,1272.6182235080594,918.0,,,,,,,,,,,,,,,,
mmh0r34rqnesgg,bias,1,635.9953505156122,1273.9907010312245,1278.812898421845,918.0,,,,,,,,,,,,,,,,
mmh0r34rqnesgg,wsls,2,635.2149052560243,1274.4298105120486,1284.0742052932897,918.0,,,,,,,,,,,,,,,,
mmh0r34rqnesgg,logistic,5,397.4135418769091,804.8270837538182,828.9380707069207,918.0,,,,,,,,,,,,,,,,
mmh0rqn6g1cadb,random,0,452.6251089056443,905.2502178112886,905.2502178112886,653.0,,,,,,,,,,,,,,,,
mmh0rqn6g1cadb,bias,1,452.6182176103457,907.2364352206914,911.7180123499678,653.0,,,,,,,,,,,,,,,,
mmh0rqn6g1cadb,wsls,2,450.6796875057145,905.359375011429,914.322529269982,653.0,,,,,,,,,,,,,,,,
mmh0rqn6g1cadb,logistic,5,331.2894520874235,672.578904174847,694.9867898212292,653.0,,,,,,,,,,,,,,,,
mmh0tro0khha5x,random,0,658.489821531948,1316.979643063896,1316.979643063896,950.0,,,,,,,,,,,,,,,,
mmh0tro0khha5x,bias,1,658.016058561323,1318.032117122646,1322.8885791072405,950.0,,,,,,,,,,,,,,,,
mmh0tro0khha5x,wsls,2,657.0080018559038,1318.0160037118076,1327.7289276809968,950.0,,,,,,,,,,,,,,,,
mmh0tro0khha5x,logistic,5,416.09609489572347,842.1921897914469,866.4744997144198,950.0,,,,,,,,,,,,,,,,
mmh0uacrkmrg83,random,0,497.6796756420407,995.3593512840814,995.3593512840814,718.0,,,,,,,,,,,,,,,,
mmh0uacrkmrg83,bias,1,497.13357617366256,996.2671523473252,1000.8436219163732,718.0,,,,,,,,,,,,,,,,
mmh0uacrkmrg83,wsls,2,496.4294386005731,996.8588772011462,1006.0118163392428,718.0,,,,,,,,,,,,,,,,
mmh0uacrkmrg83,logistic,5,296.6540035651073,603.3080071302146,626.1903549754558,718.0,,,,,,,,,,,,,,,,
mmh0ueb9o9dis7,random,0,540.6548008367572,1081.3096016735144,1081.3096016735144,780.0,,,,,,,,,,,,,,,,
mmh0ueb9o9dis7,bias,1,540.1521287423323,1082.3042574846645,1086.9635514043482,780.0,,,,,,,,,,,,,,,,
mmh0ueb9o9dis7,wsls,2,539.0654618785704,1082.1309237571409,1091.449511596508,780.0,,,,,,,,,,,,,,,,
mmh0ueb9o9dis7,logistic,5,465.5282052536456,941.0564105072912,964.3528801057092,780.0,,,,,,,,,,,,,,,,
mmh0vbvu4yn6l1,random,0,825.5382920468949,1651.0765840937895,1651.0765840937895,1191.0,,,,,,,,,,,,,,,,
mmh0vbvu4yn6l1,bias,1,825.4874936756413,1652.9749873512826,1658.057535920638,1191.0,,,,,,,,,,,,,,,,
mmh0vbvu4yn6l1,wsls,2,823.2485335387584,1650.4970670775167,1660.6621642162272,1191.0,,,,,,,,,,,,,,,,
mmh0vbvu4yn6l1,logistic,5,399.6250538056422,809.2501076112844,834.6628504580609,1191.0,,,,,,,,,,,,,,,,
mmh0vh7gck5q8n,random,0,551.7451557257164,1103.4903114514327,1103.4903114514327,796.0,,,,,,,,,,,,,,,,
mmh0vh7gck5q8n,bias,1,551.2525918064368,1104.5051836128737,1109.184782798718,796.0,,,,,,,,,,,,,,,,
mmh0vh7gck5q8n,wsls,2,550.0614344960368,1104.1228689920736,1113.4820673637623,796.0,,,,,,,,,,,,,,,,
mmh0vh7gck5q8n,logistic,5,231.918537001218,473.837074002436,497.2350699316579,796.0,,,,,,,,,,,,,,,,
mmh0wavycmn4y3,random,0,769.3933704215393,1538.7867408430786,1538.7867408430786,1110.0,,,,,,,,,,,,,,,,
mmh0wavycmn4y3,bias,1,769.3483247671485,1540.696649534297,1545.7087648286033,1110.0,,,,,,,,,,,,,,,,
mmh0wavycmn4y3,wsls,2,768.6156045199904,1541.2312090399807,1551.2554396285934,1110.0,,,,,,,,,,,,,,,,
mmh0wavycmn4y3,logistic,5,707.1947906795172,1424.3895813590343,1449.4501578305662,1110.0,,,,,,,,,,,,,,,,
mmh0x9u4kgtvxn,random,0,822.7657033246551,1645.5314066493102,1645.5314066493102,1187.0,,,,,,,,,,,,,,,,
mmh0x9u4kgtvxn,bias,1,822.7619122506949,1647.5238245013898,1652.6030088959994,1187.0,,,,,,,,,,,,,,,,
mmh0x9u4kgtvxn,wsls,2,820.6587606192545,1645.317521238509,1655.4758900277284,1187.0,,,,,,,,,,,,,,,,
mmh0x9u4kgtvxn,logistic,5,816.5113645055283,1643.0227290110563,1668.418650984105,1187.0,,,,,,,,,,,,,,,,
mmh0yegg0emahk,random,0,527.4850044061184,1054.9700088122368,1054.9700088122368,761.0,,,,,,,,,,,,,,,,
mmh0yegg0emahk,bias,1,527.4528094711558,1056.9056189423115,1061.5402523001733,761.0,,,,,,,,,,,,,,,,
mmh0yegg0emahk,wsls,2,525.0857662098344,1054.171532419669,1063.4407991353924,761.0,,,,,,,,,,,,,,,,
mmh0yegg0emahk,logistic,5,309.10323434250404,628.2064686850081,651.3796354743165,761.0,,,,,,,,,,,,,,,,
mmh115pr1lsvkw,random,0,596.106575281553,1192.213150563106,1192.213150563106,860.0,,,,,,,,,,,,,,,,
mmh115pr1lsvkw,bias,1,595.6506807643027,1193.3013615286054,1198.058293917853,860.0,,,,,,,,,,,,,,,,
mmh115pr1lsvkw,wsls,2,594.8113630957772,1193.6227261915544,1203.1365909700496,860.0,,,,,,,,,,,,,,,,
mmh115pr1lsvkw,logistic,5,486.90771825458376,983.8154365091676,1007.6000984554051,860.0,,,,,,,,,,,,,,,,
mmh16ou0ocswzc,random,0,691.0677390182655,1382.135478036531,1382.135478036531,997.0,,,,,,,,,,,,,,,,
mmh16ou0ocswzc,bias,1,691.0431650952031,1384.0863301904062,1388.991080960368,997.0,,,,,,,,,,,,,,,,
mmh16ou0ocswzc,wsls,2,690.1720214677548,1384.3440429355096,1394.1535444754334,997.0,,,,,,,,,,,,,,,,
mmh16ou0ocswzc,logistic,5,490.4435780540235,990.887156108047,1015.410909957856,997.0,,,,,,,,,,,,,,,,
mmh19xdl74m2p5,random,0,657.796674351388,1315.593348702776,1315.593348702776,949.0,,,,,,,,,,,,,,,,
mmh19xdl74m2p5,bias,1,657.6444006640779,1317.2888013281558,1322.1442101267658,949.0,,,,,,,,,,,,,,,,
mmh19xdl74m2p5,wsls,2,656.9117193742134,1317.8234387484267,1327.5342563456466,949.0,,,,,,,,,,,,,,,,
mmh19xdl74m2p5,logistic,5,314.7600841838588,639.5201683677176,663.7972123607673,949.0,,,,,,,,,,,,,,,,
mmh1cyh0ahaw8s,random,0,709.782712893384,1419.565425786768,1419.565425786768,1024.0,,,,,,,,,,,,,,,,
mmh1cyh0ahaw8s,bias,1,706.9598054257898,1415.9196108515796,1420.851082657179,1024.0,,,,,,,,,,,,,,,,
mmh1cyh0ahaw8s,wsls,2,704.2175725310009,1412.4351450620018,1422.2980886732007,1024.0,,,,,,,,,,,,,,,,
mmh1cyh0ahaw8s,logistic,5,470.65363799251713,951.3072759850344,975.9646350130316,1024.0,,,,,,,,,,,,,,,,
mmh1eq07kkdfkw,random,0,751.3715437269807,1502.7430874539614,1502.7430874539614,1084.0,,,,,,,,,,,,,,,,
mmh1eq07kkdfkw,bias,1,750.025968427851,1502.051936855702,1507.0403500377015,1084.0,,,,,,,,,,,,,,,,
mmh1eq07kkdfkw,wsls,2,747.6407281813562,1499.2814563627123,1509.2582827267115,1084.0,,,,,,,,,,,,,,,,
mmh1eq07kkdfkw,logistic,5,412.7871277129052,835.5742554258104,860.5163213358084,1084.0,,,,,,,,,,,,,,,,
mmh1jfrxrszco0,random,0,358.3570923494917,716.7141846989834,716.7141846989834,517.0,,,,,,,,,,,,,,,,
mmh1jfrxrszco0,bias,1,357.7524078230977,717.5048156461954,721.7528585207039,517.0,,,,,,,,,,,,,,,,
mmh1jfrxrszco0,wsls,2,356.99087939573207,717.9817587914641,726.477844540481,517.0,,,,,,,,,,,,,,,,
mmh1jfrxrszco0,logistic,5,233.9961500680652,477.9923001361303,499.23251450867247,517.0,,,,,,,,,,,,,,,,
mmh1qje9negjr0,random,0,633.5365230317899,1267.0730460635798,1267.0730460635798,914.0,,,,,,,,,,,,,,,,
mmh1qje9negjr0,bias,1,633.3592686846288,1268.7185373692575,1273.5363679407117,914.0,,,,,,,,,,,,,,,,
mmh1qje9negjr0,wsls,2,632.5969340904819,1269.1938681809638,1278.829529323872,914.0,,,,,,,,,,,,,,,,
mmh1qje9negjr0,logistic,5,543.9989941815145,1097.997988363029,1122.0871412202998,914.0,,,,,,,,,,,,,,,,
mmh1sestgp7zew,random,0,785.335755574418,1570.671511148836,1570.671511148836,1133.0,,,,,,,,,,,,,,,,
mmh1sestgp7zew,bias,1,785.300009390895,1572.60001878179,1577.632643042818,1133.0,,,,,,,,,,,,,,,,
mmh1sestgp7zew,wsls,2,784.5127813815201,1573.0255627630402,1583.0908112850962,1133.0,,,,,,,,,,,,,,,,
mmh1sestgp7zew,logistic,5,327.5289718614,665.0579437228,690.2210650279401,1133.0,,,,,,,,,,,,,,,,
mmh1tezp242ppu,random,0,664.7281461569876,1329.4562923139752,1329.4562923139752,959.0,,,,,,,,,,,,,,,,
mmh1tezp242ppu,bias,1,664.4022489676265,1330.804497935253,1335.6703890101364,959.0,,,,,,,,,,,,,,,,
mmh1tezp242ppu,wsls,2,663.696144514649,1331.392289029298,1341.124071179065,959.0,,,,,,,,,,,,,,,,
mmh1tezp242ppu,logistic,5,560.3700536861102,1130.7401073722203,1155.0695627466375,959.0,,,,,,,,,,,,,,,,
mmh1wzqpu4iob1,random,0,587.0956619342737,1174.1913238685474,1174.1913238685474,847.0,,,,,,,,,,,,,,,,
mmh1wzqpu4iob1,bias,1,586.8825389815318,1175.7650779630635,1180.5067786577156,847.0,,,,,,,,,,,,,,,,
mmh1wzqpu4iob1,wsls,2,585.9625598075822,1175.9251196151645,1185.4085210044686,847.0,,,,,,,,,,,,,,,,
mmh1wzqpu4iob1,logistic,5,297.4789375016925,604.957875003385,628.6663784766453,847.0,,,,,,,,,,,,,,,,
mmh250jg0prrne,random,0,569.766982420275,1139.53396484055,1139.53396484055,822.0,,,,,,,,,,,,,,,,
mmh250jg0prrne,bias,1,569.5698863748194,1141.1397727496387,1145.851513144695,822.0,,,,,,,,,,,,,,,,
mmh250jg0prrne,wsls,2,568.6588134282473,1141.3176268564946,1150.741107646607,822.0,,,,,,,,,,,,,,,,
mmh250jg0prrne,logistic,5,547.981941993238,1105.963883986476,1129.522585961757,822.0,,,,,,,,,,,,,,,,
mmh28cu87aoonk,random,0,570.460129600835,1140.92025920167,1140.92025920167,823.0,,,,,,,,,,,,,,,,
mmh28cu87aoonk,bias,1,568.3434905974577,1138.6869811949157,1143.3999373955926,823.0,,,,,,,,,,,,,,,,
mmh28cu87aoonk,wsls,2,566.3276041231115,1136.655208246223,1146.081120647577,823.0,,,,,,,,,,,,,,,,
mmh28cu87aoonk,logistic,5,487.5659160775387,985.1318321550774,1008.6966131584628,823.0,,,,,,,,,,,,,,,,
mmgkzukxb91bym,q_learning,2,514.344433372095,1032.68886674419,1042.6095622023925,1054.0,0.4916136915376561,3.5807604315214947,,,,,,,,,,,,,,
mmgkzukxb91bym,q_dual_alpha,3,508.7307939015234,1023.4615878030468,1038.3426309903507,1054.0,,3.198774306101892,0.7481101363495147,0.3776650547442816,,,,,,,,,,,,
mmgkzukxb91bym,q_forgetting,3,520.8690800951605,1047.738160190321,1062.619203377625,1054.0,0.4809572351520059,3.591610178654515,,,0.0066928509242848,,,,,,,,,,,
mmgkzukxb91bym,q_dynamic_alpha,4,508.7959988401621,1025.5919976803243,1045.4333885967294,1054.0,,3.761484418545324,,,,0.2192804119565842,0.8215951388565923,0.9933071490757152,,,,,,,,
mmgkzukxb91bym,q_phase_aware,5,511.8274121543129,1033.6548243086258,1058.4565629541323,1054.0,,3.702393057276735,,,,,,,0.3977800535173297,0.5233113703755382,0.5300588400528304,0.5296667922216539,,,,
mmglwqjl2idcz3,q_learning,2,173.79253441651483,351.58506883302965,360.32144320573065,583.0,0.1519496019880397,11.629817218578824,,,,,,,,,,,,,,
mmglwqjl2idcz3,q_dual_alpha,3,173.7117651453032,353.4235302906064,366.5280918496578,583.0,,12.323843062548711,0.1594919378605556,0.1405359213980551,,,,,,,,,,,,
mmglwqjl2idcz3,q_forgetting,3,119.6957785052427,245.3915570104854,258.49611856953686,583.0,0.3320226407410442,8.649118267494245,,,0.3573272597586421,,,,,,,,,,,
mmglwqjl2idcz3,q_dynamic_alpha,4,161.06488946118375,330.1297789223675,347.6025276677695,583.0,,10.55391707478845,,,,0.0708805575263993,0.9933071490757152,0.9933071490757152,,,,,,,,
mmglwqjl2idcz3,q_phase_aware,5,148.3433185133372,306.6866370266744,328.5275729584269,583.0,,10.372940487644383,,,,,,,0.0874217026389261,0.3248288761731385,0.2118391371588169,0.35908945813082,,,,
mmgnnwif7rgnag,q_learning,2,438.96927632901617,881.9385526580323,891.3375533383557,812.0,0.5938871495764112,2.5018883392124702,,,,,,,,,,,,,,
mmgnnwif7rgnag,q_dual_alpha,3,433.47950659526896,872.9590131905379,887.057514211023,812.0,,2.6431113127593355,0.3945612397243665,0.7836872319880915,,,,,,,,,,,,
mmgnnwif7rgnag,q_forgetting,3,431.62851218515993,869.2570243703199,883.3555253908049,812.0,0.4907479816359559,3.5262920471537,,,0.1549136478641554,,,,,,,,,,,
mmgnnwif7rgnag,q_dynamic_alpha,4,437.5891509877749,883.1783019755499,901.9763033361966,812.0,,2.533935237878347,,,,0.3326722148509563,0.9661742471463513,0.9856154575398276,,,,,,,,
mmgnnwif7rgnag,q_phase_aware,5,433.4429678899935,876.885935779987,900.3834374807954,812.0,,2.580664973681874,,,,,,,0.6339954650975637,0.40030747979281,0.6823764765776335,0.788576262555732,,,,
mmgp4bc84vs4qt,q_learning,2,654.5164538283693,1313.0329076567386,1323.051725522156,1107.0,0.5011291692841893,2.280704597720681,,,,,,,,,,,,,,
mmgp4bc84vs4qt,q_dual_alpha,3,643.1904799325105,1292.380959865021,1307.4091866631468,1107.0,,2.137987840757043,0.844866822001802,0.3532339946900806,,,,,,,,,,,,
mmgp4bc84vs4qt,q_forgetting,3,658.1932873337305,1322.386574667461,1337.4148014655868,1107.0,0.4900179361606185,2.285426266964599,,,0.0066928509242848,,,,,,,,,,,
mmgp4bc84vs4qt,q_dynamic_alpha,4,653.7091023089902,1315.4182046179803,1335.455840348815,1107.0,,2.318612965229504,,,,0.3478240472380757,0.4918092178052465,0.9933071490757152,,,,,,,,
mmgp4bc84vs4qt,q_phase_aware,5,647.0315320243449,1304.0630640486895,1329.110108712233,1107.0,,4.878537832456369,,,,,,,0.0321909565263017,0.0066928509242848,0.4628174168754905,0.5480096573647188,,,,
mmgp4tj5hwk1cr,q_learning,2,582.1557458967807,1168.3114917935611,1178.068144730144,971.0,0.2854536950170142,2.604613256359535,,,,,,,,,,,,,,
mmgp4tj5hwk1cr,q_dual_alpha,3,574.9170348090856,1155.8340696181713,1170.4690490230453,971.0,,3.333699300971739,0.4026784623976762,0.1331029238330694,,,,,,,,,,,,
mmgp4tj5hwk1cr,q_forgetting,3,586.2746434722737,1178.5492869445477,1193.1842663494217,971.0,0.2739373360344306,2.6287745621723,,,0.0066928509242848,,,,,,,,,,,
mmgp4tj5hwk1cr,q_dynamic_alpha,4,582.1612446116951,1172.3224892233902,1191.8357950965556,971.0,,2.6026517591567786,,,,0.283175372444486,0.0066928509242848,0.8571038439744358,,,,,,,,
mmgp4tj5hwk1cr,q_phase_aware,5,578.6348409856342,1167.2696819712685,1191.6613143127252,971.0,,2.732337409859802,,,,,,,0.4210532945515852,0.1451770592276952,0.2979457847729296,0.2773429579573348,,,,
mmgp5kmoz5itw5,q_learning,2,142.0735581991074,288.1471163982148,295.5006240027513,292.0,0.6536598254830056,3.5584304691075297,,,,,,,,,,,,,,
mmgp5kmoz5itw5,q_dual_alpha,3,141.51221772535845,289.02443545071685,300.0546968575217,292.0,,2.7912071265062286,0.6244138833711083,0.8870518172159803,,,,,,,,,,,,
mmgp5kmoz5itw5,q_forgetting,3,85.83405698104374,177.6681139620875,188.6983753688924,292.0,0.5472796983794834,5.947334370004418,,,0.8781882915715722,,,,,,,,,,,
mmgp5kmoz5itw5,q_dynamic_alpha,4,139.71126244686806,287.4225248937361,302.12954010280924,292.0,,3.7804839716840224,,,,0.5036745079025517,0.9933071490757152,0.981911266766508,,,,,,,,
mmgp5kmoz5itw5,q_phase_aware,5,133.0320870388168,276.0641740776336,294.447943088975,292.0,,3.940529863399682,,,,,,,0.4522531439667058,0.5763399038315814,0.3682298748439162,0.9933071490757152,,,,
mmgp92mez7ni28,q_learning,2,639.7714904276436,1283.5429808552872,1293.6827291122042,1176.0,0.3069788775629048,4.635509651185594,,,,,,,,,,,,,,
mmgp92mez7ni28,q_dual_alpha,3,636.8950585077738,1279.7901170155476,1294.999739400923,1176.0,,3.692210594749019,0.4540890569378962,0.2572176567841396,,,,,,,,,,,,
mmgp92mez7ni28,q_forgetting,3,651.8202961710159,1309.6405923420318,1324.8502147274075,1176.0,0.294358418100492,4.569762136758153,,,0.0066928509242848,,,,,,,,,,,
mmgp92mez7ni28,q_dynamic_alpha,4,631.7121522457703,1271.4243044915406,1291.703801005375,1176.0,,5.142108802133249,,,,0.0066928509242848,0.8743224441451461,0.9909821497535868,,,,,,,,
mmgp92mez7ni28,q_phase_aware,5,630.8819846222437,1271.7639692444875,1297.1133398867803,1176.0,,4.822100603262733,,,,,,,0.366408736438435,0.2763957819608315,0.4028022311116164,0.2262550812205297,,,,
mmgp978syi159c,q_learning,2,604.0862193094788,1212.1724386189576,1221.9393637917838,976.0,0.423684969510776,1.8062499149415348,,,,,,,,,,,,,,
mmgp978syi159c,q_dual_alpha,3,601.2011334549416,1208.402266909883,1223.0526546691224,976.0,,2.018964182091026,0.2853673459817885,0.5828278729275322,,,,,,,,,,,,
mmgp978syi159c,q_forgetting,3,604.5385388495566,1215.0770776991133,1229.7274654583523,976.0,0.4171841625156815,1.8405482897883187,,,0.0066928509242848,,,,,,,,,,,
mmgp978syi159c,q_dynamic_alpha,4,602.845570205164,1213.691140410328,1233.2249907559803,976.0,,1.806457744841509,,,,0.1977577493898434,0.7203246740559754,0.9872806086389608,,,,,,,,
mmgp978syi159c,q_phase_aware,5,599.1311172115309,1208.2622344230615,1232.6795473551272,976.0,,1.8744842670240889,,,,,,,0.324642922914098,0.5188575678514123,0.3590020233113552,0.8030123708877225,,,,
mmgp9zmmm2qlbz,q_learning,2,629.5232217740422,1263.0464435480844,1272.928823658221,1034.0,0.4690789533906835,2.0049013787532948,,,,,,,,,,,,,,
mmgp9zmmm2qlbz,q_dual_alpha,3,629.4500863224565,1264.900172644913,1279.7237428101182,1034.0,,2.005014932520779,0.4941863442406406,0.4398490468880062,,,,,,,,,,,,
mmgp9zmmm2qlbz,q_forgetting,3,619.3124949636934,1244.6249899273869,1259.448560092592,1034.0,0.1635849573857225,5.3415051421389474,,,0.3483674183130691,,,,,,,,,,,
mmgp9zmmm2qlbz,q_dynamic_alpha,4,629.5485862706751,1267.09717254135,1286.8619327616236,1034.0,,2.004033285496313,,,,0.4669076260613624,0.0066928509242848,0.9518146475412228,,,,,,,,
mmgp9zmmm2qlbz,q_phase_aware,5,625.2612676606865,1260.522535321373,1285.2284855967148,1034.0,,2.0710037497440594,,,,,,,0.6043763202320919,0.4092788907718371,0.339518681739384,0.4460840963857134,,,,
mmgpaypnopkm1q,q_learning,2,393.9286814541846,791.8573629083692,801.4012340200484,873.0,0.5422342096583421,3.749697690628482,,,,,,,,,,,,,,
mmgpaypnopkm1q,q_dual_alpha,3,393.9177127742309,793.8354255484617,808.1512322159805,873.0,,3.735444429500436,0.5516575772930017,0.53257711627563,,,,,,,,,,,,
mmgpaypnopkm1q,q_forgetting,3,399.8369472255816,805.6738944511632,819.989701118682,873.0,0.5365437030843652,3.7373084770041993,,,0.0066928509242848,,,,,,,,,,,
mmgpaypnopkm1q,q_dynamic_alpha,4,393.950837426524,795.9016748530479,814.9894170764063,873.0,,3.749556776684952,,,,0.5398685813233618,0.0066928509242848,0.9786771398865932,,,,,,,,
mmgpaypnopkm1q,q_phase_aware,5,391.43453856970126,792.8690771394025,816.7287549186005,873.0,,3.765580116364327,,,,,,,0.6337312585666279,0.5153957392256342,0.469499012445399,0.62651167964024,,,,
mmgpciu4e2yunz,q_learning,2,430.27492892806646,864.5498578561329,874.3951456390847,1015.0,0.4539274555977238,4.942289551321868,,,,,,,,,,,,,,
mmgpciu4e2yunz,q_dual_alpha,3,427.364036656576,860.728073313152,875.4960049875797,1015.0,,6.3751846742661575,0.31588092510043,0.5197513284731561,,,,,,,,,,,,
mmgpciu4e2yunz,q_forgetting,3,442.0025400301178,890.0050800602357,904.7730117346634,1015.0,0.4405776438165336,4.848391486627144,,,0.0066928509242848,,,,,,,,,,,
mmgpciu4e2yunz,q_dynamic_alpha,4,424.4180939290578,856.8361878581156,876.5267634240192,1015.0,,5.035713692001124,,,,0.2866215346598538,0.4391636020103779,0.0066928509242848,,,,,,,,
mmgpciu4e2yunz,q_phase_aware,5,428.0967993904114,866.1935987808229,890.8068182382023,1015.0,,5.008637424848258,,,,,,,0.3967221793366343,0.4532336127288217,0.5254473532010456,0.4262520781987119,,,,
mmgpgi4g1jzpv2,q_learning,2,653.9898618654831,1311.9797237309665,1321.8289485230634,1017.0,0.6153068790619013,1.2707736596478842,,,,,,,,,,,,,,
mmgpgi4g1jzpv2,q_dual_alpha,3,646.8146884834098,1299.6293769668196,1314.403214154965,1017.0,,1.290609260982271,0.9933071490757152,0.3778618248079045,,,,,,,,,,,,
mmgpgi4g1jzpv2,q_forgetting,3,654.5768496605588,1315.1536993211175,1329.9275365092633,1017.0,0.6029433362969606,1.3054662411456497,,,0.0066928509242848,,,,,,,,,,,
mmgpgi4g1jzpv2,q_dynamic_alpha,4,653.943346080194,1315.886692160388,1335.5851417445824,1017.0,,1.271619223388304,,,,0.5554974129775794,0.24370567361499,0.9933071490757152,,,,,,,,
mmgpgi4g1jzpv2,q_phase_aware,5,590.5024719781484,1191.0049439562968,1215.6280059365397,1017.0,,3.430106552264265,,,,,,,0.4846113262657225,0.0066928509242848,0.61996600305306,0.4235608542607327,,,,
mmgpiq4ct3r8s1,q_learning,2,506.5432046726497,1017.0864093452994,1026.576882044268,850.0,0.3713221583815086,2.444297227258679,,,,,,,,,,,,,,
mmgpiq4ct3r8s1,q_dual_alpha,3,498.79599265201045,1003.5919853040208,1017.827694352474,850.0,,3.294978005403525,0.1568132581302027,0.4503083794623796,,,,,,,,,,,,
mmgpiq4ct3r8s1,q_forgetting,3,510.288108123877,1026.576216247754,1040.8119252962072,850.0,0.3545604516226154,2.489911795464842,,,0.0066928509242848,,,,,,,,,,,
mmgpiq4ct3r8s1,q_dynamic_alpha,4,506.556074829963,1021.112149659926,1040.0930950578634,850.0,,2.4434801625885134,,,,0.370006312344266,0.0066928509242848,0.9933071490757152,,,,,,,,
mmgpiq4ct3r8s1,q_phase_aware,5,500.7259274162348,1011.4518548324696,1035.178036579891,850.0,,2.478807011633444,,,,,,,0.4487843503134674,0.2135635618753741,0.6247226005460212,0.3748760717355788,,,,
mmgpqa16u4u07b,q_learning,2,530.7505777483691,1065.5011554967382,1075.2884682059434,986.0,0.4861036080133765,2.766011876371272,,,,,,,,,,,,,,
mmgpqa16u4u07b,q_dual_alpha,3,529.6219651411947,1065.243930282389,1079.9248993461972,986.0,,2.559530805154656,0.8245731768503476,0.297487742819916,,,,,,,,,,,,
mmgpqa16u4u07b,q_forgetting,3,537.4265340890125,1080.853068178025,1095.534037241833,986.0,0.4781997686935521,2.7472792438449494,,,0.0066928509242848,,,,,,,,,,,
mmgpqa16u4u07b,q_dynamic_alpha,4,530.7715216463154,1069.5430432926307,1089.1176687110412,986.0,,2.765983454341659,,,,0.4842002063650114,0.0066928509242848,0.9933071490757152,,,,,,,,
mmgpqa16u4u07b,q_phase_aware,5,529.6327067575684,1069.2654135151367,1093.73369528815,986.0,,2.804263306317993,,,,,,,0.4419390030718685,0.5518955209083773,0.4792507528739481,0.4293471202504778,,,,
mmgpy8l4xh9nto,q_learning,2,740.079269425501,1484.158538851002,1494.161030095141,1098.0,0.4105966411816217,0.7666827271318623,,,,,,,,,,,,,,
mmgpy8l4xh9nto,q_dual_alpha,3,739.6788598774709,1485.357719754942,1500.3614566211502,1098.0,,0.875880223143679,0.2687953375611144,0.513229633905254,,,,,,,,,,,,
mmgpy8l4xh9nto,q_forgetting,3,728.5159134659084,1463.0318269318168,1478.0355637980251,1098.0,0.0682523736267722,5.78571408803637,,,0.5265873666681045,,,,,,,,,,,
mmgpy8l4xh9nto,q_dynamic_alpha,4,740.0684633296626,1488.1369266593251,1508.141909147603,1098.0,,0.7679866858731358,,,,0.33566340312055,0.2939117911421013,0.9933071490757152,,,,,,,,
mmgpy8l4xh9nto,q_phase_aware,5,736.4318178208007,1482.8636356416014,1507.8698637519487,1098.0,,1.3364928344461902,,,,,,,0.0066928509242848,0.0066928509242848,0.3059731388250381,0.5392167227086908,,,,
mmgq3qouddjc6z,q_learning,2,629.7537872279269,1263.5075744558535,1273.6078194963918,1153.0,0.3831187075644497,4.644191143244071,,,,,,,,,,,,,,
mmgq3qouddjc6z,q_dual_alpha,3,628.9507548755066,1263.9015097510132,1279.0518773118204,1153.0,,5.635304406637848,0.2937062292018034,0.422087812378828,,,,,,,,,,,,
mmgq3qouddjc6z,q_forgetting,3,629.6868080660623,1265.3736161321249,1280.5239836929318,1153.0,0.3685138358554231,4.8544761214735255,,,0.0066928509242848,,,,,,,,,,,
mmgq3qouddjc6z,q_dynamic_alpha,4,627.976411641044,1263.952823282088,1284.1533133631642,1153.0,,4.754526540084351,,,,0.2389063606675494,0.4407086597621347,0.9908686234778956,,,,,,,,
mmgq3qouddjc6z,q_phase_aware,5,625.9314748235689,1261.8629496471378,1287.113562248483,1153.0,,4.734394738559129,,,,,,,0.3902538757860376,0.4764063179238897,0.3357183682951365,0.2703862109359061,,,,
mmgqyc7ozjls4u,q_learning,2,658.9386828198147,1321.8773656396295,1331.7422614227746,1025.0,0.579867654350346,1.3102901323347624,,,,,,,,,,,,,,
mmgqyc7ozjls4u,q_dual_alpha,3,653.4108282551458,1312.8216565102916,1327.619000185009,1025.0,,1.537872294819752,0.3643268975922622,0.8984550580683549,,,,,,,,,,,,
mmgqyc7ozjls4u,q_forgetting,3,659.361593513691,1324.723187027382,1339.5205307020994,1025.0,0.575060029254269,1.3247115642448573,,,0.0066928509242848,,,,,,,,,,,
mmgqyc7ozjls4u,q_dynamic_alpha,4,658.9451509502723,1325.8903019005445,1345.6200934668343,1025.0,,1.3102118159836735,,,,0.5778443918754794,0.0066928509242848,0.96856464356605,,,,,,,,
mmgqyc7ozjls4u,q_phase_aware,5,657.8151048971089,1325.6302097942178,1350.2924492520804,1025.0,,1.326674844212521,,,,,,,0.6738551574840488,0.4889378689667132,0.5311822646276403,0.6682099805265714,,,,
mmgr4s188ypj5i,q_learning,2,547.3147494856595,1098.629498971319,1108.4767562275958,1016.0,0.3657125338411731,3.3626401915847466,,,,,,,,,,,,,,
mmgr4s188ypj5i,q_dual_alpha,3,547.1356146290631,1100.271229258126,1115.0421151425414,1016.0,,3.4353594548408144,0.3446343577143164,0.3988383352657614,,,,,,,,,,,,
mmgr4s188ypj5i,q_forgetting,3,553.6740217007821,1113.3480434015642,1128.1189292859794,1016.0,0.3525143515493998,3.3810798873691046,,,0.0066928509242848,,,,,,,,,,,
mmgr4s188ypj5i,q_dynamic_alpha,4,546.9949335222691,1101.9898670445382,1121.684381557092,1016.0,,3.380987953143466,,,,0.2487837129594179,0.3226791538706017,0.9765120349178223,,,,,,,,
mmgr4s188ypj5i,q_phase_aware,5,542.4795021457139,1094.9590042914278,1119.57714743212,1016.0,,3.4859110866205216,,,,,,,0.4429591368285743,0.3698138497668433,0.3621030459649675,0.1982233386847289,,,,
mmgr4wtlfg07a6,q_learning,2,609.9607615225941,1223.9215230451882,1233.647038871291,956.0,0.4834619101222664,1.4992813767534865,,,,,,,,,,,,,,
mmgr4wtlfg07a6,q_dual_alpha,3,609.9550327459503,1225.9100654919007,1240.4983392310548,956.0,,1.4948949551318536,0.475458865775514,0.4936572296679317,,,,,,,,,,,,
mmgr4wtlfg07a6,q_forgetting,3,610.4902150952748,1226.9804301905497,1241.5687039297038,956.0,0.4768220056212747,1.5222572560541807,,,0.0066928509242848,,,,,,,,,,,
mmgr4wtlfg07a6,q_dynamic_alpha,4,608.1683989706568,1224.3367979413135,1243.787829593519,956.0,,1.5513776555924594,,,,0.2467235456914527,0.9933071490757152,0.9933071490757152,,,,,,,,
mmgr4wtlfg07a6,q_phase_aware,5,605.4578702667648,1220.9157405335295,1245.2295300987864,956.0,,1.6426416751484771,,,,,,,0.0448222829545812,0.4507389610948195,0.5329796023811049,0.622140860833706,,,,
mmgr8c41csnx7y,q_learning,2,433.37566026134806,870.7513205226961,879.8043102418377,683.0,0.0107597028530126,7.556118198758123,,,,,,,,,,,,,,
mmgr8c41csnx7y,q_dual_alpha,3,423.9773551423155,853.954710284631,867.5341948633434,683.0,,9.446064622297277,0.0397467987415769,0.0066928509242848,,,,,,,,,,,,
mmgr8c41csnx7y,q_forgetting,3,376.7819863126291,759.5639726252582,773.1434572039706,683.0,0.0066928509242848,82.52786768002092,,,0.9933071490757152,,,,,,,,,,,
mmgr8c41csnx7y,q_dynamic_alpha,4,434.1085407221989,876.2170814443979,894.323060882681,683.0,,6.726480302339983,,,,0.0088909795923226,0.0066928509242848,0.9258151018628772,,,,,,,,
mmgr8c41csnx7y,q_phase_aware,5,431.9350170868794,873.8700341737588,896.5025084716127,683.0,,3.3010501516914825,,,,,,,0.01665364286993,0.0630381547887645,0.0380337962483343,0.2131986183642533,,,,
mmh0l2c7syhpy7,q_learning,2,659.7555492722636,1323.5110985445272,1333.3798929643842,1027.0,0.5101646214088673,1.401673134594413,,,,,,,,,,,,,,
mmh0l2c7syhpy7,q_dual_alpha,3,659.0424938954305,1324.084987790861,1338.8881794206468,1027.0,,1.501944684648001,0.3917985752060289,0.6109038833921661,,,,,,,,,,,,
mmh0l2c7syhpy7,q_forgetting,3,661.554130436259,1329.108260872518,1343.9114525023035,1027.0,0.5013534759556779,1.403921405118062,,,0.0066928509242848,,,,,,,,,,,
mmh0l2c7syhpy7,q_dynamic_alpha,4,657.7115004557589,1323.423000911518,1343.160589751232,1027.0,,1.3701539173411332,,,,0.1673228838008711,0.9933071490757152,0.9119974459949648,,,,,,,,
mmh0l2c7syhpy7,q_phase_aware,5,659.4682620969562,1328.9365241939124,1353.6085102435552,1027.0,,1.4052661683953225,,,,,,,0.5542322355421373,0.4497310674878046,0.5380663604797256,0.495511790581222,,,,
mmh0l48d4j1y4y,q_learning,2,586.0038958453055,1176.007791690611,1185.5585238724836,876.0,0.2425653355685811,1.0274083130585712,,,,,,,,,,,,,,
mmh0l48d4j1y4y,q_dual_alpha,3,582.4116708314161,1170.8233416628325,1185.149439935641,876.0,,1.2099617443913842,0.5505306060529814,0.1632903314426657,,,,,,,,,,,,
mmh0l48d4j1y4y,q_forgetting,3,586.681704393612,1179.363408787224,1193.689507060033,876.0,0.2254463824921649,1.0553631909905246,,,0.0066928509242848,,,,,,,,,,,
mmh0l48d4j1y4y,q_dynamic_alpha,4,584.2839333235775,1176.567866647155,1195.6693310109006,876.0,,1.0494734589769574,,,,0.0792750850647369,0.5443283769405792,0.0066928509242848,,,,,,,,
mmh0l48d4j1y4y,q_phase_aware,5,581.7746656047415,1173.549331209483,1197.426161664165,876.0,,1.2068564549543332,,,,,,,0.0066928509242848,0.1058178569603147,0.2106418364658304,0.5277117673663116,,,,
mmh0le5hn8utpd,q_learning,2,539.998026992665,1083.99605398533,1093.7995283986431,994.0,0.4640645100021719,2.8503835921197136,,,,,,,,,,,,,,
mmh0le5hn8utpd,q_dual_alpha,3,539.9555312372452,1085.9110624744903,1100.61627409446,994.0,,2.845572754184472,0.4782752879726717,0.4494516816040003,,,,,,,,,,,,
mmh0le5hn8utpd,q_forgetting,3,540.7154478655951,1087.4308957311905,1102.13610735116,994.0,0.4563544756957994,2.9170938233753825,,,0.0066928509242848,,,,,,,,,,,
mmh0le5hn8utpd,q_dynamic_alpha,4,540.0210456197306,1088.0420912394611,1107.6490400660873,994.0,,2.8492017932543194,,,,0.461696819696451,0.0066928509242848,0.9523746199406468,,,,,,,,
mmh0le5hn8utpd,q_phase_aware,5,538.1152442029775,1086.230488405955,1110.7391744392378,994.0,,2.8056437676941965,,,,,,,0.5613063076236844,0.4085070449261238,0.4683106177854289,0.4203909636518261,,,,
mmh0lgop76n6ez,q_learning,2,579.394902715386,1162.789805430772,1172.405675318172,905.0,0.4544330764189793,1.5265287072386602,,,,,,,,,,,,,,
mmh0lgop76n6ez,q_dual_alpha,3,579.3942178141904,1164.7884356283807,1179.2122404594804,905.0,,1.5232609872600964,0.4528608031880046,0.458406354831658,,,,,,,,,,,,
mmh0lgop76n6ez,q_forgetting,3,579.7778172777113,1165.5556345554226,1179.9794393865222,905.0,0.4521151001606309,1.546167430634651,,,0.0066928509242848,,,,,,,,,,,
mmh0lgop76n6ez,q_dynamic_alpha,4,579.3923966650984,1166.7847933301969,1186.0165331049966,905.0,,1.5258004777276044,,,,0.4441607623514386,0.0332519497696003,0.908233945284288,,,,,,,,
mmh0lgop76n6ez,q_phase_aware,5,578.0517509875033,1166.1035019750066,1190.143176693506,905.0,,2.1840934959973093,,,,,,,0.0131965815460442,0.0190704259484306,0.4539314207898269,0.3208477764380386,,,,
mmh0lku3ip54e4,q_learning,2,642.7137787425481,1289.4275574850965,1299.2450670437267,1001.0,0.4794079151902347,1.5780084686239124,,,,,,,,,,,,,,
mmh0lku3ip54e4,q_dual_alpha,3,641.9377739997673,1289.8755479995343,1304.6018123374802,1001.0,,1.6070183977236108,0.4268603365770659,0.557091707505179,,,,,,,,,,,,
mmh0lku3ip54e4,q_forgetting,3,642.7279904813334,1291.455980962667,1306.1822453006123,1001.0,0.4809411591199544,1.5959004392650358,,,0.0066928509242848,,,,,,,,,,,
mmh0lku3ip54e4,q_dynamic_alpha,4,642.7323865368554,1293.4647730737108,1313.0997921909718,1001.0,,1.5778597016622786,,,,0.4773370821346209,0.0066928509242848,0.9933071490757152,,,,,,,,
mmh0lku3ip54e4,q_phase_aware,5,638.558081343603,1287.116162687206,1311.6599365837822,1001.0,,1.637608956428021,,,,,,,0.6743795566917233,0.4649006709078836,0.2970970296099921,0.7215169115419717,,,,
mmh0lpcdm9wdcu,q_learning,2,60.013813486044,124.027626972088,131.74349328105492,350.0,0.7869359226212078,5.576961166753838,,,,,,,,,,,,,,
mmh0lpcdm9wdcu,q_dual_alpha,3,59.8712098206534,125.7424196413068,137.31621910475718,350.0,,6.259300804925208,0.4648886516494745,0.7711360326072311,,,,,,,,,,,,
mmh0lpcdm9wdcu,q_forgetting,3,60.69277433272516,127.38554866545032,138.9593481289007,350.0,0.723535952542454,6.258201579443394,,,0.0066928509242848,,,,,,,,,,,
mmh0lpcdm9wdcu,q_dynamic_alpha,4,58.6789037733023,125.3578075466046,140.78954016453844,350.0,,6.376865543965922,,,,0.5851709812190281,0.9933071490757152,0.9886684324878384,,,,,,,,
mmh0lpcdm9wdcu,q_phase_aware,5,57.26553386047073,124.53106772094146,143.82073349335877,350.0,,5.673966158787141,,,,,,,0.6223307311564463,0.9933071490757152,0.97028864268353,0.6955321834101886,,,,
mmh0m3latwun95,q_learning,2,564.0364793820579,1132.0729587641158,1141.9765030929136,1045.0,0.4139578920031733,3.079514899872734,,,,,,,,,,,,,,
mmh0m3latwun95,q_dual_alpha,3,563.9848152400715,1133.969630480143,1148.8249469733398,1045.0,,3.0289860128636232,0.4306671469337307,0.4028264047905768,,,,,,,,,,,,
mmh0m3latwun95,q_forgetting,3,567.6991748117854,1141.3983496235708,1156.2536661167676,1045.0,0.4051634090970278,3.12623010504671,,,0.0066928509242848,,,,,,,,,,,
mmh0m3latwun95,q_dynamic_alpha,4,562.8302235840716,1133.6604471681433,1153.4675358257389,1045.0,,3.115627073663657,,,,0.2551872615631524,0.4481244841246681,0.9933071490757152,,,,,,,,
mmh0m3latwun95,q_phase_aware,5,558.9903517305667,1127.980703461133,1152.739564283128,1045.0,,3.186765630897578,,,,,,,0.2947539089548507,0.4032895542405197,0.4696328177021198,0.5626404605072085,,,,
mmh0mm0schxk59,q_learning,2,651.0680426072489,1306.1360852144978,1315.9575867904216,1003.0,0.3363086949679056,1.83064396777324,,,,,,,,,,,,,,
mmh0mm0schxk59,q_dual_alpha,3,650.9205838443314,1307.8411676886628,1322.5734200525487,1003.0,,1.7919677175134696,0.3666329021335612,0.3166930382626808,,,,,,,,,,,,
mmh0mm0schxk59,q_forgetting,3,651.8481227623719,1309.6962455247435,1324.4284978886296,1003.0,0.3326541972245351,1.856894113864381,,,0.0066928509242848,,,,,,,,,,,
mmh0mm0schxk59,q_dynamic_alpha,4,649.9050492056731,1307.8100984113462,1327.453101563194,1003.0,,2.066850726934262,,,,0.0066928509242848,0.9933071490757152,0.9933071490757152,,,,,,,,
mmh0mm0schxk59,q_phase_aware,5,646.725261270566,1303.450522541132,1328.0042764809416,1003.0,,2.3333993340189987,,,,,,,0.2603849845483275,0.0880851161614723,0.3729207623819469,0.0610773246317607,,,,
mmh0mmptqfyu87,q_learning,2,336.1121521832758,676.2243043665516,684.6293754009274,494.0,0.4946425642321485,1.521443762934915,,,,,,,,,,,,,,
mmh0mmptqfyu87,q_dual_alpha,3,335.78213751941365,677.5642750388273,690.1718815903911,494.0,,0.8981332189407795,0.4042857905854376,0.9712504282821942,,,,,,,,,,,,
mmh0mmptqfyu87,q_forgetting,3,336.4636850534023,678.9273701068046,691.5349766583684,494.0,0.5354249203983176,1.4018126909027515,,,0.0066928509242848,,,,,,,,,,,
mmh0mmptqfyu87,q_dynamic_alpha,4,336.11393430420384,680.2278686084077,697.0380106771594,494.0,,1.5212348372272309,,,,0.4941864618657272,0.0066928509242848,0.9933071490757152,,,,,,,,
mmh0mmptqfyu87,q_phase_aware,5,333.9385999226772,677.8771998453543,698.8898774312939,494.0,,1.6309290023845495,,,,,,,0.9933071490757152,0.7037439064392249,0.4322190225772035,0.3334776785853144,,,,
mmh0nnjg95y0zn,q_learning,2,751.8548804570597,1507.7097609141194,1517.9409251664883,1231.0,0.514374984208401,2.3382295548766097,,,,,,,,,,,,,,
mmh0nnjg95y0zn,q_dual_alpha,3,749.1314305613422,1504.2628611226844,1519.609607501238,1231.0,,1.9534306372487176,0.7167906501205876,0.4413367027527029,,,,,,,,,,,,
mmh0nnjg95y0zn,q_forgetting,3,756.7878615156011,1519.5757230312022,1534.9224694097556,1231.0,0.5032124027919955,2.3168192931165827,,,0.0066928509242848,,,,,,,,,,,
mmh0nnjg95y0zn,q_dynamic_alpha,4,750.3487152635913,1508.6974305271826,1529.1597590319204,1231.0,,2.417705693178521,,,,0.1872855623499399,0.9933071490757152,0.9835498275517368,,,,,,,,
mmh0nnjg95y0zn,q_phase_aware,5,746.4263724884565,1502.852744976913,1528.4306556078354,1231.0,,2.39938643404912,,,,,,,0.6923991712286679,0.4687874913081165,0.5144070460653208,0.3400256892311694,,,,
mmh0ocgvf4p325,q_learning,2,494.5895981351725,993.1791962703452,1002.9746061566024,990.0,0.3267822127180491,3.969240783572695,,,,,,,,,,,,,,
mmh0ocgvf4p325,q_dual_alpha,3,494.4723003530596,994.9446007061192,1009.6377155355052,990.0,,3.900323779687947,0.3518415952623517,0.3021777136045053,,,,,,,,,,,,
mmh0ocgvf4p325,q_forgetting,3,499.1599625970754,1004.3199251941508,1019.0130400235366,990.0,0.3133098509944218,4.080302959173629,,,0.0066928509242848,,,,,,,,,,,
mmh0ocgvf4p325,q_dynamic_alpha,4,491.70627372175227,991.4125474435044,1011.0033672160192,990.0,,3.761057004808356,,,,0.2241444058755717,0.2543953968646682,0.0066928509242848,,,,,,,,
mmh0ocgvf4p325,q_phase_aware,5,491.7028445567366,993.4056891134732,1017.8942138291164,990.0,,4.058383188569035,,,,,,,0.2287282663523607,0.3323458287828846,0.3647988228474021,0.3656014940890555,,,,
mmh0opq734nw1a,q_learning,2,464.1474910879964,932.2949821759928,941.9393769572338,918.0,0.2648186842884207,3.8988109452406094,,,,,,,,,,,,,,
mmh0opq734nw1a,q_dual_alpha,3,459.5966805571506,925.1933611143012,939.6599532861628,918.0,,3.967124104344695,0.3722485024072007,0.172623034447475,,,,,,,,,,,,
mmh0opq734nw1a,q_forgetting,3,467.5532186938963,941.1064373877928,955.5730295596542,918.0,0.2516863667043547,4.048097965675469,,,0.0066928509242848,,,,,,,,,,,
mmh0opq734nw1a,q_dynamic_alpha,4,460.7648706316498,929.5297412632996,948.8185308257816,918.0,,3.9826191481446265,,,,0.0214124878387881,0.6442343817560942,0.9837365479699428,,,,,,,,
mmh0opq734nw1a,q_phase_aware,5,463.7597147505889,937.5194295011778,961.6304164542804,918.0,,3.894490048989896,,,,,,,0.2558239602620942,0.268935701321414,0.2842984069471372,0.2317937758665192,,,,
mmh0ozswma6i3j,q_learning,2,522.19188575479,1048.38377150958,1058.2251145180774,1013.0,0.3790526622710026,3.659173987834218,,,,,,,,,,,,,,
mmh0ozswma6i3j,q_dual_alpha,3,515.378340265121,1036.756680530242,1051.518695042988,1013.0,,3.1447801917905807,0.6066433340083734,0.2638473583432144,,,,,,,,,,,,
mmh0ozswma6i3j,q_forgetting,3,532.853461364939,1071.706922729878,1086.468937242624,1013.0,0.3679511359295726,3.6162351801435295,,,0.0066928509242848,,,,,,,,,,,
mmh0ozswma6i3j,q_dynamic_alpha,4,522.1677370354408,1052.3354740708817,1072.0181600878764,1013.0,,3.662864174272242,,,,0.3596923421698061,0.0544957563139039,0.9856970775635412,,,,,,,,
mmh0ozswma6i3j,q_phase_aware,5,518.844577188325,1047.68915437665,1072.2925118978935,1013.0,,3.769217915104235,,,,,,,0.3560385880298857,0.4516930950705827,0.3166943470683611,0.3392477766127811,,,,
mmh0pa4lgnz2nd,q_learning,2,540.4897409166755,1084.979481833351,1094.5731292699006,895.0,0.4795040355676035,1.834964052397235,,,,,,,,,,,,,,
mmh0pa4lgnz2nd,q_dual_alpha,3,539.8071770597082,1085.6143541194165,1100.004825274241,895.0,,1.7982472534802183,0.4119497283256406,0.5624639143502068,,,,,,,,,,,,
mmh0pa4lgnz2nd,q_forgetting,3,535.0851490351798,1076.1702980703596,1090.5607692251842,895.0,0.392388163275515,2.6355918102068205,,,0.1453304101959084,,,,,,,,,,,
mmh0pa4lgnz2nd,q_dynamic_alpha,4,540.5057981886515,1089.011596377303,1108.1988912504023,895.0,,1.8347080181087632,,,,0.4779915741538293,0.0066928509242848,0.9933071490757152,,,,,,,,
mmh0pa4lgnz2nd,q_phase_aware,5,538.9617950546678,1087.9235901093357,1111.90770870071,895.0,,1.857052755782515,,,,,,,0.4997607739162553,0.5518874541687837,0.4587958656270109,0.3091601954577071,,,,
mmh0pj6zqdvwmg,q_learning,2,718.3673341618191,1440.7346683236383,1450.9820138940474,1241.0,0.3496797166080329,3.0522487827441287,,,,,,,,,,,,,,
mmh0pj6zqdvwmg,q_dual_alpha,3,708.3411374914117,1422.6822749828234,1438.0532933384372,1241.0,,6.643269388270416,0.1338075954185339,0.461872745725681,,,,,,,,,,,,
mmh0pj6zqdvwmg,q_forgetting,3,727.4949351780166,1460.9898703560332,1476.360888711647,1241.0,0.3379204495411481,3.002679801175338,,,0.0066928509242848,,,,,,,,,,,
mmh0pj6zqdvwmg,q_dynamic_alpha,4,701.8398811609868,1411.6797623219736,1432.174453462792,1241.0,,3.341296604433897,,,,0.1293997208539688,0.5843912841255422,0.1519842745839204,,,,,,,,
mmh0pj6zqdvwmg,q_phase_aware,5,708.7725770053823,1427.5451540107647,1453.1635179367877,1241.0,,3.2523917327447016,,,,,,,0.3319920772112016,0.5494794605455566,0.3222448135268841,0.2192415910245861,,,,
mmh0pjhqfbciu8,q_learning,2,312.4522721619987,628.9045443239974,638.09610535192,732.0,0.7501579144282918,3.5315881374733946,,,,,,,,,,,,,,
mmh0pjhqfbciu8,q_dual_alpha,3,297.9489368170613,601.8978736341226,615.6852151760065,732.0,,4.650188121654169,0.3400587254564022,0.9933071490757152,,,,,,,,,,,,
mmh0pjhqfbciu8,q_forgetting,3,311.4605653426163,628.9211306852326,642.7084722271165,732.0,0.7355017307485467,3.762775784572428,,,0.0247527064107371,,,,,,,,,,,
mmh0pjhqfbciu8,q_dynamic_alpha,4,312.4711635647228,632.9423271294456,651.3254491852908,732.0,,3.5311259493819307,,,,0.748228823182593,0.0066928509242848,0.9716564401411858,,,,,,,,
mmh0pjhqfbciu8,q_phase_aware,5,308.16450326953475,626.3290065390695,649.3079091088761,732.0,,3.576358190079279,,,,,,,0.9933071490757152,0.6799403142130594,0.7294055206125443,0.6415770291072931,,,,
mmh0puch6r88f0,q_learning,2,465.4212982740037,934.8425965480074,944.4295288131674,892.0,0.5836340386212088,3.1232291226681306,,,,,,,,,,,,,,
mmh0puch6r88f0,q_dual_alpha,3,447.6370276824547,901.2740553649094,915.6544537626494,892.0,,3.727181706575664,0.2242541153527733,0.875744016343736,,,,,,,,,,,,
mmh0puch6r88f0,q_forgetting,3,465.1897714368607,936.3795428737214,950.7599412714616,892.0,0.5647291640154499,3.266437977070819,,,0.0165789969450053,,,,,,,,,,,
mmh0puch6r88f0,q_dynamic_alpha,4,464.91083657402527,937.8216731480504,956.9955376783706,892.0,,3.0952639022729,,,,0.4318931725593828,0.585507453306877,0.962519883582332,,,,,,,,
mmh0puch6r88f0,q_phase_aware,5,454.3848955777286,918.7697911554573,942.7371218183572,892.0,,3.9989653582396216,,,,,,,0.5521846289695593,0.517206288369833,0.5059486091634102,0.0089332620850393,,,,
mmh0r154h7irg3,q_learning,2,629.0028833325371,1262.005766665074,1272.147214879595,1177.0,0.3874443541191664,3.487287856522152,,,,,,,,,,,,,,
mmh0r154h7irg3,q_dual_alpha,3,611.8166106724441,1229.6332213448882,1244.845393666669,1177.0,,3.038008014780884,0.7591020298741963,0.2222347229203395,,,,,,,,,,,,
mmh0r154h7irg3,q_forgetting,3,643.1299216968802,1292.2598433937603,1307.4720157155411,1177.0,0.3760269782278503,3.384113269812549,,,0.0066928509242848,,,,,,,,,,,
mmh0r154h7irg3,q_dynamic_alpha,4,609.8265403405399,1227.6530806810797,1247.9359771101208,1177.0,,4.011963818810825,,,,0.046457300310025,0.9933071490757152,0.991685126410916,,,,,,,,
mmh0r154h7irg3,q_phase_aware,5,619.1551590623861,1248.3103181247725,1273.6639386610736,1177.0,,3.9889883035944544,,,,,,,0.2069421177518279,0.5109381647575325,0.4054345362001881,0.2713046210889878,,,,
mmh0r34rqnesgg,q_learning,2,375.8476877474961,755.6953754949922,765.3397702762331,918.0,0.6166098243757164,4.713648806932328,,,,,,,,,,,,,,
mmh0r34rqnesgg,q_dual_alpha,3,360.8653274029653,727.7306548059306,742.1972469777921,918.0,,6.620572735109026,0.295336011097158,0.8550612075910046,,,,,,,,,,,,
mmh0r34rqnesgg,q_forgetting,3,368.0729182253086,742.1458364506173,756.6124286224788,918.0,0.5725686822436326,5.546082027606579,,,0.0503654625980148,,,,,,,,,,,
mmh0r34rqnesgg,q_dynamic_alpha,4,371.8084614758239,751.6169229516478,770.9057125141297,918.0,,4.842982716119537,,,,0.340676929438816,0.8675168753033232,0.9793539950305168,,,,,,,,
mmh0r34rqnesgg,q_phase_aware,5,372.0105727546445,754.0211455092889,778.1321324623914,918.0,,4.923703741417175,,,,,,,0.5823882318855612,0.6278411697467975,0.6691362837427344,0.3208149226148798,,,,
mmh0rqn6g1cadb,q_learning,2,365.42833756161593,734.8566751232319,743.8198293817848,653.0,0.769853588708437,2.333163797288035,,,,,,,,,,,,,,
mmh0rqn6g1cadb,q_dual_alpha,3,362.191297586154,730.3825951723079,743.8273265601372,653.0,,2.036656924823015,0.6682417070012613,0.9933071490757152,,,,,,,,,,,,
mmh0rqn6g1cadb,q_forgetting,3,319.47874748964176,644.9574949792835,658.4022263671128,653.0,0.7261958770984908,3.461985610928898,,,0.7256660098082454,,,,,,,,,,,
mmh0rqn6g1cadb,q_dynamic_alpha,4,365.4434050481602,738.8868100963203,756.813118613426,653.0,,2.332987747407987,,,,0.768505669177731,0.0066928509242848,0.9773842814718744,,,,,,,,
mmh0rqn6g1cadb,q_phase_aware,5,361.4682202044368,732.9364404088735,755.3443260552557,653.0,,2.3710385861948886,,,,,,,0.9721425948173362,0.7176431626653828,0.605099732594293,0.7013021693079488,,,,
mmh0tro0khha5x,q_learning,2,570.1995501303832,1144.3991002607663,1154.1120242299555,950.0,0.3608378452846896,2.486977676080864,,,,,,,,,,,,,,
mmh0tro0khha5x,q_dual_alpha,3,570.194572479195,1146.38914495839,1160.9585309121735,950.0,,2.48413125502686,0.3657064950196759,0.3566791968210263,,,,,,,,,,,,
mmh0tro0khha5x,q_forgetting,3,570.7215296650284,1147.4430593300567,1162.0124452838404,950.0,0.3506560009208323,2.5653837357485845,,,0.0066928509242848,,,,,,,,,,,
mmh0tro0khha5x,q_dynamic_alpha,4,563.4860981063732,1134.9721962127464,1154.3980441511249,950.0,,2.734810727758343,,,,0.0066928509242848,0.9933071490757152,0.9933071490757152,,,,,,,,
mmh0tro0khha5x,q_phase_aware,5,563.6451119872797,1137.2902239745597,1161.5725338975324,950.0,,2.784603415895551,,,,,,,0.1030416117484691,0.3105756706333309,0.4419456242331026,0.3237437135636543,,,,
mmh0uacrkmrg83,q_learning,2,323.1747155546933,650.3494311093866,659.5023702474831,718.0,0.3806228517704985,4.8002307823245225,,,,,,,,,,,,,,
mmh0uacrkmrg83,q_dual_alpha,3,287.92708413543767,581.8541682708753,595.58357697802,718.0,,7.882852490265229,0.1221904733695986,0.8273250139534121,,,,,,,,,,,,
mmh0uacrkmrg83,q_forgetting,3,314.9648179660183,635.9296359320366,649.6590446391813,718.0,0.3715196454758546,5.252851710995809,,,0.0654875197624016,,,,,,,,,,,
mmh0uacrkmrg83,q_dynamic_alpha,4,323.2012574495689,654.4025148991378,672.7083931753307,718.0,,4.799432671412895,,,,0.3788226313376702,0.0066928509242848,0.9696140507911442,,,,,,,,
mmh0uacrkmrg83,q_phase_aware,5,310.9408739947723,631.8817479895446,654.7640958347857,718.0,,4.969810012025643,,,,,,,0.5696329762422707,0.3373309198295445,0.3945999454255126,0.0977348251612035,,,,
mmh0ueb9o9dis7,q_learning,2,522.026655537843,1048.053311075686,1057.3718989150532,780.0,0.6883188176887204,0.7953766681539224,,,,,,,,,,,,,,
mmh0ueb9o9dis7,q_dual_alpha,3,518.8984810446807,1043.7969620893614,1057.7748438484125,780.0,,0.9895105083851404,0.9933071490757152,0.4261192284030761,,,,,,,,,,,,
mmh0ueb9o9dis7,q_forgetting,3,518.9314674529677,1043.8629349059354,1057.8408166649865,780.0,0.2684245327222185,1.8729292733494176,,,0.9710301360894874,,,,,,,,,,,
mmh0ueb9o9dis7,q_dynamic_alpha,4,522.0319107825839,1052.0638215651677,1070.7009972439023,780.0,,0.7952708572614058,,,,0.6867566291107189,0.0066928509242848,0.9784787846141528,,,,,,,,
mmh0ueb9o9dis7,q_phase_aware,5,514.3622482238874,1038.7244964477748,1062.0209660461928,780.0,,1.5966393637824026,,,,,,,0.8270522038481619,0.0066928509242848,0.0337343872196454,0.646733000290466,,,,
mmh0vbvu4yn6l1,q_learning,2,602.0714992333394,1208.1429984666788,1218.308095605389,1191.0,0.3536499768138992,4.831650862774822,,,,,,,,,,,,,,
mmh0vbvu4yn6l1,q_dual_alpha,3,591.6709990263066,1189.3419980526132,1204.589643760679,1191.0,,3.6319661845003695,0.6648606823629333,0.2659343989668953,,,,,,,,,,,,
mmh0vbvu4yn6l1,q_forgetting,3,611.0215906647263,1228.0431813294526,1243.2908270375185,1191.0,0.3370814850571702,4.873032671940598,,,0.0066928509242848,,,,,,,,,,,
mmh0vbvu4yn6l1,q_dynamic_alpha,4,592.0699315847605,1192.139863169521,1212.4700574469423,1191.0,,5.322111971833456,,,,0.0546979387773421,0.9009146341575418,0.9933071490757152,,,,,,,,
mmh0vbvu4yn6l1,q_phase_aware,5,590.8393487251664,1191.6786974503327,1217.091440297109,1191.0,,5.656949368806823,,,,,,,0.1875746917262509,0.4477306871260639,0.3657536453043578,0.3883438092768472,,,,
mmh0vh7gck5q8n,q_learning,2,286.46369630816145,576.9273926163229,586.2865909880117,796.0,0.6332238410610964,5.313543068886223,,,,,,,,,,,,,,
mmh0vh7gck5q8n,q_dual_alpha,3,259.81652330572064,525.6330466114413,539.6718441689744,796.0,,148.4131591025766,0.0125544267982194,0.9831679089467296,,,,,,,,,,,,
mmh0vh7gck5q8n,q_forgetting,3,288.12235409535623,582.2447081907125,596.2835057482456,796.0,0.6342675826135643,5.282365031855797,,,0.0066928509242848,,,,,,,,,,,
mmh0vh7gck5q8n,q_dynamic_alpha,4,285.8821740202592,579.7643480405183,598.4827447838958,796.0,,5.372777923375887,,,,0.5240274685724386,0.4114999674646627,0.9785368151474326,,,,,,,,
mmh0vh7gck5q8n,q_phase_aware,5,279.8123125963287,569.6246251926574,593.0226211218793,796.0,,5.420223392256944,,,,,,,0.6710724611801835,0.5170063206886286,0.8100478015363087,0.6066260120583394,,,,
mmh0wavycmn4y3,q_learning,2,652.3155186402136,1308.631037280427,1318.6552678690398,1110.0,0.3161849517290426,3.1308951277896053,,,,,,,,,,,,,,
mmh0wavycmn4y3,q_dual_alpha,3,651.9960465466824,1309.9920930933647,1325.028438976284,1110.0,,2.93924058885892,0.3727033936832806,0.2968246517900103,,,,,,,,,,,,
mmh0wavycmn4y3,q_forgetting,3,652.717375972456,1311.434751944912,1326.4710978278313,1110.0,0.3003347603340681,3.2899710854381383,,,0.0066928509242848,,,,,,,,,,,
mmh0wavycmn4y3,q_dynamic_alpha,4,651.9846819654066,1311.9693639308132,1332.0178251080388,1110.0,,3.164124463611155,,,,0.1956015442946037,0.315045149256042,0.9907183227236696,,,,,,,,
mmh0wavycmn4y3,q_phase_aware,5,652.0994221564142,1314.1988443128284,1339.2594207843604,1110.0,,3.1148377657647104,,,,,,,0.3144411123892067,0.308067075842529,0.3438019962928604,0.2933285333241831,,,,
mmh0x9u4kgtvxn,q_learning,2,787.1143403562619,1578.2286807125238,1588.3870495017431,1187.0,0.3285291159035836,1.283854178597596,,,,,,,,,,,,,,
mmh0x9u4kgtvxn,q_dual_alpha,3,783.422292002808,1572.844584005616,1588.0821371894451,1187.0,,1.1694481197655129,0.8066795838126382,0.1505643346524516,,,,,,,,,,,,
mmh0x9u4kgtvxn,q_forgetting,3,788.4110532426587,1582.8221064853174,1598.0596596691464,1187.0,0.3134014368203703,1.3018320367193197,,,0.0066928509242848,,,,,,,,,,,
mmh0x9u4kgtvxn,q_dynamic_alpha,4,786.3216049033713,1580.6432098067426,1600.9599473851813,1187.0,,1.3100722568325571,,,,0.032708331207503,0.9933071490757152,0.9933071490757152,,,,,,,,
mmh0x9u4kgtvxn,q_phase_aware,5,784.6032569333561,1579.2065138667122,1604.6024358397606,1187.0,,1.3850697252340936,,,,,,,0.0198581260729511,0.4901511772775145,0.2798914095126412,0.3963852728265418,,,,
mmh0yegg0emahk,q_learning,2,329.2343409218292,662.4686818436584,671.7379485593817,761.0,0.5783998713270556,3.727146448397256,,,,,,,,,,,,,,
mmh0yegg0emahk,q_dual_alpha,3,322.5347542317058,651.0695084634116,664.9734085369967,761.0,,3.745134556922342,0.4214788976604214,0.8179710346266043,,,,,,,,,,,,
mmh0yegg0emahk,q_forgetting,3,327.206445548074,660.412891096148,674.316791169733,761.0,0.520944801560994,4.295363329945545,,,0.0276274956957564,,,,,,,,,,,
mmh0yegg0emahk,q_dynamic_alpha,4,322.8649897263027,653.7299794526054,672.2685128840521,761.0,,4.001922087259623,,,,0.3098992388308353,0.9933071490757152,0.9933071490757152,,,,,,,,
mmh0yegg0emahk,q_phase_aware,5,309.6515134617006,629.3030269234011,652.4761937127096,761.0,,4.745817195308216,,,,,,,0.1183595690763184,0.5843172746848914,0.6537487488644195,0.8243241601307698,,,,
mmh115pr1lsvkw,q_learning,2,538.0360218938465,1080.072043787693,1089.5859085661882,860.0,0.764876453758713,1.1719941964005032,,,,,,,,,,,,,,
mmh115pr1lsvkw,q_dual_alpha,3,527.9081914162538,1061.8163828325075,1076.08718000025,860.0,,1.4287744198666792,0.4141442488638829,0.9933071490757152,,,,,,,,,,,,
mmh115pr1lsvkw,q_forgetting,3,501.6526873192564,1009.3053746385128,1023.5761718062554,860.0,0.2720724687820263,4.298957989052643,,,0.9933071490757152,,,,,,,,,,,
mmh115pr1lsvkw,q_dynamic_alpha,4,538.036085655577,1084.072171311154,1103.0999008681442,860.0,,1.1717749635597423,,,,0.7630583409028988,0.0066928509242848,0.9157153326530976,,,,,,,,
mmh115pr1lsvkw,q_phase_aware,5,513.3459693046956,1036.6919386093912,1060.476600555629,860.0,,1.7049642862356145,,,,,,,0.9933071490757152,0.5591831221821437,0.0106510321762058,0.9933071490757152,,,,
mmh16ou0ocswzc,q_learning,2,608.959592149064,1221.919184298128,1231.7286858380517,997.0,0.4966576302418446,1.758798338887037,,,,,,,,,,,,,,
mmh16ou0ocswzc,q_dual_alpha,3,608.574377356435,1223.14875471287,1237.8630070227557,997.0,,1.7901292155785211,0.4349348774708709,0.5638455968976075,,,,,,,,,,,,
mmh16ou0ocswzc,q_forgetting,3,607.4380156067352,1220.8760312134705,1235.590283523356,997.0,0.4361741370848545,2.1558513848439897,,,0.0620388091212609,,,,,,,,,,,
mmh16ou0ocswzc,q_dynamic_alpha,4,608.9756066009173,1225.951213201835,1245.570216281682,997.0,,1.758488775615918,,,,0.4945159709937557,0.0066928509242848,0.9887867583704116,,,,,,,,
mmh16ou0ocswzc,q_phase_aware,5,608.3291259511528,1226.6582519023057,1251.182005752115,997.0,,1.7742517263332584,,,,,,,0.5331135711119668,0.487606654314017,0.3996756901962874,0.5415681573393791,,,,
mmh19xdl74m2p5,q_learning,2,534.8642482705797,1073.7284965411593,1083.4393141383791,949.0,0.4091152767888152,2.5177117739089927,,,,,,,,,,,,,,
mmh19xdl74m2p5,q_dual_alpha,3,533.6900829931535,1073.380165986307,1087.9463923821368,949.0,,2.525518078677989,0.5121704646124912,0.3259285920854675,,,,,,,,,,,,
mmh19xdl74m2p5,q_forgetting,3,534.7646171315622,1075.5292342631244,1090.0954606589542,949.0,0.3960917550603736,2.6054282612775213,,,0.0066928509242848,,,,,,,,,,,
mmh19xdl74m2p5,q_dynamic_alpha,4,534.857676675716,1077.715353351432,1097.1369885458716,949.0,,2.5237744683112315,,,,0.3882015533348553,0.0596629606517303,0.9933071490757152,,,,,,,,
mmh19xdl74m2p5,q_phase_aware,5,532.772839523803,1075.545679047606,1099.8227230406555,949.0,,2.5884618688574283,,,,,,,0.3744314867951059,0.4660472888471562,0.3480335195549183,0.5479396889065764,,,,
mmh1cyh0ahaw8s,q_learning,2,646.2952954292214,1296.5905908584427,1306.4535344696417,1024.0,0.396222250482207,1.6093082278034616,,,,,,,,,,,,,,
mmh1cyh0ahaw8s,q_dual_alpha,3,641.6254881979729,1289.2509763959458,1304.045391812744,1024.0,,2.500444905361237,0.1445548672263456,0.6684888999798263,,,,,,,,,,,,
mmh1cyh0ahaw8s,q_forgetting,3,648.2171090186907,1302.4342180373817,1317.2286334541798,1024.0,0.3955019452805161,1.6132832647038713,,,0.0066928509242848,,,,,,,,,,,
mmh1cyh0ahaw8s,q_dynamic_alpha,4,646.0434967400541,1300.0869934801085,1319.8128807025062,1024.0,,1.4402855805935,,,,0.2373637052346743,0.4355162685052598,0.0066928509242848,,,,,,,,
mmh1cyh0ahaw8s,q_phase_aware,5,644.9375679397002,1299.8751358794004,1324.5324949073977,1024.0,,1.611888652365278,,,,,,,0.4846709550720365,0.299645502737579,0.4271763038884941,0.3491721512299249,,,,
mmh1eq07kkdfkw,q_learning,2,671.8761120061539,1347.7522240123078,1357.729050376307,1084.0,0.5321212489204101,1.5844649588902753,,,,,,,,,,,,,,
mmh1eq07kkdfkw,q_dual_alpha,3,671.343957781803,1348.687915563606,1363.653155109605,1084.0,,2.011206399438637,0.3417803668380849,0.7026070943544179,,,,,,,,,,,,
mmh1eq07kkdfkw,q_forgetting,3,673.8632055943207,1353.7264111886414,1368.6916507346402,1084.0,0.5229935820901214,1.596839814154951,,,0.0066928509242848,,,,,,,,,,,
mmh1eq07kkdfkw,q_dynamic_alpha,4,671.8845831815535,1351.769166363107,1371.7228190911053,1084.0,,1.584323974543584,,,,0.5297773529781983,0.0066928509242848,0.9796288491980846,,,,,,,,
mmh1eq07kkdfkw,q_phase_aware,5,667.6114799183575,1345.222959836715,1370.1650257467131,1084.0,,1.6085612856293596,,,,,,,0.6694015653587655,0.5255017374729029,0.5559996514653044,0.3092855602774457,,,,
mmh1jfrxrszco0,q_learning,2,236.0756964617069,476.1513929234139,484.64747867243074,517.0,0.5835925127898833,4.667649156920953,,,,,,,,,,,,,,
mmh1jfrxrszco0,q_dual_alpha,3,232.57293562545067,471.1458712509013,483.8899998744266,517.0,,3.0004345986995538,0.5086676872507649,0.9933071490757152,,,,,,,,,,,,
mmh1jfrxrszco0,q_forgetting,3,176.5168221079979,359.0336442159958,371.7777728395211,517.0,0.6142851744677713,5.696527261038938,,,0.1945646134479929,,,,,,,,,,,
mmh1jfrxrszco0,q_dynamic_alpha,4,235.5934789324096,479.1869578648193,496.17912936285296,517.0,,4.712339776419845,,,,0.4788459782985519,0.9490751597302708,0.9933071490757152,,,,,,,,
mmh1jfrxrszco0,q_phase_aware,5,225.22522327212323,460.45044654424646,481.6906609167886,517.0,,7.359813233803169,,,,,,,0.0116983837617195,0.0259493669211455,0.5165958541941129,0.5025812776590363,,,,
mmh1qje9negjr0,q_learning,2,577.4337837847174,1158.8675675694349,1168.5032287123431,914.0,0.3778783685281223,1.6815195414985442,,,,,,,,,,,,,,
mmh1qje9negjr0,q_dual_alpha,3,577.4167082838824,1160.8334165677647,1175.2869082821271,914.0,,1.679062917686397,0.3879586959767542,0.3648850643771188,,,,,,,,,,,,
mmh1qje9negjr0,q_forgetting,3,555.8009777576075,1117.601955515215,1132.055447229577,914.0,0.0102939631526,42.56276694714181,,,0.2827758655155395,,,,,,,,,,,
mmh1qje9negjr0,q_dynamic_alpha,4,577.3929184980702,1162.7858369961405,1182.057159281957,914.0,,1.663764436885766,,,,0.3256310006601398,0.1439902111964125,0.9239422230695205,,,,,,,,
mmh1qje9negjr0,q_phase_aware,5,565.080879464835,1140.16175892967,1164.2509117869408,914.0,,5.192941881690695,,,,,,,0.0308121503278961,0.0066928509242848,0.1201240639677312,0.0346399448944716,,,,
mmh1sestgp7zew,q_learning,2,575.0907153787583,1154.1814307575166,1164.2466792795726,1133.0,0.3706429686269804,3.790832309907924,,,,,,,,,,,,,,
mmh1sestgp7zew,q_dual_alpha,3,575.0795359776132,1156.1590719552264,1171.2569447383105,1133.0,,3.729475614973532,0.3817047752325944,0.3655674971306624,,,,,,,,,,,,
mmh1sestgp7zew,q_forgetting,3,591.2620635148706,1188.5241270297413,1203.6219998128254,1133.0,0.356186580272691,3.6607562375946574,,,0.0066928509242848,,,,,,,,,,,
mmh1sestgp7zew,q_dynamic_alpha,4,574.0760643563272,1156.1521287126543,1176.2826257567665,1133.0,,3.850897744479876,,,,0.2166311507005824,0.4364249353556389,0.9841850557163416,,,,,,,,
mmh1sestgp7zew,q_phase_aware,5,569.7220871932775,1149.444174386555,1174.607295691695,1133.0,,3.9726892291827567,,,,,,,0.3417986393271621,0.4167589234018226,0.3978647351623669,0.1869750895281049,,,,
mmh1tezp242ppu,q_learning,2,602.4664735873636,1208.9329471747271,1218.664729324494,959.0,0.5100239684546437,1.5049479459538748,,,,,,,,,,,,,,
mmh1tezp242ppu,q_dual_alpha,3,587.184439069614,1180.368878139228,1194.9665513638784,959.0,,1.8691457823289697,0.2685401996127353,0.9505230688119982,,,,,,,,,,,,
mmh1tezp242ppu,q_forgetting,3,576.2072861738743,1158.4145723477486,1173.012245572399,959.0,0.2914036993916525,3.749462058024422,,,0.9933071490757152,,,,,,,,,,,
mmh1tezp242ppu,q_dynamic_alpha,4,599.6899862120307,1207.3799724240614,1226.8435367235952,959.0,,1.5539279562900112,,,,0.243315976107449,0.9933071490757152,0.9933071490757152,,,,,,,,
mmh1tezp242ppu,q_phase_aware,5,593.0751450717712,1196.1502901435424,1220.4797455179596,959.0,,1.8640720383761435,,,,,,,0.0278133473785086,0.6392831803372963,0.6022116837685791,0.0100321022691349,,,,
mmh1wzqpu4iob1,q_learning,2,418.08587325495847,840.1717465099169,849.6551478992211,847.0,0.385327863612658,3.708481497662748,,,,,,,,,,,,,,
mmh1wzqpu4iob1,q_dual_alpha,3,405.9362039796329,817.8724079592658,832.097510043222,847.0,,29.187669707549773,0.028253343668937,0.939775519737362,,,,,,,,,,,,
mmh1wzqpu4iob1,q_forgetting,3,417.346700309708,840.693400619416,854.9185027033722,847.0,0.3765505217455352,3.912794656954376,,,0.0125960745756358,,,,,,,,,,,
mmh1wzqpu4iob1,q_dynamic_alpha,4,418.0730553130402,844.1461106260804,863.1129134046886,847.0,,3.706972206289441,,,,0.3713614100215225,0.043196570221933,0.991915656259873,,,,,,,,
mmh1wzqpu4iob1,q_phase_aware,5,414.33688326252064,838.6737665250413,862.3822699983016,847.0,,3.790155891202701,,,,,,,0.3748817604513917,0.4732522553812801,0.3581794117889091,0.257886741391392,,,,
mmh250jg0prrne,q_learning,2,503.0138838344153,1010.0277676688306,1019.4512484589428,822.0,0.4973769851607823,1.8944836202330184,,,,,,,,,,,,,,
mmh250jg0prrne,q_dual_alpha,3,503.01176317084565,1012.0235263416912,1026.1587475268598,822.0,,1.904009814677725,0.5016086274359,0.4902022770711423,,,,,,,,,,,,
mmh250jg0prrne,q_forgetting,3,502.9352485334612,1011.8704970669224,1026.005718252091,822.0,0.4795477075399196,1.979892313764604,,,0.0128495975268134,,,,,,,,,,,
mmh250jg0prrne,q_dynamic_alpha,4,502.8427203315711,1013.685440663142,1032.5324022433667,822.0,,1.876981474327848,,,,0.37678277977622,0.6197885918963106,0.9897511991393326,,,,,,,,
mmh250jg0prrne,q_phase_aware,5,501.8838221238816,1013.7676442477632,1037.326346223044,822.0,,1.9831829936193264,,,,,,,0.4604707964202194,0.5735082120952041,0.3380079611211677,0.4716557070059445,,,,
mmh28cu87aoonk,q_learning,2,554.2544056504679,1112.5088113009358,1121.9347237022898,823.0,0.054105691341409,1.989491612748884,,,,,,,,,,,,,,
mmh28cu87aoonk,q_dual_alpha,3,553.6111597405488,1113.2223194810977,1127.3611880831288,823.0,,1.250826909823931,0.0494245123247865,0.1324165640761411,,,,,,,,,,,,
mmh28cu87aoonk,q_forgetting,3,553.3897864987113,1112.7795729974223,1126.9184415994537,823.0,0.0459498830165271,2.200245919511345,,,0.0159606730908249,,,,,,,,,,,
mmh28cu87aoonk,q_dynamic_alpha,4,550.6705261421382,1109.3410522842764,1128.1928770869847,823.0,,1.2886061312477382,,,,0.0066928509242848,0.498194782955643,0.0066928509242848,,,,,,,,
mmh28cu87aoonk,q_phase_aware,5,547.8801493831205,1105.760298766241,1129.3250797696264,823.0,,2.7898196230707377,,,,,,,0.0066928509242848,0.0168018589013668,0.0682460794751717,0.083206073443249,,,,
mmgkzukxb91bym,generalized_matching_law,2,770.527767181846,1545.055534363692,1554.9762298218945,1054.0,,,,,,,,,,,,,0.36753206603284955,1.170617519786777,0.44415303814130463,38.0
mmglwqjl2idcz3,generalized_matching_law,2,220.49979223982683,444.99958447965366,453.73595885235466,583.0,,,,,,,,,,,,,1.0055495030388168,1.03385300650308,0.9846212440919925,17.0
mmgnnwif7rgnag,generalized_matching_law,2,591.8662369653282,1187.7324739306564,1197.1314746109797,812.0,,,,,,,,,,,,,0.700301417111505,1.023552663814107,0.7924536207821741,36.0
mmgp4bc84vs4qt,generalized_matching_law,2,839.3521503016069,1682.7043006032138,1692.7231184686311,1107.0,,,,,,,,,,,,,0.35765912063263366,0.8916114820769411,0.38886220635894364,46.0
mmgp4tj5hwk1cr,generalized_matching_law,2,722.7556899314246,1449.5113798628493,1459.268032799432,971.0,,,,,,,,,,,,,0.5602740550660598,1.0224380092936527,0.43461150712885954,37.0
mmgp5kmoz5itw5,generalized_matching_law,2,180.17923280941923,364.35846561883847,371.711973223375,292.0,,,,,,,,,,,,,0.7685401150453444,1.133739269845687,0.940119222923776,13.0
mmgp92mez7ni28,generalized_matching_law,2,885.0611412718788,1774.1222825437576,1784.2620308006747,1176.0,,,,,,,,,,,,,0.3177323314666514,1.1850362607671825,0.1812619143590007,33.0
mmgp978syi159c,generalized_matching_law,2,905.3879353343663,1814.7758706687325,1824.5427958415587,976.0,,,,,,,,,,,,,0.5898698749833924,0.9610730107792543,0.6110140797081931,34.0
mmgp9zmmm2qlbz,generalized_matching_law,2,952.6704935742077,1909.3409871484155,1919.2233672585521,1034.0,,,,,,,,,,,,,0.48312334755513425,0.8371333692472116,0.5626965360459664,38.0
mmgpaypnopkm1q,generalized_matching_law,2,612.7615380977381,1229.5230761954763,1239.0669473071555,873.0,,,,,,,,,,,,,0.5342178022875718,0.9138551133974293,0.707219362445277,36.0
mmgpciu4e2yunz,generalized_matching_law,2,899.0442774382076,1802.0885548764152,1811.933842659367,1015.0,,,,,,,,,,,,,0.4921515900039151,1.0133315559087912,0.4292252397406361,43.0
mmgpgi4g1jzpv2,generalized_matching_law,2,859.0124969320539,1722.0249938641077,1731.874218656205,1017.0,,,,,,,,,,,,,0.438946850833997,1.044900862989589,0.3988839707770699,38.0
mmgpiq4ct3r8s1,generalized_matching_law,2,600.7466696518993,1205.4933393037986,1214.9838120027673,850.0,,,,,,,,,,,,,0.32644939716338245,0.8169750655399146,0.12560772995133188,29.0
mmgpqa16u4u07b,generalized_matching_law,2,584.7824367893046,1173.5648735786092,1183.3521862878144,986.0,,,,,,,,,,,,,0.3070198822312972,0.923242026480614,0.22637422434242035,38.0
mmgpy8l4xh9nto,generalized_matching_law,2,1031.5786352978037,2067.1572705956073,2077.1597618397464,1098.0,,,,,,,,,,,,,0.2825786271959979,1.0228111096198211,0.39221789699206366,32.0
mmgq3qouddjc6z,generalized_matching_law,2,1108.5933544154198,2221.1867088308395,2231.2869538713776,1153.0,,,,,,,,,,,,,0.45580423747959337,0.9694066572092013,0.5337941386714588,33.0
mmgqyc7ozjls4u,generalized_matching_law,2,825.2084435067553,1654.4168870135106,1664.2817827966558,1025.0,,,,,,,,,,,,,0.31432466712979573,0.9934369740001722,0.4911354710549625,40.0
mmgr4s188ypj5i,generalized_matching_law,2,859.1041164510499,1722.2082329020998,1732.0554901583766,1016.0,,,,,,,,,,,,,0.5819459924986771,1.0079229335573066,0.5438525070823799,38.0
mmgr4wtlfg07a6,generalized_matching_law,2,703.2511332464908,1410.5022664929816,1420.2277823190843,956.0,,,,,,,,,,,,,0.3404479341561964,0.9636062718213424,0.559691219494721,36.0
mmgr8c41csnx7y,generalized_matching_law,2,415.2849676715291,834.5699353430582,843.6229250621998,683.0,,,,,,,,,,,,,0.7056158552770843,0.9906729588626497,0.5899338534493956,27.0
mmh0l2c7syhpy7,generalized_matching_law,2,781.6098405415964,1567.2196810831929,1577.08847550305,1027.0,,,,,,,,,,,,,0.3362861442628913,1.2362174444030731,0.35514708940180884,43.0
mmh0l48d4j1y4y,generalized_matching_law,2,686.7588549144816,1377.5177098289632,1387.068442010836,876.0,,,,,,,,,,,,,0.311107302272579,1.0634515271764458,0.2386569716392483,33.0
mmh0le5hn8utpd,generalized_matching_law,2,831.256406017475,1666.51281203495,1676.316286448263,994.0,,,,,,,,,,,,,0.4978098116721283,0.989689460418427,0.7531812691519163,42.0
mmh0lgop76n6ez,generalized_matching_law,2,664.9950458801995,1333.990091760399,1343.605961647799,905.0,,,,,,,,,,,,,0.41812750849045943,0.9792436135909951,0.6038049546545832,39.0
mmh0lku3ip54e4,generalized_matching_law,2,1012.955920673799,2029.911841347598,2039.7293509062285,1001.0,,,,,,,,,,,,,0.4787001848799494,0.9188207155419884,0.7027214007418412,38.0
mmh0lpcdm9wdcu,generalized_matching_law,2,123.78418929561954,251.56837859123908,259.284244900206,350.0,,,,,,,,,,,,,1.0335021416802728,1.2172688308120025,0.8753073741715772,8.0
mmh0m3latwun95,generalized_matching_law,2,818.4737488617511,1640.9474977235022,1650.8510420523,1045.0,,,,,,,,,,,,,0.35338121053133154,1.058610235723981,0.4746279320969578,34.0
mmh0mm0schxk59,generalized_matching_law,2,991.8462986600422,1987.6925973200844,1997.5140988960081,1003.0,,,,,,,,,,,,,0.44405651710142807,1.1326037725293123,0.5564332776179323,35.0
mmh0mmptqfyu87,generalized_matching_law,2,339.0475634818672,682.0951269637344,690.5001979981103,494.0,,,,,,,,,,,,,0.8179209106023237,0.9697027213675786,0.8841033161764625,24.0
mmh0nnjg95y0zn,generalized_matching_law,2,1028.8232992035985,2061.646598407197,2071.877762659566,1231.0,,,,,,,,,,,,,0.26066045143423244,1.0369314538467853,0.22624565638986868,35.0
mmh0ocgvf4p325,generalized_matching_law,2,697.1739354896422,1398.3478709792844,1408.1432808655416,990.0,,,,,,,,,,,,,0.5466389913648767,1.0276190215121943,0.593610455076389,38.0
mmh0opq734nw1a,generalized_matching_law,2,547.420243946265,1098.84048789253,1108.4848826737712,918.0,,,,,,,,,,,,,0.4038411016619865,0.9644200468554013,0.27733642508057765,32.0
mmh0ozswma6i3j,generalized_matching_law,2,853.032647251451,1710.065294502902,1719.9066375113994,1013.0,,,,,,,,,,,,,0.48316668088787956,0.8920872358043287,0.42255338654481095,35.0
mmh0pa4lgnz2nd,generalized_matching_law,2,688.1167558684862,1380.2335117369723,1389.827159173522,895.0,,,,,,,,,,,,,0.41300401839234946,1.0229450843080194,0.6522261900597581,40.0
mmh0pj6zqdvwmg,generalized_matching_law,2,846.21330895398,1696.42661790796,1706.6739634783692,1241.0,,,,,,,,,,,,,0.11460187076348517,1.0130213400414438,0.030173558159963417,41.0
mmh0pjhqfbciu8,generalized_matching_law,2,487.5358235403523,979.0716470807046,988.2632081086272,732.0,,,,,,,,,,,,,0.6764757062477815,0.9514564222875272,0.919833308304215,34.0
mmh0puch6r88f0,generalized_matching_law,2,812.7378172831135,1629.475634566227,1639.062566831387,892.0,,,,,,,,,,,,,0.7215025176678757,1.0931097731181478,0.8534748498018736,39.0
mmh0r154h7irg3,generalized_matching_law,2,720.7408401216096,1445.4816802432192,1455.6231284577398,1177.0,,,,,,,,,,,,,0.27823099312066907,0.8760065855397337,0.1569691337541064,39.0
mmh0r34rqnesgg,generalized_matching_law,2,953.9600195923465,1911.920039184693,1921.564433965934,918.0,,,,,,,,,,,,,0.7378660048738892,1.026300910447862,0.9009602245348654,35.0
mmh0rqn6g1cadb,generalized_matching_law,2,489.31644864085166,982.6328972817033,991.5960515402562,653.0,,,,,,,,,,,,,0.7322885753286422,1.0756871444402198,0.8869115318923088,31.0
mmh0tro0khha5x,generalized_matching_law,2,863.2081516853539,1730.4163033707077,1740.129227339897,950.0,,,,,,,,,,,,,0.5781021721667449,1.0242777985117282,0.5854777861505227,36.0
mmh0uacrkmrg83,generalized_matching_law,2,568.0256404482524,1140.0512808965047,1149.2042200346011,718.0,,,,,,,,,,,,,0.8060266055316091,1.0509311678932964,0.9132885797377331,30.0
mmh0ueb9o9dis7,generalized_matching_law,2,675.0378449010831,1354.0756898021662,1363.3942776415333,780.0,,,,,,,,,,,,,0.35238108214976877,0.919627692886322,0.4269863188367425,31.0
mmh0vbvu4yn6l1,generalized_matching_law,2,1074.0835354309997,2152.1670708619995,2162.33216800071,1191.0,,,,,,,,,,,,,0.5256642836289429,0.9634515276468264,0.5920472722673317,39.0
mmh0vh7gck5q8n,generalized_matching_law,2,591.6623469973581,1187.3246939947162,1196.683892366405,796.0,,,,,,,,,,,,,0.6330110124442996,1.1069830064537236,0.8925912217816593,31.0
mmh0wavycmn4y3,generalized_matching_law,2,968.9674915771042,1941.9349831542083,1951.959213742821,1110.0,,,,,,,,,,,,,0.47621791654870105,0.9567603319676882,0.5922218702552609,41.0
mmh0x9u4kgtvxn,generalized_matching_law,2,1086.658552487226,2177.317104974452,2187.4754737636713,1187.0,,,,,,,,,,,,,0.3040938070243725,1.0800813065490271,0.2700127703848603,33.0
mmh0yegg0emahk,generalized_matching_law,2,443.21298467094846,890.4259693418969,899.6952360576203,761.0,,,,,,,,,,,,,0.57217086338616,0.9496160598456467,0.7515225189265706,30.0
mmh115pr1lsvkw,generalized_matching_law,2,618.6682655541103,1241.3365311082207,1250.850395886716,860.0,,,,,,,,,,,,,0.2663449448072393,1.0861636997556445,0.3377383689122104,38.0
mmh16ou0ocswzc,generalized_matching_law,2,803.9295748270983,1611.8591496541967,1621.6686511941205,997.0,,,,,,,,,,,,,0.39199064316418547,1.0257109570255083,0.6338063289326735,40.0
mmh19xdl74m2p5,generalized_matching_law,2,872.0818209964789,1748.1636419929578,1757.8744595901776,949.0,,,,,,,,,,,,,0.5704405408952593,1.0748473098146516,0.5127272695366324,33.0
mmh1cyh0ahaw8s,generalized_matching_law,2,758.504799018594,1521.009598037188,1530.872541648387,1024.0,,,,,,,,,,,,,0.42466495932926407,1.0104444500850278,0.5523677911747579,37.0
mmh1eq07kkdfkw,generalized_matching_law,2,866.0231044699435,1736.046208939887,1746.0230353038862,1084.0,,,,,,,,,,,,,0.26699698757361684,0.8579353852484506,0.31757896548420633,40.0
mmh1jfrxrszco0,generalized_matching_law,2,254.1892232174077,512.3784464348154,520.8745321838322,517.0,,,,,,,,,,,,,0.916750056651424,1.0382128422209407,0.9724992066312609,19.0
mmh1qje9negjr0,generalized_matching_law,2,739.6084125314633,1483.2168250629265,1492.8524862058348,914.0,,,,,,,,,,,,,0.7277293209994498,1.0327478823188665,0.5419451241646086,37.0
mmh1sestgp7zew,generalized_matching_law,2,812.3601554297321,1628.7203108594642,1638.7855593815202,1133.0,,,,,,,,,,,,,0.3487900869029616,1.0366719484726823,0.21292459269826056,33.0
mmh1tezp242ppu,generalized_matching_law,2,829.5258669684533,1663.0517339369067,1672.7835160866734,959.0,,,,,,,,,,,,,0.43670126554953637,1.052794962347684,0.7280569935482519,39.0
mmh1wzqpu4iob1,generalized_matching_law,2,599.5278240150365,1203.055648030073,1212.539049419377,847.0,,,,,,,,,,,,,0.5413991892459723,0.9713778300890744,0.7860132413325414,36.0
mmh250jg0prrne,generalized_matching_law,2,582.3991797310675,1168.798359462135,1178.2218402522474,822.0,,,,,,,,,,,,,0.46625382291482154,0.9757148815167386,0.7153032436652456,38.0
mmh28cu87aoonk,generalized_matching_law,2,667.9639550013103,1339.9279100026206,1349.3538224039748,823.0,,,,,,,,,,,,,0.5588140124583957,0.9000319830418053,0.6188915670200386,40.0
