session_id,phase,median_ici,p_higher_observed,n_clicks,p_higher_optimal,optimal_reward_rate,distance_from_optimal
mmgkzukxb91bym,Phase 2,0.3285,0.6538461538461539,260,0.5700000000000001,0.5373,0.08384615384615379
mmgkzukxb91bym,Phase 3,0.333,0.5665399239543727,263,0.5700000000000001,0.5373,-0.0034600760456273694
mmglwqjl2idcz3,Phase 2,0.517,0.9207317073170732,164,0.9700000000000004,0.9998,-0.049268292682927206
mmglwqjl2idcz3,Phase 3,0.5,0.9244186046511628,172,0.9700000000000004,0.99985,-0.04558139534883765
mmgnnwif7rgnag,Phase 2,0.359,0.691304347826087,230,0.6600000000000001,0.65025,0.03130434782608682
mmgnnwif7rgnag,Phase 3,0.3635,0.6946902654867257,226,0.6600000000000001,0.65025,0.0346902654867256
mmgp4bc84vs4qt,Phase 2,0.319,0.6313725490196078,255,0.56,0.5206,0.07137254901960777
mmgp4bc84vs4qt,Phase 3,0.2995,0.6293706293706294,286,0.52,0.4727,0.10937062937062936
mmgp4tj5hwk1cr,Phase 2,0.365,0.6508620689655172,232,0.6600000000000001,0.65025,-0.009137931034482905
mmgp4tj5hwk1cr,Phase 3,0.367,0.6352941176470588,255,0.6900000000000002,0.7089,-0.05470588235294138
mmgp5kmoz5itw5,Phase 2,1.135,0.9090909090909091,11,0.8600000000000003,1.0,0.04909090909090874
mmgp5kmoz5itw5,Phase 3,0.605,0.5662650602409638,83,0.9900000000000004,1.0,-0.42373493975903664
mmgp92mez7ni28,Phase 2,0.247,0.6179401993355482,301,0.5,0.30095,0.11794019933554822
mmgp92mez7ni28,Phase 3,0.2375,0.5652173913043479,322,0.5,0.2334,0.0652173913043479
mmgp978syi159c,Phase 2,0.352,0.6528925619834711,242,0.6300000000000001,0.59595,0.022892561983471005
mmgp978syi159c,Phase 3,0.344,0.6122448979591837,245,0.6100000000000001,0.56495,0.0022448979591835894
mmgp9zmmm2qlbz,Phase 2,0.296,0.6775510204081633,245,0.52,0.4727,0.15755102040816327
mmgp9zmmm2qlbz,Phase 3,0.26,0.6474820143884892,278,0.5,0.3465,0.14748201438848918
mmgpaypnopkm1q,Phase 2,0.353,0.6037735849056604,212,0.6300000000000001,0.59595,-0.02622641509433976
mmgpaypnopkm1q,Phase 3,0.381,0.6634146341463414,205,0.7100000000000002,0.77065,-0.0465853658536588
mmgpciu4e2yunz,Phase 2,0.347,0.6403162055335968,253,0.6300000000000001,0.59595,0.01031620553359669
mmgpciu4e2yunz,Phase 3,0.351,0.625,248,0.6300000000000001,0.59595,-0.0050000000000001155
mmgpgi4g1jzpv2,Phase 2,0.258,0.5036764705882353,272,0.5,0.3465,0.003676470588235281
mmgpgi4g1jzpv2,Phase 3,0.248,0.5992779783393503,277,0.5,0.30095,0.09927797833935026
mmgpiq4ct3r8s1,Phase 2,0.304,0.5762081784386617,269,0.52,0.4727,0.05620817843866166
mmgpiq4ct3r8s1,Phase 3,0.976,0.8349514563106796,103,0.9600000000000004,1.0,-0.12504854368932083
mmgpqa16u4u07b,Phase 2,0.353,0.6212765957446809,235,0.6300000000000001,0.59595,-0.008723404255319256
mmgpqa16u4u07b,Phase 3,0.252,0.5851851851851853,270,0.5,0.30095,0.08518518518518525
mmgpy8l4xh9nto,Phase 2,0.3575,0.5719424460431655,278,0.6600000000000001,0.65025,-0.08805755395683468
mmgpy8l4xh9nto,Phase 3,0.3635,0.625,272,0.6600000000000001,0.65025,-0.03500000000000014
mmgq3qouddjc6z,Phase 2,0.289,0.6472602739726028,292,0.52,0.45505,0.12726027397260276
mmgq3qouddjc6z,Phase 3,0.269,0.6233766233766234,308,0.5,0.3944,0.12337662337662336
mmgqyc7ozjls4u,Phase 2,0.364,0.594488188976378,254,0.6600000000000001,0.65025,-0.06551181102362214
mmgqyc7ozjls4u,Phase 3,0.303,0.6200716845878136,279,0.52,0.4727,0.10007168458781357
mmgr4s188ypj5i,Phase 2,0.383,0.6706349206349206,252,0.7100000000000002,0.77065,-0.0393650793650796
mmgr4s188ypj5i,Phase 3,0.334,0.6600790513833992,253,0.5700000000000001,0.5373,0.09007905138339911
mmgr4wtlfg07a6,Phase 2,0.344,0.6452991452991453,234,0.6100000000000001,0.56495,0.03529914529914524
mmgr4wtlfg07a6,Phase 3,0.352,0.6491935483870968,248,0.6300000000000001,0.59595,0.019193548387096637
mmgr8c41csnx7y,Phase 2,0.3275,0.5801886792452831,212,0.5700000000000001,0.5373,0.010188679245282994
mmgr8c41csnx7y,Phase 3,0.363,0.6,195,0.6600000000000001,0.65025,-0.060000000000000164
mmh0l2c7syhpy7,Phase 2,0.313,0.6192307692307693,260,0.54,0.49445,0.07923076923076922
mmh0l2c7syhpy7,Phase 3,0.315,0.5909090909090908,264,0.56,0.5206,0.030909090909090775
mmh0l48d4j1y4y,Phase 2,0.382,0.6018518518518519,216,0.7100000000000002,0.77065,-0.10814814814814833
mmh0l48d4j1y4y,Phase 3,0.367,0.5914893617021277,235,0.6900000000000002,0.7089,-0.09851063829787243
mmh0le5hn8utpd,Phase 2,0.332,0.6530612244897959,245,0.5700000000000001,0.5373,0.0830612244897958
mmh0le5hn8utpd,Phase 3,0.321,0.6547619047619048,252,0.56,0.5206,0.09476190476190471
mmh0lgop76n6ez,Phase 2,0.375,0.6278026905829597,223,0.7100000000000002,0.77065,-0.08219730941704051
mmh0lgop76n6ez,Phase 3,0.34,0.6276150627615062,239,0.6100000000000001,0.56495,0.01761506276150615
mmh0lku3ip54e4,Phase 2,0.356,0.6342412451361867,257,0.6600000000000001,0.65025,-0.025758754863813405
mmh0lku3ip54e4,Phase 3,0.352,0.686046511627907,258,0.6300000000000001,0.59595,0.05604651162790686
mmh0lpcdm9wdcu,Phase 2,0.7555000000000001,0.9230769230769231,78,0.9600000000000004,1.0,-0.03692307692307728
mmh0lpcdm9wdcu,Phase 3,0.632,0.8695652173913043,92,0.9900000000000004,1.0,-0.12043478260869611
mmh0m3latwun95,Phase 2,0.328,0.6567164179104478,268,0.5700000000000001,0.5373,0.08671641791044771
mmh0m3latwun95,Phase 3,0.328,0.6401515151515151,264,0.5700000000000001,0.5373,0.07015151515151508
mmh0mm0schxk59,Phase 2,0.329,0.6692015209125475,263,0.5700000000000001,0.5373,0.09920152091254741
mmh0mm0schxk59,Phase 3,0.302,0.6280701754385964,285,0.52,0.4727,0.10807017543859643
mmh0mmptqfyu87,Phase 2,0.63,0.5153846153846153,130,0.9900000000000004,1.0,-0.4746153846153851
mmh0mmptqfyu87,Phase 3,0.612,0.5303030303030303,132,0.9900000000000004,1.0,-0.45969696969697016
mmh0nnjg95y0zn,Phase 2,0.288,0.6116504854368932,309,0.52,0.45505,0.09165048543689314
mmh0nnjg95y0zn,Phase 3,0.288,0.5967741935483871,310,0.52,0.45505,0.0767741935483871
mmh0ocgvf4p325,Phase 2,0.352,0.6470588235294118,255,0.6300000000000001,0.59595,0.017058823529411682
mmh0ocgvf4p325,Phase 3,0.356,0.6586345381526104,249,0.6600000000000001,0.65025,-0.0013654618473897262
mmh0opq734nw1a,Phase 2,0.341,0.6351351351351351,222,0.6100000000000001,0.56495,0.02513513513513499
mmh0opq734nw1a,Phase 3,0.35,0.6061946902654867,226,0.6300000000000001,0.59595,-0.023805309734513447
mmh0ozswma6i3j,Phase 2,0.3005,0.583941605839416,274,0.52,0.4727,0.063941605839416
mmh0ozswma6i3j,Phase 3,0.309,0.6082474226804124,291,0.54,0.49445,0.0682474226804124
mmh0pa4lgnz2nd,Phase 2,0.372,0.6608695652173913,230,0.6900000000000002,0.7089,-0.029130434782608905
mmh0pa4lgnz2nd,Phase 3,0.388,0.6523605150214593,233,0.7200000000000002,0.8236,-0.06763948497854089
mmh0pj6zqdvwmg,Phase 2,0.233,0.4923547400611621,327,0.5,0.1878,-0.007645259938837912
mmh0pj6zqdvwmg,Phase 3,0.238,0.5807453416149069,322,0.5,0.2334,0.08074534161490687
mmh0pjhqfbciu8,Phase 2,0.376,0.625615763546798,203,0.7100000000000002,0.77065,-0.08438423645320214
mmh0pjhqfbciu8,Phase 3,0.3685,0.6981132075471699,212,0.6900000000000002,0.7089,0.00811320754716971
mmh0puch6r88f0,Phase 2,0.3715,0.7058823529411765,238,0.6900000000000002,0.7089,0.015882352941176348
mmh0puch6r88f0,Phase 3,0.389,0.6933333333333334,225,0.7200000000000002,0.8236,-0.02666666666666684
mmh0r154h7irg3,Phase 2,0.258,0.5906040268456376,298,0.5,0.3465,0.09060402684563762
mmh0r154h7irg3,Phase 3,0.2455,0.603225806451613,310,0.5,0.30095,0.10322580645161294
mmh0r34rqnesgg,Phase 2,0.3815,0.6991150442477876,226,0.7100000000000002,0.77065,-0.0108849557522126
mmh0r34rqnesgg,Phase 3,0.372,0.6986899563318778,229,0.6900000000000002,0.7089,0.008689956331877635
mmh0rqn6g1cadb,Phase 2,0.514,0.6181818181818182,165,0.9800000000000004,0.99995,-0.36181818181818226
mmh0rqn6g1cadb,Phase 3,0.444,0.6073298429319371,191,0.7500000000000002,0.94165,-0.14267015706806307
mmh0tro0khha5x,Phase 2,0.3505,0.6733870967741935,248,0.6300000000000001,0.59595,0.04338709677419339
mmh0tro0khha5x,Phase 3,0.352,0.6639676113360324,247,0.6300000000000001,0.59595,0.03396761133603232
mmh0uacrkmrg83,Phase 2,0.416,0.7807486631016043,187,0.7400000000000002,0.9115,0.04074866310160408
mmh0uacrkmrg83,Phase 3,0.353,0.6523809523809524,210,0.6300000000000001,0.59595,0.02238095238095228
mmh0ueb9o9dis7,Phase 2,0.477,0.5428571428571428,175,0.8100000000000003,0.98015,-0.26714285714285746
mmh0ueb9o9dis7,Phase 3,0.396,0.6019900497512438,201,0.7200000000000002,0.8658,-0.11800995024875638
mmh0vbvu4yn6l1,Phase 2,0.253,0.62751677852349,298,0.5,0.30095,0.12751677852348997
mmh0vbvu4yn6l1,Phase 3,0.2575,0.6466666666666667,300,0.5,0.3465,0.14666666666666672
mmh0vh7gck5q8n,Phase 2,0.415,0.7339901477832512,203,0.7100000000000002,0.88825,0.023990147783251037
mmh0vh7gck5q8n,Phase 3,0.387,0.6405529953917051,217,0.7200000000000002,0.8236,-0.07944700460829512
mmh0wavycmn4y3,Phase 2,0.3225,0.6751824817518248,274,0.56,0.5206,0.11518248175182477
mmh0wavycmn4y3,Phase 3,0.337,0.6653846153846155,260,0.6100000000000001,0.56495,0.055384615384615365
mmh0x9u4kgtvxn,Phase 2,0.379,0.587360594795539,269,0.7100000000000002,0.77065,-0.12263940520446115
mmh0x9u4kgtvxn,Phase 3,0.268,0.5945017182130584,291,0.5,0.3944,0.09450171821305842
mmh0yegg0emahk,Phase 2,0.241,0.684,250,0.5,0.2334,0.18400000000000005
mmh0yegg0emahk,Phase 3,0.504,0.760233918128655,171,0.9700000000000004,0.99985,-0.20976608187134538
mmh115pr1lsvkw,Phase 2,0.3,0.6206896551724138,261,0.52,0.4727,0.1006896551724138
mmh115pr1lsvkw,Phase 3,0.2565,0.5555555555555556,288,0.5,0.3465,0.05555555555555558
mmh16ou0ocswzc,Phase 2,0.377,0.6506024096385542,249,0.7100000000000002,0.77065,-0.059397590361445984
mmh16ou0ocswzc,Phase 3,0.384,0.631578947368421,247,0.7100000000000002,0.77065,-0.07842105263157917
mmh19xdl74m2p5,Phase 2,0.3135,0.6208333333333333,240,0.54,0.49445,0.08083333333333331
mmh19xdl74m2p5,Phase 3,0.3255,0.628099173553719,242,0.5700000000000001,0.5373,0.058099173553718964
mmh1cyh0ahaw8s,Phase 2,0.353,0.6352941176470588,255,0.6300000000000001,0.59595,0.0052941176470586715
mmh1cyh0ahaw8s,Phase 3,0.3485,0.61328125,256,0.6300000000000001,0.59595,-0.016718750000000115
mmh1eq07kkdfkw,Phase 2,0.284,0.6159695817490495,263,0.5,0.42985,0.11596958174904948
mmh1eq07kkdfkw,Phase 3,0.234,0.5833333333333333,300,0.5,0.1878,0.08333333333333326
mmh1jfrxrszco0,Phase 2,0.618,0.7905405405405406,148,0.9900000000000004,1.0,-0.19945945945945986
mmh1jfrxrszco0,Phase 3,0.667,0.905511811023622,127,0.9900000000000004,1.0,-0.08448818897637844
mmh1qje9negjr0,Phase 2,0.3205,0.7209302325581395,258,0.56,0.5206,0.16093023255813943
mmh1qje9negjr0,Phase 3,0.32,0.6848249027237354,257,0.56,0.5206,0.12482490272373536
mmh1sestgp7zew,Phase 2,0.2605,0.6302816901408451,284,0.5,0.3465,0.13028169014084512
mmh1sestgp7zew,Phase 3,0.256,0.6,290,0.5,0.3465,0.09999999999999998
mmh1tezp242ppu,Phase 2,0.384,0.6652542372881356,236,0.7100000000000002,0.77065,-0.04474576271186459
mmh1tezp242ppu,Phase 3,0.384,0.6307053941908713,241,0.7100000000000002,0.77065,-0.07929460580912884
mmh1wzqpu4iob1,Phase 2,0.379,0.6447368421052632,228,0.7100000000000002,0.77065,-0.06526315789473702
mmh1wzqpu4iob1,Phase 3,0.377,0.6511627906976745,215,0.7100000000000002,0.77065,-0.05883720930232572
mmh250jg0prrne,Phase 2,0.397,0.6009852216748769,203,0.7200000000000002,0.8658,-0.1190147783251233
mmh250jg0prrne,Phase 3,0.387,0.6666666666666667,210,0.7200000000000002,0.8236,-0.053333333333333455
mmh28cu87aoonk,Phase 2,0.428,0.6302083333333334,192,0.7500000000000002,0.9322,-0.11979166666666685
mmh28cu87aoonk,Phase 3,0.373,0.6711111111111111,225,0.6900000000000002,0.7089,-0.018888888888889066
