recurrence_rate,determinism,mean_diagonal_length,max_diagonal_length,entropy_diagonal,laminarity,trapping_time,n_points,session_id,scope,phase_id
0.31765283078765666,0.9220024076135099,3.8619541432784703,45,1.8412161427150384,0.9863833556681127,4.9773638968481375,527,mmgkzukxb91bym,full_session,0
0.2802099588594127,0.9760024301336574,5.52378223495702,265,2.317422740895299,0.9936208991494532,7.586393505991496,266,mmgkzukxb91bym,phase_1,1
0.4082269082269082,0.994106947981084,8.12849494348602,259,2.806671558933264,0.9986904328846853,11.936521739130434,260,mmgkzukxb91bym,phase_2,2
0.31428322642440426,0.9845770225341707,6.406850961538462,262,2.4498964175300313,0.995474695234577,9.073232323232324,263,mmgkzukxb91bym,phase_3,3
0.4367066895368782,0.9822597538622676,5.90748031496063,264,2.420754683790135,0.9955813040062844,8.10039946737683,265,mmgkzukxb91bym,phase_4,4
0.23067673427525595,0.9837230100932669,14.106998900696226,580,3.3353678826017323,0.9920659256420085,20.179054054054053,583,mmglwqjl2idcz3,full_session,0
0.5781935483870968,0.9785762106672617,29.829931972789115,122,3.5974773795187427,0.9885070296808748,29.929054054054053,125,mmglwqjl2idcz3,phase_1,1
0.531348196917552,0.9990143621515066,22.31132075471698,163,3.822728884212549,0.9987327513376514,27.653021442495128,164,mmglwqjl2idcz3,phase_2,2
0.5446076431388549,0.9981271070046198,27.19047619047619,171,3.9594610477743477,0.9982519665376451,33.66315789473684,172,mmglwqjl2idcz3,phase_3,3
0.4907194147134535,0.9682495858641634,7.0,121,2.591662198733917,0.9803975704030922,9.90516039051604,122,mmglwqjl2idcz3,phase_4,4
0.342862609561874,0.9738956356904326,7.015441551812149,804,2.635878154312487,0.9907788791156228,10.67544738725841,812,mmgnnwif7rgnag,full_session,0
0.7029472810294728,0.9825794260068501,10.81156595191683,212,2.9534273056490723,0.9917916617456005,16.481844946025515,220,mmgnnwif7rgnag,phase_1,1
0.4332257452059996,0.9858006836707862,7.488015978695073,229,2.7332552801653156,0.9944780436497502,10.718941898913556,230,mmgnnwif7rgnag,phase_2,2
0.2989970501474926,0.9726387792686135,5.385287691187181,225,2.3002542415694953,0.9952644041041832,7.3850658857979505,226,mmgnnwif7rgnag,phase_3,3
0.6699346405228758,0.9666666666666667,7.366790582403965,135,2.6899771616859476,0.977479674796748,11.310442144873,136,mmgnnwif7rgnag,phase_4,4
0.3652933457804819,0.9236542998069912,4.323935413703673,76,2.0246640905209223,0.9742386875402101,5.819846268816057,554,mmgp4bc84vs4qt,full_session,0
0.42841969925652634,0.967901878914405,8.381920903954802,261,2.8010498780417965,0.9826135177453027,12.36576354679803,268,mmgp4bc84vs4qt,phase_1,1
0.5422880963408986,0.9777929620772121,8.590295147573787,254,2.9014351529315956,0.9885833048627719,12.55350686912509,255,mmgp4bc84vs4qt,phase_2,2
0.38410011041589986,0.9840296409863294,6.970135746606335,285,2.629362660738216,0.9968698096333205,10.209355577363429,286,mmgp4bc84vs4qt,phase_3,3
0.4136216753666418,0.9673295454545454,5.271211670139922,297,2.271584081823098,0.9949737762237763,7.281887245101959,298,mmgp4bc84vs4qt,phase_4,4
0.29889899880025905,0.9562026683337833,6.3453234018480105,966,2.5496418569261836,0.9767586422471974,9.652520359449593,971,mmgp4tj5hwk1cr,full_session,0
0.5842811136928784,0.9538826484336845,8.555694618272842,217,2.814658137730183,0.9638945091746319,13.68548786527984,222,mmgp4tj5hwk1cr,phase_1,1
0.4279370055232124,0.9560477893084504,7.747703180212014,231,2.7424408332871955,0.9764541728438126,10.668889947594092,232,mmgp4tj5hwk1cr,phase_2,2
0.2466574031187278,0.9616925388082124,4.692730604764813,254,2.0779632245646167,0.9906109163745619,6.3202875399361025,255,mmgp4tj5hwk1cr,phase_3,3
0.27273259044777864,0.9811260053619303,5.956380208333333,261,2.3947811935504606,0.9934048257372654,8.01340830449827,262,mmgp4tj5hwk1cr,phase_4,4
0.26163912818340157,0.9713026268441886,5.7400318979266345,289,2.3779353604421503,0.9894746311622886,7.887414844030118,292,mmgp5kmoz5itw5,full_session,0
0.32254901960784316,0.9635258358662614,5.631979695431472,117,2.286678443883603,0.980894485453756,7.004651162790697,120,mmgp5kmoz5itw5,phase_1,1
0.32030561269468116,0.9825688073394495,6.570552147239264,82,2.447945476652267,0.9899082568807339,7.625441696113074,83,mmgp5kmoz5itw5,phase_3,3
0.30902430902430905,0.9515086206896551,4.575129533678757,77,1.9068240549686024,0.9752155172413793,5.419161676646707,78,mmgp5kmoz5itw5,phase_4,4
0.32655958465157786,0.9230796529268769,3.9833078101071977,63,1.8909750761564221,0.9862483808577461,5.138630795543845,588,mmgp92mez7ni28,full_session,0
0.4156833297575628,0.9760860215053764,6.786483253588517,234,2.603427117718821,0.992516129032258,9.732602277520034,237,mmgp92mez7ni28,phase_1,1
0.39891472868217054,0.9920048859030592,6.573583517292127,300,2.5350691514017725,0.998334351229804,9.488654353562005,301,mmgp92mez7ni28,phase_2,2
0.3161316537992686,0.9788223772799608,5.912014787430684,321,2.4124589803750163,0.9963887868772188,8.474232170744404,322,mmgp92mez7ni28,phase_3,3
0.3057062487442234,0.9847518895826487,5.952721493841875,315,2.4172430291426914,0.9968452185343412,8.542382427485215,316,mmgp92mez7ni28,phase_4,4
0.3315868011769651,0.9772642280802946,6.627778016592873,973,2.6180084079029893,0.9932369476893432,10.157974913298546,976,mmgp978syi159c,full_session,0
0.38946811490460925,0.9700335624101006,7.530397022332506,251,2.7209013980533747,0.987494006712482,10.9746891651865,254,mmgp978syi159c,phase_1,1
0.3913788964713144,0.9862437571190747,6.914004914004914,241,2.615813203803428,0.9943047402085341,9.980650835532103,242,mmgp978syi159c,phase_2,2
0.34583472733355636,0.9805552868337042,6.0513432835820895,244,2.4561121783663005,0.9952597465415498,8.69286016054077,245,mmgp978syi159c,phase_3,3
0.5144208037825059,0.9788602941176471,7.569710224166211,234,2.751464436421218,0.9916925904977375,11.127727092423642,235,mmgp978syi159c,phase_4,4
0.3541825978738398,0.9250682640814513,4.397564902394848,47,2.0488380173228373,0.9662913024151726,6.288813886210222,517,mmgp9zmmm2qlbz,full_session,0
0.44484026660537807,0.9772668561095325,7.388671875,221,2.6875845424607245,0.9897528631705846,11.110681488641855,229,mmgp9zmmm2qlbz,phase_1,1
0.519638675142188,0.9914370332217358,7.305028462998102,244,2.7142792902501274,0.9977465876899305,10.74315424610052,245,mmgp9zmmm2qlbz,phase_2,2
0.3378957483832429,0.9736356648731744,5.861638130495141,277,2.418118156346266,0.991967717140661,8.270105735341236,278,mmgp9zmmm2qlbz,phase_3,3
0.5888796345372403,0.9665695182581862,6.754117999401018,281,2.5757008562220163,0.9844848277044402,10.563347896068061,282,mmgp9zmmm2qlbz,phase_4,4
0.26800971026829346,0.9773458024546132,5.723363949483352,872,2.405557281101696,0.9967111712347567,8.192120211094549,873,mmgpaypnopkm1q,full_session,0
0.2784127586861591,0.9746317512274959,5.657957244655582,229,2.3490011103645085,0.9934533551554828,7.085603112840467,230,mmgpaypnopkm1q,phase_1,1
0.38715013860323705,0.9926088462871001,7.856489945155393,211,2.7662127738230464,0.9978057512414829,11.062740076824584,212,mmgpaypnopkm1q,phase_2,2
0.3956958393113343,0.9813874788494078,5.795860099928622,204,2.39086897286862,0.9957698815566836,8.313824419778003,205,mmgpaypnopkm1q,phase_3,3
0.26076696165191743,0.96289592760181,5.25,225,2.235131326047776,0.9878582202111614,6.659379766141332,226,mmgpaypnopkm1q,phase_4,4
0.25814968395222787,0.8881001082902178,3.608408702028844,34,1.687855323224509,0.9802971964865841,4.378476420798065,508,mmgpciu4e2yunz,full_session,0
0.22334414080592868,0.959767731231854,4.719238613188307,254,1.9930533991411652,0.9908751555371216,5.681331747919144,255,mmgpciu4e2yunz,phase_1,1
0.3440931049626702,0.9926155529218708,7.051813471502591,252,2.574007436800707,0.9973561856140031,9.802867383512545,253,mmgpciu4e2yunz,phase_2,2
0.25888076270079663,0.9812082229789381,5.836459114778695,247,2.2470021947961296,0.9940723924832892,8.354001059883412,248,mmgpciu4e2yunz,phase_3,3
0.4557481069108976,0.9813489196821436,6.755424954792043,258,2.5444236628009183,0.9971103960070926,9.88798436991208,259,mmgpciu4e2yunz,phase_4,4
0.32756833686555387,0.9155371900826447,4.0668135095447875,54,1.9162685244008946,0.9781109799291617,5.42683086597668,509,mmgpgi4g1jzpv2,full_session,0
0.5652950835506616,0.9603588210166596,7.261627906976744,200,2.623826277151763,0.9821443827424178,10.845283018867924,204,mmgpgi4g1jzpv2,phase_1,1
0.2458758411113523,0.9853233281836239,6.527046783625731,271,2.5348522515506913,0.9956963142794085,8.920415224913494,272,mmgpgi4g1jzpv2,phase_2,2
0.2977816146078585,0.9729421066502679,5.231459612659424,276,2.225973560266331,0.9948607572696125,7.334520725388601,277,mmgpgi4g1jzpv2,phase_3,3
0.43458347735914277,0.9870749652018294,7.091428571428572,263,2.6537023610694757,0.9980115331079737,10.770386266094421,264,mmgpgi4g1jzpv2,phase_4,4
0.2947329037622116,0.9852464103359756,7.152570141306573,849,2.6059400184467068,0.9978842844650061,10.665527638190955,850,mmgpiq4ct3r8s1,full_session,0
0.43246031746031743,0.9930262433474032,10.190207156308851,224,2.6525573006443954,0.9973848412552762,14.7483039348711,225,mmgpiq4ct3r8s1,phase_1,1
0.3112411918104644,0.9844905963098315,6.08204845814978,268,2.4598614729017725,0.997415099384972,8.282753515914138,269,mmgpiq4ct3r8s1,phase_2,2
0.3373310489244241,0.9904063205417607,13.097014925373134,102,3.068810351979962,0.9926636568848759,13.635658914728682,103,mmgpiq4ct3r8s1,phase_3,3
0.3208168642951252,0.9773149506209055,6.068609593199757,252,2.4456998753077897,0.9944265180404811,8.517587939698492,253,mmgpiq4ct3r8s1,phase_4,4
0.3062180167008165,0.9774177712322042,5.918597548560492,980,2.45154314181251,0.9963349271356615,8.64311758014176,986,mmgpqa16u4u07b,full_session,0
0.3411107104219257,0.9691299291679881,5.979778212654925,230,2.4232549072436145,0.9888994608309547,8.314666666666668,236,mmgpqa16u4u07b,phase_1,1
0.37821422076741223,0.9758630637561304,5.6128318584070795,234,2.338409168739886,0.9903836907394942,7.959041731066461,235,mmgpqa16u4u07b,phase_2,2
0.24780393776676304,0.9682186909656628,5.4626959247648905,269,2.270199154474084,0.9924436048449827,7.093725178713265,270,mmgpqa16u4u07b,phase_3,3
0.3627634660421546,0.9811860186295306,6.298993487270574,244,2.499255387723316,0.995988195148944,8.914156004952538,245,mmgpqa16u4u07b,phase_4,4
0.47008495871724304,0.9155742225616224,5.563069255885891,111,2.2813943723875996,0.9452575905420503,8.543200408997954,549,mmgpy8l4xh9nto,full_session,0
0.8030208693646951,0.9514401401372656,8.751188589540412,291,2.8413776802837516,0.9627832179881113,14.257707846055709,295,mmgpy8l4xh9nto,phase_1,1
0.4144612108147417,0.9599573881438777,6.727711901624945,277,2.5378500458802185,0.983832560471237,9.8155673648015,278,mmgpy8l4xh9nto,phase_2,2
0.4427501627957456,0.9768353964946684,5.737940964722823,271,2.4049971745030523,0.9897965436940802,8.469585736759308,272,mmgpy8l4xh9nto,phase_3,3
0.709768492377188,0.9765756209670291,6.659433393610609,252,2.554345841174774,0.9926633076991073,9.494821390826464,253,mmgpy8l4xh9nto,phase_4,4
0.35827074908530715,0.9231053480247245,4.261301077770024,75,2.0050680613606726,0.966222117710293,5.818540433925049,577,mmgq3qouddjc6z,full_session,0
0.39334337160424115,0.9633144588882686,6.181678607983623,250,2.495200707806889,0.9862827976712657,9.023713973002554,253,mmgq3qouddjc6z,phase_1,1
0.6291484253636492,0.9939768050879162,7.914507000297885,291,2.7953875787686377,0.9974560419004863,11.716985277960887,292,mmgq3qouddjc6z,phase_2,2
0.3777021024578028,0.96499971999776,5.5160051216389245,307,2.3532569125706067,0.9887719101752814,7.790205162144275,308,mmgq3qouddjc6z,phase_3,3
0.3855072463768116,0.9666281087333719,6.420668459469843,299,2.5417665729972163,0.9854251012145749,9.259782608695652,300,mmgq3qouddjc6z,phase_4,4
0.41835709064327486,0.9142732335917877,4.225792882981408,76,1.988536783913069,0.9630246441702158,5.8057277665002465,513,mmgqyc7ozjls4u,full_session,0
0.5407682201097457,0.9573388595112191,6.153881488286633,224,2.4717315230189367,0.9811705016435616,8.944951140065147,228,mmgqyc7ozjls4u,phase_1,1
0.5524260060377828,0.9845633802816901,7.5588235294117645,253,2.745905103446432,0.9949577464788733,10.83798711261123,254,mmgqyc7ozjls4u,phase_2,2
0.5075681390371574,0.9791200975411501,6.319016393442623,278,2.527769203829399,0.9938782767730137,9.287206266318538,279,mmgqyc7ozjls4u,phase_3,3
0.40396359027537737,0.9726896748431261,6.318202871699861,263,2.524566244116078,0.9926197946377638,8.992571059431524,264,mmgqyc7ozjls4u,phase_4,4
0.27184767584525305,0.890110831809872,3.6415799929881967,40,1.7435924831133036,0.9795618144424132,4.370976993180804,508,mmgr4s188ypj5i,full_session,0
0.36878678564647804,0.9856878088962109,6.6710801393728225,223,2.5831221275386236,0.996499176276771,9.31024531024531,230,mmgr4s188ypj5i,phase_1,1
0.40713337127679755,0.9960391425908667,7.341156267887808,251,2.7084774652274586,0.9987573780677229,10.584362139917696,252,mmgr4s188ypj5i,phase_2,2
0.2631909153648284,0.9650774731823599,4.916211293260473,252,2.1492277833156024,0.9894517282479142,6.49061767005473,253,mmgr4s188ypj5i,phase_3,3
0.27267412302999494,0.96271091637923,4.887363937529579,280,2.1425710058454093,0.9898853360678661,6.257218621096052,281,mmgr4s188ypj5i,phase_4,4
0.42838397336195755,0.959105715586056,7.691134257360781,949,2.7379044544818845,0.9756920118842463,12.283493208008755,956,mmgr4wtlfg07a6,full_session,0
0.8620051446138403,0.9718694275628662,21.061514195583594,246,3.6078766954863637,0.9764001601222752,34.178980891719746,253,mmgr4wtlfg07a6,phase_1,1
0.4414364843549393,0.9755692205417983,6.606640405177265,233,2.5820282090015727,0.9935183646335383,9.098934550989345,234,mmgr4wtlfg07a6,phase_2,2
0.4146532584563145,0.968503937007874,5.3782247485789245,247,2.3063883401362455,0.9894881889763779,7.716610377648142,248,mmgr4wtlfg07a6,phase_3,3
0.5044837515425751,0.9593118069145466,6.924661565626839,220,2.6333444659087544,0.9792074363992173,10.112842105263159,221,mmgr4wtlfg07a6,phase_4,4
0.29894419565226726,0.9642226211849192,6.213234613604812,679,2.495830267960098,0.9826427289048474,9.335675786313708,683,mmgr8c41csnx7y,full_session,0
0.2732919254658385,0.9730113636363636,5.956521739130435,157,2.3859183062179357,0.9849431818181819,8.167255594817432,161,mmgr8c41csnx7y,phase_1,1
0.271349369578825,0.9757785467128027,5.359276018099547,211,2.236493928674875,0.9931619706706212,7.020966802562609,212,mmgr8c41csnx7y,phase_2,2
0.3055247158339942,0.9662571379131337,5.561752988047809,194,2.322323164420598,0.9873680567572244,7.512837393021725,195,mmgr8c41csnx7y,phase_3,3
0.8407322654462243,0.9662493195427327,9.543010752688172,114,2.6659525952648098,0.9712393395028126,15.162889518413598,115,mmgr8c41csnx7y,phase_4,4
0.3808526937750776,0.9276069465466422,4.221607903562041,47,1.9919303764119964,0.9756333147454792,5.637341772151899,514,mmh0l2c7syhpy7,full_session,0
0.45528455284552843,0.9761422787738577,6.864260294865277,242,2.6264043752793818,0.988757952573742,9.932098765432098,247,mmh0l2c7syhpy7,phase_1,1
0.38455598455598455,0.9873339511893728,7.125975473801561,259,2.6669010205136954,0.9962156317578005,10.233240777469259,260,mmh0l2c7syhpy7,phase_2,2
0.3893593731996774,0.9690759783975734,5.814025743453174,263,2.4132736361663003,0.9887918916919435,8.392778649921507,264,mmh0l2c7syhpy7,phase_3,3
0.4832107843137255,0.9540324625919351,6.56787429070275,255,2.5741148683408888,0.9772381435455237,9.549566294919455,256,mmh0l2c7syhpy7,phase_4,4
0.4676190476190476,0.9429735234215886,10.432434100870424,872,3.1226810111261853,0.9656529866361633,17.2249925350851,876,mmh0l48d4j1y4y,full_session,0
0.8691078174949143,0.9235604895338728,30.152838427947597,183,3.6497546577071014,0.9535879087808466,41.87665198237885,186,mmh0l48d4j1y4y,phase_1,1
0.4592161929371232,0.9766482228265967,11.078723404255319,215,3.0838456447951748,0.9912782518990904,15.341074020319303,216,mmh0l48d4j1y4y,phase_2,2
0.31307510456446624,0.9139172862453532,6.14609375,234,2.442596640347775,0.9462128252788105,8.515420805018296,235,mmh0l48d4j1y4y,phase_3,3
0.514925635526177,0.9864117446227382,7.2592964824120605,238,2.6944607873977584,0.998736770228747,10.362380446333688,239,mmh0l48d4j1y4y,phase_4,4
0.32551806306114633,0.985459072517896,6.326739399752228,993,2.5489642710943166,0.9981637099284159,9.668968012300642,994,mmh0le5hn8utpd,full_session,0
0.37945801271328206,0.9755774995591606,5.910790598290598,244,2.4245141205951346,0.9936519132428143,8.41044776119403,245,mmh0le5hn8utpd,phase_1,1
0.5486784877885581,0.9896951219512196,7.62734962406015,244,2.7464079544836406,0.9957317073170732,11.297129021099966,245,mmh0le5hn8utpd,phase_2,2
0.4215835072408778,0.9847746193654842,7.928743961352657,251,2.7850737459957586,0.9950123753093827,11.850379633765074,252,mmh0le5hn8utpd,phase_3,3
0.34724593688737115,0.9800582771808414,5.746396155899626,251,2.402598979899353,0.9961755600072847,8.222472754603533,252,mmh0le5hn8utpd,phase_4,4
0.36173177528968853,0.9747719132256538,6.091604020609849,902,2.4942851959853196,0.994414408326012,9.207690622946716,905,mmh0lgop76n6ez,full_session,0
0.6190817790530847,0.9665507918115103,7.652599388379205,202,2.6619193230625644,0.9843568945538818,11.658279963403476,205,mmh0lgop76n6ez,phase_1,1
0.472467983678746,0.9875160324925182,6.7617096018735365,222,2.6129102997694718,0.9968790081231296,9.695218295218295,223,mmh0lgop76n6ez,phase_2,2
0.3789247916739918,0.9823698617426,5.90462911321807,238,2.425340910387688,0.9958244409390369,8.384375,239,mmh0lgop76n6ez,phase_3,3
0.3821579264617239,0.9740211542030062,5.841958820255982,237,2.394244532853147,0.9940155873074782,8.25703275529865,238,mmh0lgop76n6ez,phase_4,4
0.3526546906187625,0.8881820239981888,4.684298507462686,136,2.130065334271173,0.9353407290015848,6.96636034061209,501,mmh0lku3ip54e4,full_session,0
0.7405781694729262,0.9774032228190406,7.6422881969587255,237,2.774899007455536,0.985228746064086,11.716409691629956,242,mmh0lku3ip54e4,phase_1,1
0.47771765564202334,0.9658288259624562,7.852043455768236,256,2.7548209875766383,0.9819917276487432,11.629238884702335,257,mmh0lku3ip54e4,phase_2,2
0.47416523391548276,0.9662213740458016,9.111577684463107,257,2.932972726093573,0.9833651399491095,13.500873362445414,258,mmh0lku3ip54e4,phase_3,3
0.5260406125615598,0.9544725873677461,6.352966282543747,243,2.5348467698834467,0.9729721064443732,9.891460234680574,244,mmh0lku3ip54e4,phase_4,4
0.2111338518215309,0.9749515316013959,9.938339920948616,345,2.8365264324549626,0.989492051182629,12.868885526979325,350,mmh0lpcdm9wdcu,full_session,0
0.2798400199975003,0.9660562751228227,6.717391304347826,122,2.3993764562682656,0.9832514515408665,8.386666666666667,127,mmh0lpcdm9wdcu,phase_1,1
0.5238095238095238,0.9949141767323586,23.014705882352942,77,3.807631781617951,0.9958677685950413,20.748344370860927,78,mmh0lpcdm9wdcu,phase_2,2
0.48017200191113235,0.9980099502487563,27.47945205479452,91,4.0292495372241754,0.9960199004975124,24.120481927710845,92,mmh0lpcdm9wdcu,phase_3,3
0.32075471698113206,0.9457013574660633,5.726027397260274,52,2.151219197938732,0.9660633484162896,6.014084507042254,53,mmh0lpcdm9wdcu,phase_4,4
0.30669655611964575,0.9086826704884748,3.80762686417776,70,1.8166203001642702,0.9776901946733548,4.953527774416072,523,mmh0m3latwun95,full_session,0
0.3780110653993474,0.9784583051865196,5.872072072072072,258,2.398529784890658,0.9962095624108684,8.554624556880439,266,mmh0m3latwun95,phase_1,1
0.49368326904801835,0.9868085829134349,8.347701149425287,267,2.835993944967857,0.994791371794146,12.448459086078639,268,mmh0m3latwun95,phase_2,2
0.297067634520106,0.9733346261999418,5.203732503888025,263,2.2218430165054364,0.9935518277901677,7.2721788502484035,264,mmh0m3latwun95,phase_3,3
0.3682235607781179,0.9700545275766514,5.590932509015971,246,2.350374103160931,0.9923125055868419,7.779257182901191,247,mmh0m3latwun95,phase_4,4
0.36258160968898856,0.9304090360785173,5.216033443993607,207,2.2416647952336306,0.9666849435245093,7.644783626745295,502,mmh0mm0schxk59,full_session,0
0.6201248376691383,0.9657501857731541,12.752899197145405,215,2.971190551594095,0.9811524690941026,18.58477287268074,219,mmh0mm0schxk59,phase_1,1
0.5337706440658289,0.9335508428493746,8.91381100726895,262,2.9344032322512357,0.9632408917890157,12.589907604832979,263,mmh0mm0schxk59,phase_2,2
0.45186557944156164,0.9840870563788484,6.940223679136135,284,2.652664350374435,0.9940941652540056,10.52025462962963,285,mmh0mm0schxk59,phase_3,3
0.48052650558961413,0.9533958724202627,6.066857688634193,235,2.446628291714076,0.9787242026266416,9.040901213171576,236,mmh0mm0schxk59,phase_4,4
0.6521503477839551,0.970684900457104,8.145936806509564,490,2.7767553184588385,0.9832395199778374,13.280380984777617,494,mmh0mmptqfyu87,full_session,0
0.5966946554711449,0.9660486933214206,6.065918653576437,119,2.402744083226226,0.9811257538530266,9.01025641025641,123,mmh0mmptqfyu87,phase_1,1
0.7228384019081694,0.9699719518231315,7.715223097112861,129,2.6990994661789953,0.9816861903976242,11.311787072243346,130,mmh0mmptqfyu87,phase_2,2
0.7354846171640065,0.9696493159301777,7.765743073047859,131,2.515476073390487,0.9816795093568171,11.789423984891407,132,mmh0mmptqfyu87,phase_3,3
0.6282704723071696,0.9686316928069226,10.887537993920972,108,2.96075700343321,0.9818820984315847,16.282511210762333,109,mmh0mmptqfyu87,phase_4,4
0.38902439024390245,0.9274247173933694,4.138367445803561,53,1.954651881703047,0.9835660682055667,5.426827898618547,616,mmh0nnjg95y0zn,full_session,0
0.3589811738648948,0.9874753208292202,7.911517548195749,300,2.807348768360834,0.9965757650542941,11.570558739255015,301,mmh0nnjg95y0zn,phase_1,1
0.5901525658807212,0.9948367339671688,7.589785384406412,308,2.75971122503151,0.9979703023181284,11.284880209381921,309,mmh0nnjg95y0zn,phase_2,2
0.5109719177367157,0.9846361296122257,6.952394691286786,309,2.642160325374826,0.997916070771871,10.664628820960699,310,mmh0nnjg95y0zn,phase_3,3
0.4296649725132248,0.9707898802626497,5.565181289786881,310,2.341880742368089,0.9959685206643492,7.597974217311234,311,mmh0nnjg95y0zn,phase_4,4
0.2548457272420872,0.9827430046248427,6.027332612329171,989,2.473217945377301,0.9983969349396046,8.89149832250696,990,mmh0ocgvf4p325,full_session,0
0.24697223151555706,0.9769710105662422,5.868185516680228,244,2.385032295601541,0.9932945001354646,7.746962493396725,245,mmh0ocgvf4p325,phase_1,1
0.31425042457928054,0.9912547902132259,6.529449838187702,254,2.547375901122209,0.9967573941240051,9.130513051305131,255,mmh0ocgvf4p325,phase_2,2
0.2681694520015546,0.9714975845410628,5.3201058201058204,248,2.2392051048830517,0.9923309178743961,7.300310972900933,249,mmh0ocgvf4p325,phase_3,3
0.3293222683264177,0.9793154136917261,5.836670838548185,240,2.383974172407726,0.995222595548089,8.167600172339508,241,mmh0ocgvf4p325,phase_4,4
0.2528824931159911,0.9795187854076044,5.421121048252912,917,2.304535076638159,0.9980176439087177,7.828438778142157,918,mmh0opq734nw1a,full_session,0
0.2628906529357076,0.9836779107725789,5.73968253968254,236,2.3107794915930753,0.9948993471164309,7.877759827679053,237,mmh0opq734nw1a,phase_1,1
0.30255594961477317,0.9857181352735112,6.3068965517241375,221,2.438175153917945,0.9948800862301267,8.611078717201167,222,mmh0opq734nw1a,phase_2,2
0.21089478859390365,0.952816113390526,4.497359154929577,225,1.906064012651062,0.9883439015292801,5.424257932446264,226,mmh0opq734nw1a,phase_3,3
0.3052760100636377,0.9755181190158768,5.326935804103243,232,2.2726468666836523,0.9931523451702824,7.4563239308462235,233,mmh0opq734nw1a,phase_4,4
0.2899096444246946,0.9229300562024363,3.9246426529445397,33,1.8531765988601547,0.9890687605883777,5.075622714413855,507,mmh0ozswma6i3j,full_session,0
0.2831838049229354,0.9821283509341998,5.907166123778501,161,2.270227890660467,0.9930950446791227,7.912621359223301,162,mmh0ozswma6i3j,phase_1,1
0.32624796128445765,0.9881167021799705,7.267631103074141,273,2.6638796324844782,0.9962301262088182,10.575032622879514,274,mmh0ozswma6i3j,phase_2,2
0.3192084370186041,0.9753508055534932,5.716710182767624,290,2.3613252936796463,0.9953968371816765,8.04259148170366,291,mmh0ozswma6i3j,phase_3,3
0.29557109557109557,0.9853893408600365,6.405828386400432,285,2.528146859511939,0.9965133654325087,9.212586339217191,286,mmh0ozswma6i3j,phase_4,4
0.3571169684926199,0.9781479666829985,6.139530796942272,888,2.5119149212787013,0.9943760061594457,9.331745927482922,895,mmh0pa4lgnz2nd,full_session,0
0.4945079280715741,0.9824451410658307,6.560406698564593,206,2.5424091718009967,0.993909538737125,9.759894459102902,213,mmh0pa4lgnz2nd,phase_1,1
0.42969432314410483,0.9917815482502651,6.544023323615161,229,2.5553713687746336,0.9981000353481796,9.276796714579055,230,mmh0pa4lgnz2nd,phase_2,2
0.3836761876572443,0.9800385728061717,5.602535832414554,232,2.3479642524057653,0.9950337512054002,7.867708730461304,233,mmh0pa4lgnz2nd,phase_3,3
0.5930627120774161,0.9752066115702479,6.6247600767754315,218,2.555579129951744,0.992300628664265,9.903419104688052,219,mmh0pa4lgnz2nd,phase_4,4
0.3140096618357488,0.9035897435897436,3.8106599693037535,44,1.7896955743241236,0.9853680727874277,4.750418693675732,621,mmh0pj6zqdvwmg,full_session,0
0.31122779077290597,0.9837690893099864,5.768401312705111,275,2.3524875078848364,0.9962421044215239,8.023180940115905,284,mmh0pj6zqdvwmg,phase_1,1
0.2816457477345641,0.9779509725552891,5.25823782234957,326,2.1964298207519612,0.9951039168665068,7.531383917317872,327,mmh0pj6zqdvwmg,phase_2,2
0.2970917745399663,0.9693890842777126,5.3908004346251355,321,2.243921665753162,0.9938452520515827,7.465508806262231,322,mmh0pj6zqdvwmg,phase_3,3
0.4299251237361987,0.9888812358555544,8.361064891846922,307,2.830587315383322,0.9979582800354226,12.452117863720074,308,mmh0pj6zqdvwmg,phase_4,4
0.37324796483595346,0.979862008191386,8.343992495949518,731,2.8654051736543735,0.9923043029811438,13.104006876487702,732,mmh0pjhqfbciu8,full_session,0
0.5166712593000826,0.9957333333333334,13.166431593794076,190,3.0397852452982215,0.99888,18.956477732793523,191,mmh0pjhqfbciu8,phase_1,1
0.5972784470565283,0.990854156459252,9.10960960960961,202,2.955960288335178,0.9973869018455006,13.161637931034482,203,mmh0pjhqfbciu8,phase_2,2
0.38419923097558795,0.9840567904107995,6.0486409155937055,211,2.464080234213856,0.9960432910508553,8.61066398390342,212,mmh0pjhqfbciu8,phase_3,3
0.5662222222222222,0.9477461314196008,7.324090121317158,125,2.6834048530296575,0.9706212155191747,10.543239951278927,126,mmh0pjhqfbciu8,phase_4,4
0.3154841891762669,0.9448827062511466,7.7678032786885245,887,2.8073390995974465,0.9677033397410844,12.266316161973611,892,mmh0puch6r88f0,full_session,0
0.5244871070958027,0.9633962534988876,7.5750564334085775,226,2.7252256490935016,0.9789349027488696,11.116136919315403,231,mmh0puch6r88f0,phase_1,1
0.5306882246569514,0.9615153337342153,8.872379778051789,237,2.9078562452383503,0.9778178659718046,13.353102189781023,238,mmh0puch6r88f0,phase_2,2
0.4301587301587302,0.9567343173431734,7.745332337565348,224,2.7576968792213465,0.9730166051660517,11.31706008583691,225,mmh0puch6r88f0,phase_3,3
0.526431831000359,0.9187688711405474,10.917824074074074,197,3.0407854545845012,0.9484756988409467,17.577617328519857,198,mmh0puch6r88f0,phase_4,4
0.28505595786701776,0.8976945828775171,3.7616298811544993,42,1.7752483364168443,0.9833880312791216,4.5628613056351925,589,mmh0r154h7irg3,full_session,0
0.3555896565234426,0.9843907813791204,7.55,242,2.6970540889637764,0.9943990450830962,11.028513238289205,248,mmh0r154h7irg3,phase_1,1
0.38790590468442815,0.9905044856110917,6.283444198078344,297,2.4821722058825886,0.9979028311779098,9.001576458223857,298,mmh0r154h7irg3,phase_2,2
0.25438981104499425,0.96913985554826,5.28795342588446,309,2.2398447762228626,0.9946651346027577,7.122538936232736,310,mmh0r154h7irg3,phase_3,3
0.24735202492211839,0.9639483627204031,4.834583497828661,320,2.1116054010536365,0.9932304785894207,6.3679031037093115,321,mmh0r154h7irg3,phase_4,4
0.3212117756347662,0.9700663466445758,7.053837465712903,911,2.6823231077646787,0.9851589138972922,11.09198034643571,918,mmh0r34rqnesgg,full_session,0
0.45710801557150227,0.9840960394007798,7.005843681519357,200,2.6306800509855783,0.9941001436486764,9.972722593926918,207,mmh0r34rqnesgg,phase_1,1
0.3751032448377581,0.9834329453706616,7.004480955937266,225,2.6211344397087006,0.9946524064171123,9.90187891440501,226,mmh0r34rqnesgg,phase_2,2
0.36459051559028577,0.9873923093086783,7.257142857142857,228,2.671757785556639,0.9939062828325278,10.898617511520737,229,mmh0r34rqnesgg,phase_3,3
0.6103553921568627,0.9581869290231905,9.473449131513648,255,3.002286970275346,0.9727186025499448,14.969872537659327,256,mmh0r34rqnesgg,phase_4,4
0.43679008634053307,0.9706505490250906,6.2559090594025095,649,2.528388101759175,0.9890087435337642,9.416444808519353,653,mmh0rqn6g1cadb,full_session,0
0.40038700314440057,0.9534836890857833,4.628543499511242,154,2.0530608227424603,0.9869109947643979,6.14930991217064,158,mmh0rqn6g1cadb,phase_1,1
0.6524759793052476,0.995129134571817,7.692644483362522,164,2.7157750512796386,0.9964884458541006,10.975670617592016,165,mmh0rqn6g1cadb,phase_2,2
0.43659410305869384,0.9742489270386266,5.4582743988684586,190,2.2980598523416305,0.9949507700075738,7.575204228736185,191,mmh0rqn6g1cadb,phase_3,3
0.7050359712230215,0.9648033126293996,8.675531914893616,138,2.8557351769327948,0.9798876072167998,13.426545086119555,139,mmh0rqn6g1cadb,phase_4,4
0.3004891575619766,0.9752977047389131,5.894213179850979,945,2.4526400367658368,0.9943301366525659,8.893034004621988,950,mmh0tro0khha5x,full_session,0
0.5042499758524099,0.9647543338760655,6.545159194282001,199,2.559237803731459,0.9850110142706637,9.74372335386073,204,mmh0tro0khha5x,phase_1,1
0.4490988637847721,0.9884405670665213,7.15955766192733,247,2.6688119787567945,0.9961468556888404,10.236832274934628,248,mmh0tro0khha5x,phase_2,2
0.34626904973503175,0.9879277566539924,6.7355800388852884,246,2.585036196223349,0.9970532319391635,10.013365155131265,247,mmh0tro0khha5x,phase_3,3
0.4387250996015936,0.9716672720668362,5.7182556648140235,250,2.3825484017796708,0.9953505266981475,8.078419811320755,251,mmh0tro0khha5x,phase_4,4
0.2374292451913925,0.9757342714554529,5.830839933509338,717,2.429268381586059,0.9940685592735008,8.413308406037945,718,mmh0uacrkmrg83,full_session,0
0.2154503105590062,0.9772972972972973,5.349112426035503,160,2.209494002871799,0.9884684684684685,6.356894553881808,161,mmh0uacrkmrg83,phase_1,1
0.3675464320625611,0.9943679599499374,7.149606299212598,186,2.618102803664085,0.9978097622027534,9.965625,187,mmh0uacrkmrg83,phase_2,2
0.3189336978810663,0.9737105300757251,5.37037037037037,209,2.282239495758474,0.9926418059722818,7.313157894736842,210,mmh0uacrkmrg83,phase_3,3
0.4617138364779874,0.9676485612123276,6.585168018539977,159,2.559882392462667,0.9859526647369318,9.523848684210526,160,mmh0uacrkmrg83,phase_4,4
0.35375399098120536,0.9702904888624225,6.009739511295528,775,2.48466369652834,0.9917282319444702,8.864723250301493,780,mmh0ueb9o9dis7,full_session,0
0.2816041848299913,0.9634674922600619,5.466042154566745,181,2.2706153085167395,0.9851393188854489,7.177443609022556,186,mmh0ueb9o9dis7,phase_1,1
0.523743842364532,0.9760471532480561,7.667980295566503,174,2.733492745164269,0.9896538750940557,10.671399594320487,175,mmh0ueb9o9dis7,phase_2,2
0.3528855721393035,0.96870153672635,5.730608840700584,200,2.3805982094707927,0.9883688143239814,8.067318757192174,201,mmh0ueb9o9dis7,phase_3,3
0.4619709973364901,0.972636588267594,6.186263096623981,217,2.499823207861528,0.9940056740184863,8.512147335423197,218,mmh0ueb9o9dis7,phase_4,4
0.32613501776549547,0.9083300188493264,3.8418665886483323,31,1.8336473571033722,0.9787642450758296,4.891241412090049,596,mmh0vbvu4yn6l1,full_session,0
0.4448782084248913,0.9770374651883769,5.899111675126903,285,2.4269207207905605,0.9952971467605486,8.331427314712998,293,mmh0vbvu4yn6l1,phase_1,1
0.3470273201816826,0.9896464153154914,5.683620044876589,297,2.358579325926324,0.9979813765709449,8.154296355413674,298,mmh0vbvu4yn6l1,phase_2,2
0.37518394648829434,0.9786058120877161,5.72964509394572,299,2.3642366458430244,0.9959885897664468,8.262016268178456,300,mmh0vbvu4yn6l1,phase_3,3
0.37130434782608696,0.9852278868672312,6.757413509060956,299,2.5568512962416063,0.9971476610820873,9.90190816935003,300,mmh0vbvu4yn6l1,phase_4,4
0.25158812932587465,0.979976132152503,5.741591226908074,795,2.401983942519093,0.997047924125369,8.531656454907019,796,mmh0vh7gck5q8n,full_session,0
0.2877736978104175,0.9676275992438563,4.811985898942421,171,2.062828494325617,0.9872400756143668,6.605533596837945,172,mmh0vh7gck5q8n,phase_1,1
0.32531824611032534,0.9937031484257871,6.715298885511651,202,2.5128500135792233,0.9976011994002999,9.385049365303244,203,mmh0vh7gck5q8n,phase_2,2
0.40979689366786143,0.9809454394002499,6.782577393808495,216,2.5893745721517876,0.9959391920033319,9.671385237613752,217,mmh0vh7gck5q8n,phase_3,3
0.3212112431179368,0.9788001804239964,5.655951346655082,203,2.3122045525283204,0.994361750112765,7.958483754512636,204,mmh0vh7gck5q8n,phase_4,4
0.33284548085992127,0.926421731483291,4.411819450907399,84,2.055795053774226,0.962937267930428,6.442243577171994,555,mmh0wavycmn4y3,full_session,0
0.5027003818950128,0.9492043513440619,6.941485864562788,293,2.647492998114867,0.9740852288051784,10.498788759689923,298,mmh0wavycmn4y3,phase_1,1
0.4739445469372477,0.9854451088796119,7.678241758241758,273,2.769856218859434,0.9963330700665689,11.213333333333333,274,mmh0wavycmn4y3,phase_2,2
0.32067122067122067,0.9843475039362786,6.045506257110353,259,2.4437883813275687,0.9973140687227934,8.768729641693811,260,mmh0wavycmn4y3,phase_3,3
0.4792873282601356,0.9561070770564647,7.157809330628803,277,2.6869466340636223,0.9776471225750515,11.05484068627451,278,mmh0wavycmn4y3,phase_4,4
0.4205801693154138,0.9526548134947956,5.4983637213651235,85,2.3314951626003473,0.9790476961915948,8.073587531310883,594,mmh0x9u4kgtvxn,full_session,0
0.8223435446365382,0.966633062037424,15.398354876615747,311,3.28049856634358,0.9776119402985075,26.683557046979868,315,mmh0x9u4kgtvxn,phase_1,1
0.3152915718803751,0.9764188297404311,6.381253594019552,268,2.507996036746801,0.9922569291684998,8.677953058868797,269,mmh0x9u4kgtvxn,phase_2,2
0.4286052849863728,0.9693668786286979,7.161356209150327,290,2.6887625074862678,0.987641692009953,10.654041157172681,291,mmh0x9u4kgtvxn,phase_3,3
0.4509234067111881,0.9706541116240801,8.88865634156551,311,2.9098759483693293,0.9864240983681491,13.130514146638271,312,mmh0x9u4kgtvxn,phase_4,4
0.2887716992876409,0.9799897014621529,6.565262735659847,754,2.593248200932199,0.9937011268516411,9.760174076687838,761,mmh0yegg0emahk,full_session,0
0.3572603866721514,0.9648819804260219,5.724043715846994,214,2.3614187385672794,0.9838802533103052,7.934076137418756,221,mmh0yegg0emahk,phase_1,1
0.5648514056224899,0.9962459473295034,9.714364947310038,249,3.025831056552974,0.9989192878675843,14.100361300682456,250,mmh0yegg0emahk,phase_2,2
0.22696938424492605,0.9769627159745378,6.294921875,170,2.3428622234467653,0.9887844801454987,8.064276885043263,171,mmh0yegg0emahk,phase_3,3
0.47927645634524996,0.9702823179791976,7.082429501084599,118,2.5900915314954727,0.9851411589895989,9.75,119,mmh0yegg0emahk,phase_4,4
0.39201613558220755,0.9628795778976375,6.9764323242431825,859,2.6745204073142563,0.9799653312522877,11.189811529059222,860,mmh115pr1lsvkw,full_session,0
0.30153795811518325,0.9848073792729246,6.3093858632676705,191,2.4882677805161713,0.9949357930909749,8.697233201581028,192,mmh115pr1lsvkw,phase_1,1
0.44188034188034186,0.989261655439205,6.992927864214993,260,2.636115407395334,0.9960981791502701,10.392832289491997,261,mmh115pr1lsvkw,phase_2,2
0.5280197444831591,0.9365777655576941,7.785904761904762,287,2.7770397708211885,0.9592383832829254,12.508216313116224,288,mmh115pr1lsvkw,phase_3,3
0.4896738356359493,0.9680046538685282,6.007220216606498,118,2.40328944276052,0.9880744618964514,8.346437346437346,119,mmh115pr1lsvkw,phase_4,4
0.35622731648761546,0.9749023288422505,6.095302060871717,993,2.5050591812296767,0.9926160039351158,9.295687395758875,997,mmh16ou0ocswzc,full_session,0
0.47386642156862746,0.9712937221180578,6.1019496344435415,252,2.4706790233746414,0.9901079718109523,8.963418203102137,256,mmh16ou0ocswzc,phase_1,1
0.5288573649436455,0.9923449078326904,6.757297748123436,248,2.5964120656984644,0.9981321575111765,9.733353239773066,249,mmh16ou0ocswzc,phase_2,2
0.3504492939666239,0.977270592655208,6.219366407650926,246,2.480551144961879,0.9931436085282239,9.002979991485738,247,mmh16ou0ocswzc,phase_3,3
0.47644697223151555,0.97198230461344,6.504699248120301,244,2.5473376104208225,0.9894319219155958,9.598433242506813,245,mmh16ou0ocswzc,phase_4,4
0.3187321319799211,0.981956282171105,6.763728080711026,948,2.629135731007179,0.997569294293247,10.309258658593722,949,mmh19xdl74m2p5,full_session,0
0.31134629584051193,0.9767363071710898,6.350220264317181,238,2.5019806462187333,0.992772444946358,8.769077306733166,239,mmh19xdl74m2p5,phase_1,1
0.4507670850767085,0.9943533415841584,9.301736613603474,239,2.943453401059541,0.9983756188118812,13.826459560792715,240,mmh19xdl74m2p5,phase_2,2
0.334933644250883,0.9760417733183168,6.166235446313066,241,2.4758785714759393,0.9938568649534145,8.86079415791876,242,mmh19xdl74m2p5,phase_3,3
0.5020094288584899,0.9786005696251251,6.583635422061108,227,2.5529989895797636,0.995112000615811,9.738229755178908,228,mmh19xdl74m2p5,phase_4,4
0.29207436399217224,0.9024026381909548,3.6664185452998725,30,1.76017997678796,0.9712494765494137,4.585665739882607,512,mmh1cyh0ahaw8s,full_session,0
0.3021501320256507,0.9811599137441834,5.782608695652174,234,2.3839507117838634,0.9951764839405289,8.122742010189903,242,mmh1cyh0ahaw8s,phase_1,1
0.4591940713293191,0.9915271333467823,6.80119926199262,254,2.6165264793464535,0.9973774460359088,10.059003051881994,255,mmh1cyh0ahaw8s,phase_2,2
0.3182904411764706,0.9635191067475214,5.224425887265136,255,2.262717262480728,0.9916257580132832,6.989145183175034,256,mmh1cyh0ahaw8s,phase_3,3
0.2979363126964603,0.9755963302752294,5.319659829914958,270,2.272900482118459,0.9952293577981651,7.11344262295082,271,mmh1cyh0ahaw8s,phase_4,4
0.33421093915190536,0.926998510173677,3.9819409134741823,31,1.8982506642297052,0.9850609196106043,5.320729758033401,542,mmh1eq07kkdfkw,full_session,0
0.30367647058823527,0.9787126715092817,5.575287356321839,255,2.338855944073329,0.9953591606133979,7.69578783151326,256,mmh1eq07kkdfkw,phase_1,1
0.4830638841320059,0.9911674577900619,6.816528925619835,262,2.6314241664671534,0.9969957339421979,9.989765201685731,263,mmh1eq07kkdfkw,phase_2,2
0.3759866220735786,0.9887327284587558,7.662224264705882,299,2.7550706496224056,0.996916325683449,11.686478971150503,300,mmh1eq07kkdfkw,phase_3,3
0.36335048599199543,0.9786782061369,5.98604427333975,264,2.45729167225626,0.9945318646734854,8.678681771369721,265,mmh1eq07kkdfkw,phase_4,4
0.2091973670400192,0.973480504587156,7.4076902099809105,509,2.7154605357693415,0.9916499426605505,10.352038907594464,517,mmh1jfrxrszco0,full_session,0
0.2529683789526309,0.9387351778656127,5.828220858895706,119,2.2665361111198297,0.9740612648221344,6.978761061946902,127,mmh1jfrxrszco0,phase_1,1
0.36247471961757677,0.9837687040324626,8.235668789808917,147,2.7334207575341924,0.9979710880040579,10.220779220779221,148,mmh1jfrxrszco0,phase_2,2
0.4066991626046744,0.9938537185003073,13.820512820512821,126,3.262948438501321,0.9953902888752305,16.958115183246072,127,mmh1jfrxrszco0,phase_3,3
0.5516399694889398,0.9811946902654868,9.12082262210797,114,2.9025166610814748,0.9936393805309734,11.780327868852458,115,mmh1jfrxrszco0,phase_4,4
0.2776524838163076,0.9706511981216767,6.790748233588985,906,2.634135711882505,0.9866203991437056,10.350735793525017,914,mmh1qje9negjr0,full_session,0
0.3535216178521618,0.9790906401025742,6.578528827037774,232,2.5758993884129846,0.9929480224874248,9.417680074836296,240,mmh1qje9negjr0,phase_1,1
0.4880704611950653,0.9798529139113775,7.864583333333333,257,2.7927740490240196,0.9903899635374822,11.663391557496361,258,mmh1qje9negjr0,phase_2,2
0.2837731031128405,0.9778253883235136,6.5246604717655465,256,2.5262862445444676,0.9915907873594001,9.219621513944222,257,mmh1qje9negjr0,phase_3,3
0.7323461507841732,0.960213066637678,12.423347398030943,158,3.1668496116245484,0.9726057180128275,18.038306451612904,159,mmh1qje9negjr0,phase_4,4
0.24435221019437744,0.866918309571782,3.5776234080623093,38,1.696590072384129,0.97976229947206,3.939647215670188,567,mmh1sestgp7zew,full_session,0
0.2611303539748247,0.9796182465221611,6.060040026684456,257,2.423553163076357,0.9940148819152378,8.128306878306878,267,mmh1sestgp7zew,phase_1,1
0.24635445179913404,0.981919191919192,5.3382756727073035,283,2.239249735512605,0.9954545454545455,7.011739594450374,284,mmh1sestgp7zew,phase_2,2
0.2603030664598497,0.9605793912724606,4.791037951531779,289,2.02022789972805,0.9926659332599926,6.134844192634561,290,mmh1sestgp7zew,phase_3,3
0.29532081156145557,0.9734597911851438,5.844019138755981,291,2.410300833074163,0.9945405276161632,8.05324298160697,292,mmh1sestgp7zew,phase_4,4
0.37670372539244734,0.9620961263963292,6.704413659793815,955,2.6223424126030173,0.9818628895708004,10.440883672340687,959,mmh1tezp242ppu,full_session,0
0.3770746887966805,0.9452544704264099,5.629710540688149,237,2.3551859498103664,0.9729023383768913,7.821231109472908,241,mmh1tezp242ppu,phase_1,1
0.6782906599350883,0.9926630868201393,8.459900317172632,235,2.8806700528479143,0.9969961188792599,12.564489112227806,236,mmh1tezp242ppu,phase_2,2
0.3673236514522822,0.9725124729360821,5.752227171492205,240,2.398718599215912,0.9890802974677586,8.348827969805324,241,mmh1tezp242ppu,phase_3,3
0.7019017980636237,0.9659589142322282,9.454194792671167,240,2.9469656673352307,0.9794324843588355,15.471984435797665,241,mmh1tezp242ppu,phase_4,4
0.2879527521693866,0.9803427419354839,6.021313329761267,844,2.4750492461581093,0.9968401054590571,9.012926690329083,847,mmh1wzqpu4iob1,full_session,0
0.3465333623125407,0.9735323632714501,6.258870967741935,212,2.455512387413399,0.9889613647767185,8.89841986455982,215,mmh1wzqpu4iob1,phase_1,1
0.32313161759023107,0.9873236067926333,6.1246290801186944,227,2.4018216157818575,0.9954556326237742,8.546201232032855,228,mmh1wzqpu4iob1,phase_2,2
0.32379917409258857,0.9766411598872332,5.583269378357636,214,2.344772453962941,0.9928849510001343,7.830598200105876,215,mmh1wzqpu4iob1,phase_3,3
0.41472475515028706,0.9808631921824105,6.564032697547684,188,2.56790579690545,0.995928338762215,9.235997482693518,189,mmh1wzqpu4iob1,phase_4,4
0.41450252051530534,0.9416441451103199,8.809042873386396,816,2.952309696610868,0.9644802882759212,14.438403082521674,822,mmh250jg0prrne,full_session,0
0.6936319056273791,0.9564443565531221,11.221577726218097,236,3.156828160575456,0.9686557571562763,18.116504854368934,242,mmh250jg0prrne,phase_1,1
0.4155489440569673,0.9735915492957746,8.395748987854251,202,2.8582572127514534,0.9856220657276995,11.386440677966101,203,mmh250jg0prrne,phase_2,2
0.4274322169059011,0.9582089552238806,8.760233918128655,209,2.8687277191199487,0.975639658848614,12.736951983298539,210,mmh250jg0prrne,phase_3,3
0.6288868047038453,0.9515888493747849,11.00132625994695,166,3.047163835736403,0.9691981186187909,16.897,167,mmh250jg0prrne,phase_4,4
0.38076824152335675,0.8956955184943631,11.757236037505097,819,3.2237043938110617,0.9376145221901301,20.452366838851724,823,mmh28cu87aoonk,full_session,0
0.6063759769642123,0.9607217963503154,15.984198645598195,217,3.49192725814686,0.9729326368631708,23.70578512396694,221,mmh28cu87aoonk,phase_1,1
0.6242910122164049,0.9617366995719403,27.730478589420656,191,3.5378039685500373,0.9789464488512274,32.95882352941177,192,mmh28cu87aoonk,phase_2,2
0.6571428571428571,0.9875603864734299,17.873224043715847,224,3.3441082513090703,0.9931159420289855,26.78501628664495,225,mmh28cu87aoonk,phase_3,3
0.5215041128084607,0.8717890941865706,8.655480984340045,184,2.8927898241780663,0.9133618747183416,13.32292522596549,185,mmh28cu87aoonk,phase_4,4
