session_id,E,lib_size,rho_reward_causes_choice,rho_choice_causes_reward
mmgkzukxb91bym,3,20,0.12815400000000005,0.09840850000000001
mmgkzukxb91bym,3,62,0.11704,0.101539
mmgkzukxb91bym,3,105,0.183324,0.1059755
mmgkzukxb91bym,3,147,0.20413750000000003,0.1397065
mmgkzukxb91bym,3,190,0.23289449999999995,0.15376099999999998
mmglwqjl2idcz3,2,20,0.7152364999999999,-0.0248595
mmglwqjl2idcz3,2,62,0.7130515,0.0142645
mmglwqjl2idcz3,2,105,0.7263814999999999,0.020044500000000003
mmglwqjl2idcz3,2,147,0.7419070000000001,0.058280999999999986
mmglwqjl2idcz3,2,190,0.762033,0.056335
mmgnnwif7rgnag,2,20,0.0376355,0.0275845
mmgnnwif7rgnag,2,62,0.07993099999999999,0.10462300000000002
mmgnnwif7rgnag,2,105,0.141855,0.1839545
mmgnnwif7rgnag,2,147,0.196188,0.24675899999999995
mmgnnwif7rgnag,2,190,0.24931200000000003,0.29101600000000005
mmgp4bc84vs4qt,5,20,0.0022930000000000025,0.1598995
mmgp4bc84vs4qt,5,62,0.08968649999999997,0.22569599999999998
mmgp4bc84vs4qt,5,105,0.118507,0.25379349999999995
mmgp4bc84vs4qt,5,147,0.1447595,0.25082649999999995
mmgp4bc84vs4qt,5,190,0.16568750000000004,0.2542475
mmgp4tj5hwk1cr,2,20,0.1925335,0.005334
mmgp4tj5hwk1cr,2,62,0.2658905000000001,-0.023202000000000007
mmgp4tj5hwk1cr,2,105,0.36350849999999996,-0.024580499999999998
mmgp4tj5hwk1cr,2,147,0.437504,0.028118000000000004
mmgp4tj5hwk1cr,2,190,0.4938429999999999,0.0669395
mmgp5kmoz5itw5,2,20,0.2811475,0.237856
mmgp5kmoz5itw5,2,62,0.33320200000000005,0.2361145
mmgp5kmoz5itw5,2,105,0.3779895,0.24581599999999998
mmgp5kmoz5itw5,2,147,0.4185924999999999,0.3096735
mmgp5kmoz5itw5,2,190,0.46543799999999996,0.347079
mmgp92mez7ni28,4,20,-0.0015875000000000038,0.015740499999999998
mmgp92mez7ni28,4,62,-0.006968499999999997,0.07345199999999999
mmgp92mez7ni28,4,105,0.016231,0.083029
mmgp92mez7ni28,4,147,0.056601,0.09714199999999998
mmgp92mez7ni28,4,190,0.096476,0.137552
mmgp978syi159c,2,20,0.066378,-0.017069999999999995
mmgp978syi159c,2,62,0.1840045,0.0035714999999999996
mmgp978syi159c,2,105,0.27459500000000003,0.0722405
mmgp978syi159c,2,147,0.35598199999999997,0.1097195
mmgp978syi159c,2,190,0.40265300000000004,0.17676149999999996
mmgp9zmmm2qlbz,5,20,0.23865150000000002,0.0033599999999999993
mmgp9zmmm2qlbz,5,62,0.3203705,-0.037332
mmgp9zmmm2qlbz,5,105,0.37185199999999996,-0.021088000000000003
mmgp9zmmm2qlbz,5,147,0.40635899999999997,-0.0513305
mmgp9zmmm2qlbz,5,190,0.42628049999999995,-0.105091
mmgpaypnopkm1q,4,20,0.15376,0.23786949999999996
mmgpaypnopkm1q,4,62,0.176665,0.32489200000000007
mmgpaypnopkm1q,4,105,0.22146349999999998,0.35583850000000006
mmgpaypnopkm1q,4,147,0.2358275,0.3611290000000001
mmgpaypnopkm1q,4,190,0.25982800000000006,0.361853
mmgpciu4e2yunz,2,20,0.250739,0.008636
mmgpciu4e2yunz,2,62,0.31039500000000003,0.018433999999999996
mmgpciu4e2yunz,2,105,0.3478880000000001,0.11564800000000001
mmgpciu4e2yunz,2,147,0.387211,0.1570315
mmgpciu4e2yunz,2,190,0.43258100000000005,0.19433849999999997
mmgpgi4g1jzpv2,4,20,0.175664,0.15817199999999998
mmgpgi4g1jzpv2,4,62,0.211104,0.1375165
mmgpgi4g1jzpv2,4,105,0.23802999999999996,0.15721049999999998
mmgpgi4g1jzpv2,4,147,0.22979450000000004,0.2032775
mmgpgi4g1jzpv2,4,190,0.2542015,0.2151245
mmgpiq4ct3r8s1,2,20,0.3548915,0.3131585
mmgpiq4ct3r8s1,2,62,0.356053,0.250113
mmgpiq4ct3r8s1,2,105,0.423671,0.3154215
mmgpiq4ct3r8s1,2,147,0.44017350000000005,0.34301899999999996
mmgpiq4ct3r8s1,2,190,0.4514195,0.3905215
mmgpqa16u4u07b,6,20,-0.038902000000000006,0.09331949999999999
mmgpqa16u4u07b,6,62,-0.05679200000000001,0.179878
mmgpqa16u4u07b,6,105,-0.087057,0.13872299999999999
mmgpqa16u4u07b,6,147,-0.113578,0.12797599999999995
mmgpqa16u4u07b,6,190,-0.13433599999999996,0.11464049999999999
mmgpy8l4xh9nto,2,20,0.22137199999999999,0.147061
mmgpy8l4xh9nto,2,62,0.2825935,0.206613
mmgpy8l4xh9nto,2,105,0.2938135,0.3004895
mmgpy8l4xh9nto,2,147,0.2834165,0.3379710000000001
mmgpy8l4xh9nto,2,190,0.29768150000000004,0.384066
mmgq3qouddjc6z,5,20,0.07732599999999999,0.031896
mmgq3qouddjc6z,5,62,0.0704085,0.0425855
mmgq3qouddjc6z,5,105,0.06980549999999999,0.047893500000000006
mmgq3qouddjc6z,5,147,0.029665499999999994,0.0165225
mmgq3qouddjc6z,5,190,0.036869,0.021345499999999996
mmgqyc7ozjls4u,2,20,-0.020360499999999997,0.078212
mmgqyc7ozjls4u,2,62,0.065271,0.08018650000000001
mmgqyc7ozjls4u,2,105,0.111398,0.13965249999999998
mmgqyc7ozjls4u,2,147,0.14481249999999998,0.19190049999999997
mmgqyc7ozjls4u,2,190,0.16519499999999998,0.23398149999999998
mmgr4s188ypj5i,2,20,-0.030954000000000002,-0.03386550000000001
mmgr4s188ypj5i,2,62,0.014173,0.0237625
mmgr4s188ypj5i,2,105,0.09852400000000001,0.09248949999999999
mmgr4s188ypj5i,2,147,0.14819200000000002,0.1381995
mmgr4s188ypj5i,2,190,0.21810649999999998,0.210858
mmgr4wtlfg07a6,2,20,0.009525000000000002,-0.036145
mmgr4wtlfg07a6,2,62,0.0880945,-0.030619999999999998
mmgr4wtlfg07a6,2,105,0.1355415,0.027902500000000004
mmgr4wtlfg07a6,2,147,0.19232349999999998,0.09139749999999999
mmgr4wtlfg07a6,2,190,0.228517,0.1406175
mmgr8c41csnx7y,2,20,0.19899050000000001,-0.0342695
mmgr8c41csnx7y,2,62,0.294643,-0.010487
mmgr8c41csnx7y,2,105,0.32753050000000006,0.0439505
mmgr8c41csnx7y,2,147,0.3686875,0.12275150000000001
mmgr8c41csnx7y,2,190,0.4235355,0.21557900000000002
mmh0l2c7syhpy7,2,20,-0.033761,-0.013838
mmh0l2c7syhpy7,2,62,0.021241499999999996,0.09687549999999999
mmh0l2c7syhpy7,2,105,0.0912395,0.14111100000000001
mmh0l2c7syhpy7,2,147,0.147444,0.1731945
mmh0l2c7syhpy7,2,190,0.1638375,0.234948
mmh0l48d4j1y4y,3,20,0.3817675,0.061764000000000006
mmh0l48d4j1y4y,3,62,0.44237649999999995,0.14993799999999996
mmh0l48d4j1y4y,3,105,0.45822850000000004,0.210254
mmh0l48d4j1y4y,3,147,0.4949024999999999,0.305927
mmh0l48d4j1y4y,3,190,0.5321589999999998,0.3564965
mmh0le5hn8utpd,2,20,0.011029500000000001,0.0765275
mmh0le5hn8utpd,2,62,0.022537,0.153253
mmh0le5hn8utpd,2,105,0.050419000000000005,0.1910115
mmh0le5hn8utpd,2,147,0.10915250000000001,0.2704955
mmh0le5hn8utpd,2,190,0.128858,0.2879825
mmh0lgop76n6ez,2,20,0.004987000000000001,0.04361550000000001
mmh0lgop76n6ez,2,62,0.047828999999999997,0.08088700000000001
mmh0lgop76n6ez,2,105,0.11177650000000001,0.137369
mmh0lgop76n6ez,2,147,0.171587,0.17385650000000002
mmh0lgop76n6ez,2,190,0.21155999999999997,0.21536150000000004
mmh0lku3ip54e4,2,20,0.24550650000000007,0.18771050000000003
mmh0lku3ip54e4,2,62,0.355883,0.263136
mmh0lku3ip54e4,2,105,0.3973765000000001,0.3205565
mmh0lku3ip54e4,2,147,0.43175500000000006,0.39902699999999997
mmh0lku3ip54e4,2,190,0.448386,0.438211
mmh0lpcdm9wdcu,2,20,0.464407,0.14715250000000002
mmh0lpcdm9wdcu,2,62,0.4318345,0.18819249999999998
mmh0lpcdm9wdcu,2,105,0.441106,0.1744105
mmh0lpcdm9wdcu,2,147,0.459471,0.21674500000000005
mmh0lpcdm9wdcu,2,190,0.4976514999999999,0.20150700000000002
mmh0m3latwun95,2,20,0.08081050000000001,0.039233
mmh0m3latwun95,2,62,0.17041099999999998,0.09413049999999999
mmh0m3latwun95,2,105,0.21324750000000003,0.145032
mmh0m3latwun95,2,147,0.24311600000000003,0.20664449999999998
mmh0m3latwun95,2,190,0.2777835,0.24999100000000002
mmh0mm0schxk59,2,20,0.22650099999999998,0.084551
mmh0mm0schxk59,2,62,0.321346,0.167099
mmh0mm0schxk59,2,105,0.39340800000000004,0.18198650000000002
mmh0mm0schxk59,2,147,0.39851349999999996,0.19517900000000002
mmh0mm0schxk59,2,190,0.432136,0.23446350000000002
mmh0mmptqfyu87,6,20,0.145033,0.060221000000000004
mmh0mmptqfyu87,6,62,0.30022399999999994,0.022314
mmh0mmptqfyu87,6,105,0.41433099999999995,0.006037499999999999
mmh0mmptqfyu87,6,147,0.43030549999999995,0.058925000000000005
mmh0mmptqfyu87,6,190,0.44432,0.05810350000000001
mmh0nnjg95y0zn,5,20,-0.020621500000000004,0.03735
mmh0nnjg95y0zn,5,62,0.008849,0.06689300000000001
mmh0nnjg95y0zn,5,105,-0.022986500000000003,0.06191
mmh0nnjg95y0zn,5,147,-0.038322499999999995,0.0500955
mmh0nnjg95y0zn,5,190,-0.009552499999999998,0.013048
mmh0ocgvf4p325,5,20,0.04165399999999999,-0.0010385000000000006
mmh0ocgvf4p325,5,62,0.08694850000000001,0.012319
mmh0ocgvf4p325,5,105,0.109894,0.0291725
mmh0ocgvf4p325,5,147,0.12721200000000002,0.017016000000000003
mmh0ocgvf4p325,5,190,0.12075199999999997,0.027638000000000003
mmh0opq734nw1a,2,20,0.0008609999999999986,0.019720500000000002
mmh0opq734nw1a,2,62,-0.0011264999999999997,0.0775075
mmh0opq734nw1a,2,105,0.06154599999999999,0.10725050000000003
mmh0opq734nw1a,2,147,0.09049650000000001,0.16173200000000001
mmh0opq734nw1a,2,190,0.18811700000000003,0.214385
mmh0ozswma6i3j,3,20,0.0038080000000000015,0.0303475
mmh0ozswma6i3j,3,62,0.010440499999999998,0.0357935
mmh0ozswma6i3j,3,105,0.011398,0.026513000000000002
mmh0ozswma6i3j,3,147,0.042355500000000004,0.06676050000000003
mmh0ozswma6i3j,3,190,0.0680285,0.0938455
mmh0pa4lgnz2nd,6,20,0.0883955,0.265221
mmh0pa4lgnz2nd,6,62,0.1886625,0.3599695
mmh0pa4lgnz2nd,6,105,0.2068895,0.36998000000000003
mmh0pa4lgnz2nd,6,147,0.21033849999999998,0.35566600000000004
mmh0pa4lgnz2nd,6,190,0.214939,0.34067900000000007
mmh0pj6zqdvwmg,5,20,0.045879500000000004,0.0351105
mmh0pj6zqdvwmg,5,62,0.053991,0.1438575
mmh0pj6zqdvwmg,5,105,0.06514299999999998,0.165462
mmh0pj6zqdvwmg,5,147,0.1028185,0.2092605
mmh0pj6zqdvwmg,5,190,0.088192,0.231758
mmh0pjhqfbciu8,2,20,0.23321899999999998,0.2125695
mmh0pjhqfbciu8,2,62,0.297057,0.27563649999999995
mmh0pjhqfbciu8,2,105,0.3690855,0.32610500000000003
mmh0pjhqfbciu8,2,147,0.377469,0.339225
mmh0pjhqfbciu8,2,190,0.41232050000000003,0.32914699999999997
mmh0puch6r88f0,2,20,0.176681,0.0591325
mmh0puch6r88f0,2,62,0.2659595,0.12987200000000002
mmh0puch6r88f0,2,105,0.327746,0.1878355
mmh0puch6r88f0,2,147,0.375732,0.21991199999999997
mmh0puch6r88f0,2,190,0.41336950000000006,0.2230125
mmh0r154h7irg3,2,20,0.02703,0.0445385
mmh0r154h7irg3,2,62,0.038525,0.034304
mmh0r154h7irg3,2,105,0.087802,0.06212949999999999
mmh0r154h7irg3,2,147,0.11133549999999999,0.08966400000000001
mmh0r154h7irg3,2,190,0.176959,0.16478299999999999
mmh0r34rqnesgg,4,20,0.4048625,0.07750750000000002
mmh0r34rqnesgg,4,62,0.473996,0.062397499999999995
mmh0r34rqnesgg,4,105,0.4910525,0.0302465
mmh0r34rqnesgg,4,147,0.5109410000000001,0.03990300000000001
mmh0r34rqnesgg,4,190,0.541648,0.0343135
mmh0rqn6g1cadb,2,20,0.010880500000000001,0.12596250000000003
mmh0rqn6g1cadb,2,62,0.07530900000000001,0.1687475
mmh0rqn6g1cadb,2,105,0.1459765,0.204929
mmh0rqn6g1cadb,2,147,0.176482,0.20183649999999997
mmh0rqn6g1cadb,2,190,0.1848015,0.20069900000000002
mmh0tro0khha5x,2,20,0.023374999999999996,0.06422799999999998
mmh0tro0khha5x,2,62,0.102832,0.062731
mmh0tro0khha5x,2,105,0.15101,0.08629700000000001
mmh0tro0khha5x,2,147,0.2183875,0.10496449999999999
mmh0tro0khha5x,2,190,0.27864,0.13002350000000001
mmh0uacrkmrg83,3,20,0.36822499999999997,0.273552
mmh0uacrkmrg83,3,62,0.35889899999999997,0.37506000000000006
mmh0uacrkmrg83,3,105,0.39255549999999995,0.4766225000000001
mmh0uacrkmrg83,3,147,0.38464950000000003,0.551871
mmh0uacrkmrg83,3,190,0.408172,0.6222174999999999
mmh0ueb9o9dis7,3,20,0.12358900000000002,0.011572999999999998
mmh0ueb9o9dis7,3,62,0.0715085,0.09338450000000001
mmh0ueb9o9dis7,3,105,0.05999249999999999,0.14648200000000003
mmh0ueb9o9dis7,3,147,0.0989305,0.1910965
mmh0ueb9o9dis7,3,190,0.13798000000000002,0.24964849999999994
mmh0vbvu4yn6l1,4,20,0.045537,0.04571900000000001
mmh0vbvu4yn6l1,4,62,0.133469,0.120555
mmh0vbvu4yn6l1,4,105,0.17527949999999998,0.1659425
mmh0vbvu4yn6l1,4,147,0.200467,0.2122205
mmh0vbvu4yn6l1,4,190,0.202055,0.223944
mmh0vh7gck5q8n,5,20,0.11542300000000003,0.255675
mmh0vh7gck5q8n,5,62,0.12070449999999996,0.38911650000000003
mmh0vh7gck5q8n,5,105,0.0743165,0.4079515000000001
mmh0vh7gck5q8n,5,147,0.030601,0.45362850000000005
mmh0vh7gck5q8n,5,190,-0.0319965,0.46569400000000005
mmh0wavycmn4y3,3,20,0.2920785,-0.02341
mmh0wavycmn4y3,3,62,0.26475100000000007,-0.07565599999999999
mmh0wavycmn4y3,3,105,0.2575925,-0.0521455
mmh0wavycmn4y3,3,147,0.24783950000000005,-0.068062
mmh0wavycmn4y3,3,190,0.24757749999999995,-0.030697999999999996
mmh0x9u4kgtvxn,2,20,0.054849,0.014441500000000001
mmh0x9u4kgtvxn,2,62,0.1018095,0.063883
mmh0x9u4kgtvxn,2,105,0.15285500000000002,0.10282099999999998
mmh0x9u4kgtvxn,2,147,0.1648565,0.13248149999999997
mmh0x9u4kgtvxn,2,190,0.2350415,0.20607550000000002
mmh0yegg0emahk,2,20,0.38312500000000005,0.29530999999999996
mmh0yegg0emahk,2,62,0.4541180000000001,0.32033449999999997
mmh0yegg0emahk,2,105,0.4432735,0.34123
mmh0yegg0emahk,2,147,0.47815599999999997,0.35009000000000007
mmh0yegg0emahk,2,190,0.5123665,0.380973
mmh115pr1lsvkw,4,20,0.178196,0.12824600000000003
mmh115pr1lsvkw,4,62,0.295203,0.12766349999999999
mmh115pr1lsvkw,4,105,0.3087725,0.16826049999999995
mmh115pr1lsvkw,4,147,0.32342550000000003,0.2001455
mmh115pr1lsvkw,4,190,0.3064859999999999,0.25046599999999997
mmh16ou0ocswzc,4,20,0.102264,0.07550050000000001
mmh16ou0ocswzc,4,62,0.16646999999999998,0.1752375
mmh16ou0ocswzc,4,105,0.18789899999999998,0.21597550000000001
mmh16ou0ocswzc,4,147,0.186888,0.25469949999999997
mmh16ou0ocswzc,4,190,0.19642299999999996,0.27459200000000006
mmh19xdl74m2p5,2,20,0.29172750000000003,0.175224
mmh19xdl74m2p5,2,62,0.377441,0.24257850000000003
mmh19xdl74m2p5,2,105,0.4261849999999999,0.3035675
mmh19xdl74m2p5,2,147,0.48368399999999995,0.34671799999999997
mmh19xdl74m2p5,2,190,0.5364644999999999,0.403439
mmh1cyh0ahaw8s,5,20,0.05866800000000001,0.103762
mmh1cyh0ahaw8s,5,62,0.124238,0.25550649999999997
mmh1cyh0ahaw8s,5,105,0.1325865,0.31642549999999997
mmh1cyh0ahaw8s,5,147,0.1584025,0.32913200000000004
mmh1cyh0ahaw8s,5,190,0.1615985,0.34069299999999997
mmh1eq07kkdfkw,3,20,0.11451,0.0841395
mmh1eq07kkdfkw,3,62,0.0857545,0.16529350000000004
mmh1eq07kkdfkw,3,105,0.052901500000000004,0.196694
mmh1eq07kkdfkw,3,147,0.05208999999999999,0.21159849999999997
mmh1eq07kkdfkw,3,190,0.030461,0.239351
mmh1jfrxrszco0,2,20,0.36302749999999995,-0.019705999999999998
mmh1jfrxrszco0,2,62,0.37923900000000005,0.030824
mmh1jfrxrszco0,2,105,0.3745605,0.017484499999999997
mmh1jfrxrszco0,2,147,0.3835205,0.017458
mmh1jfrxrszco0,2,190,0.41085600000000005,0.021249500000000004
mmh1qje9negjr0,2,20,0.268458,0.09383299999999999
mmh1qje9negjr0,2,62,0.3745305,0.094141
mmh1qje9negjr0,2,105,0.4260814999999999,0.13850750000000003
mmh1qje9negjr0,2,147,0.455512,0.19737449999999998
mmh1qje9negjr0,2,190,0.49867999999999996,0.2612045
mmh1sestgp7zew,2,20,0.0021729999999999987,0.034196500000000005
mmh1sestgp7zew,2,62,0.0005894999999999997,0.12239200000000001
mmh1sestgp7zew,2,105,0.072075,0.16997199999999998
mmh1sestgp7zew,2,147,0.11617599999999999,0.21016449999999995
mmh1sestgp7zew,2,190,0.185998,0.2626935
mmh1tezp242ppu,2,20,0.2602305,0.043035000000000004
mmh1tezp242ppu,2,62,0.2790275,0.08651049999999998
mmh1tezp242ppu,2,105,0.34926850000000004,0.1378835
mmh1tezp242ppu,2,147,0.3861925,0.212642
mmh1tezp242ppu,2,190,0.43611049999999996,0.24161649999999998
mmh1wzqpu4iob1,2,20,0.021773999999999998,0.13126800000000002
mmh1wzqpu4iob1,2,62,0.041883500000000004,0.14148849999999996
mmh1wzqpu4iob1,2,105,0.066594,0.1782495
mmh1wzqpu4iob1,2,147,0.10894600000000002,0.20129000000000002
mmh1wzqpu4iob1,2,190,0.15462499999999998,0.24400550000000001
mmh250jg0prrne,2,20,0.09277550000000001,0.06960599999999999
mmh250jg0prrne,2,62,0.1456605,0.0927675
mmh250jg0prrne,2,105,0.17527600000000002,0.1901335
mmh250jg0prrne,2,147,0.24059250000000004,0.23945899999999995
mmh250jg0prrne,2,190,0.24278150000000004,0.2898785
mmh28cu87aoonk,2,20,0.0593805,0.1467815
mmh28cu87aoonk,2,62,0.07452850000000001,0.23996900000000002
mmh28cu87aoonk,2,105,0.15805,0.2986775
mmh28cu87aoonk,2,147,0.18125600000000003,0.30853050000000004
mmh28cu87aoonk,2,190,0.18781250000000002,0.3345965
